Scenario,BatchID,n_points,t_min,t_max,accept_frac,rmse_med_curve,lambda_q025,lambda_q16,lambda_med,lambda_q84,lambda_q975,n_q025,n_q16,n_med,n_q84,n_q975,tau_q025,tau_q16,tau_med,tau_q84,tau_q975,beta_q025,beta_q16,beta_med,beta_q84,beta_q975
S4_lambda_only_tau1_beta1_n1,F1,10,0.0,420.0,0.8075208333333334,0.007983572323480419,0.000707554175109728,0.0007610479628164117,0.0008157990487569053,0.0008719462017358815,0.0009282714131028098,1.0,1.0,1.0,1.0,1.0,1.0,1.0,1.0,1.0,1.0,1.0,1.0,1.0,1.0,1.0
S4_lambda_only_tau1_beta1_n1,F10,10,0.0,420.0,0.8076180555555555,0.00918633447736694,0.0007297300336922347,0.0007831005932899121,0.0008381510810619801,0.0008958644890153185,0.0009540607195658387,1.0,1.0,1.0,1.0,1.0,1.0,1.0,1.0,1.0,1.0,1.0,1.0,1.0,1.0,1.0
S4_lambda_only_tau1_beta1_n1,F11,10,0.0,420.0,0.8084722222222224,0.09477005075372809,0.0034809867591370463,0.0036094492969633548,0.0037452263740877546,0.003881751889307917,0.004020900459342684,1.0,1.0,1.0,1.0,1.0,1.0,1.0,1.0,1.0,1.0,1.0,1.0,1.0,1.0,1.0
S4_lambda_only_tau1_beta1_n1,F12,10,0.0,420.0,0.8072499999999999,0.012024830348960932,0.0009939499147807486,0.0010523556955047701,0.001113732132005352,0.0011751770923839008,0.001236429225219578,1.0,1.0,1.0,1.0,1.0,1.0,1.0,1.0,1.0,1.0,1.0,1.0,1.0,1.0,1.0
S4_lambda_only_tau1_beta1_n1,F13,10,0.0,420.0,0.8042708333333333,0.006647260551983528,0.0005163262297564242,0.0005670681755633168,0.0006200483482013193,0.0006737877612911211,0.0007254119637313734,1.0,1.0,1.0,1.0,1.0,1.0,1.0,1.0,1.0,1.0,1.0,1.0,1.0,1.0,1.0
S4_lambda_only_tau1_beta1_n1,F14,10,0.0,420.0,0.8088125,0.0651711121926941,0.003505517159952581,0.0036236812554867547,0.0037451624314282428,0.003868876989767985,0.0039989271072118845,1.0,1.0,1.0,1.0,1.0,1.0,1.0,1.0,1.0,1.0,1.0,1.0,1.0,1.0,1.0
S4_lambda_only_tau1_beta1_n1,F15,10,0.0,420.0,0.807,0.030721374527036067,0.0038538451917646305,0.003984189879411204,0.004123355720360098,0.004267767193140188,0.00441681136760773,1.0,1.0,1.0,1.0,1.0,1.0,1.0,1.0,1.0,1.0,1.0,1.0,1.0,1.0,1.0
S4_lambda_only_tau1_beta1_n1,F16,10,0.0,420.0,0.8069097222222222,0.03129414345727964,0.0028707942604328557,0.0029693090107112802,0.00307507968118346,0.003183736652140152,0.0032901556978778006,1.0,1.0,1.0,1.0,1.0,1.0,1.0,1.0,1.0,1.0,1.0,1.0,1.0,1.0,1.0
S4_lambda_only_tau1_beta1_n1,F17,10,0.0,420.0,0.806861111111111,0.03887653153859614,0.0034737678772163764,0.003588484868552448,0.0037129432733372823,0.003841494173190072,0.003970869086120816,1.0,1.0,1.0,1.0,1.0,1.0,1.0,1.0,1.0,1.0,1.0,1.0,1.0,1.0,1.0
S4_lambda_only_tau1_beta1_n1,F18,10,0.0,420.0,0.8059791666666666,0.05354636989422566,0.002387914946146994,0.0024743165756444946,0.0025644119502731756,0.002658980801755061,0.002753823772747755,1.0,1.0,1.0,1.0,1.0,1.0,1.0,1.0,1.0,1.0,1.0,1.0,1.0,1.0,1.0
S4_lambda_only_tau1_beta1_n1,F19,10,0.0,420.0,0.807236111111111,0.0529961438859986,0.0031728522556177786,0.0032783995889674967,0.003390061591097825,0.0035075722569576384,0.003623571628369727,1.0,1.0,1.0,1.0,1.0,1.0,1.0,1.0,1.0,1.0,1.0,1.0,1.0,1.0,1.0
S4_lambda_only_tau1_beta1_n1,F2,10,0.0,420.0,0.8084861111111112,0.008030759127245737,0.0010607974221350579,0.0011198359641412727,0.0011809322722126712,0.0012450089541605998,0.0013072554928942883,1.0,1.0,1.0,1.0,1.0,1.0,1.0,1.0,1.0,1.0,1.0,1.0,1.0,1.0,1.0
S4_lambda_only_tau1_beta1_n1,F20,10,0.0,420.0,0.8066805555555555,0.05258395467042539,0.005153623272084716,0.005330692249959068,0.00551540325367738,0.005708892996836273,0.00590512036410153,1.0,1.0,1.0,1.0,1.0,1.0,1.0,1.0,1.0,1.0,1.0,1.0,1.0,1.0,1.0
S4_lambda_only_tau1_beta1_n1,F21,10,0.0,420.0,0.8074722222222221,0.04315550243889987,0.0027079859112248434,0.0028065939328572997,0.002907465362965025,0.0030107302726435116,0.0031168089345985552,1.0,1.0,1.0,1.0,1.0,1.0,1.0,1.0,1.0,1.0,1.0,1.0,1.0,1.0,1.0
S4_lambda_only_tau1_beta1_n1,F22,10,0.0,420.0,0.8069166666666666,0.04386070237695557,0.005683207763295105,0.005892760685970151,0.0061174612162019,0.006348306357037624,0.006591139667027642,1.0,1.0,1.0,1.0,1.0,1.0,1.0,1.0,1.0,1.0,1.0,1.0,1.0,1.0,1.0
S4_lambda_only_tau1_beta1_n1,F23,10,0.0,420.0,0.8075625000000001,0.03311047470969503,0.00299437539084434,0.003101164257738995,0.0032109346108529805,0.0033233935858323353,0.0034348449398795564,1.0,1.0,1.0,1.0,1.0,1.0,1.0,1.0,1.0,1.0,1.0,1.0,1.0,1.0,1.0
S4_lambda_only_tau1_beta1_n1,F24,10,0.0,420.0,0.8073888888888888,0.04206062529319852,0.0027577336427602006,0.002854980491111789,0.002957569579031449,0.003062588343562793,0.0031671295328220854,1.0,1.0,1.0,1.0,1.0,1.0,1.0,1.0,1.0,1.0,1.0,1.0,1.0,1.0,1.0
S4_lambda_only_tau1_beta1_n1,F25,10,0.0,420.0,0.7316249999999999,0.025939988434847065,0.7606790237877828,13.537332584908878,47.92497627253799,82.8621809278144,97.26911544292022,1.0,1.0,1.0,1.0,1.0,1.0,1.0,1.0,1.0,1.0,1.0,1.0,1.0,1.0,1.0
S4_lambda_only_tau1_beta1_n1,F26,10,0.0,420.0,0.7316805555555556,0.022875030054625073,0.9326074256671917,13.766223363436897,48.02340313067408,83.59321535819944,97.32702260454175,1.0,1.0,1.0,1.0,1.0,1.0,1.0,1.0,1.0,1.0,1.0,1.0,1.0,1.0,1.0
S4_lambda_only_tau1_beta1_n1,F27,10,0.0,420.0,0.8089861111111111,0.043004390409270746,0.00570698600248465,0.005907826304585402,0.006118165796530555,0.006339861186174929,0.006567630352212668,1.0,1.0,1.0,1.0,1.0,1.0,1.0,1.0,1.0,1.0,1.0,1.0,1.0,1.0,1.0
S4_lambda_only_tau1_beta1_n1,F28,10,0.0,420.0,0.8097291666666666,0.06277362008732523,0.0049497022941804554,0.005114613170669996,0.005290725283851207,0.005471258667062485,0.0056534812056451555,1.0,1.0,1.0,1.0,1.0,1.0,1.0,1.0,1.0,1.0,1.0,1.0,1.0,1.0,1.0
S4_lambda_only_tau1_beta1_n1,F29,10,0.0,420.0,0.8070763888888889,0.017162608184508002,0.0014148178803747732,0.0014816693956654524,0.0015513833986355748,0.0016217363795608649,0.001692976739181913,1.0,1.0,1.0,1.0,1.0,1.0,1.0,1.0,1.0,1.0,1.0,1.0,1.0,1.0,1.0
S4_lambda_only_tau1_beta1_n1,F3,10,0.0,420.0,0.8065972222222223,0.009494278881323462,0.0006919444159936865,0.0007443948809694916,0.0007999728749689616,0.0008566023482831388,0.0009112247063534573,1.0,1.0,1.0,1.0,1.0,1.0,1.0,1.0,1.0,1.0,1.0,1.0,1.0,1.0,1.0
S4_lambda_only_tau1_beta1_n1,F30,10,0.0,420.0,0.8102916666666667,0.02889097756886463,0.0015709451385673642,0.0016399320553194307,0.0017109621396076804,0.0017835042206736506,0.0018559204057460102,1.0,1.0,1.0,1.0,1.0,1.0,1.0,1.0,1.0,1.0,1.0,1.0,1.0,1.0,1.0
S4_lambda_only_tau1_beta1_n1,F31,10,0.0,420.0,0.8058194444444444,0.014982194304217883,0.0012400165798631322,0.0013031744462454115,0.0013690533212987696,0.0014363062441786311,0.0015035178927247182,1.0,1.0,1.0,1.0,1.0,1.0,1.0,1.0,1.0,1.0,1.0,1.0,1.0,1.0,1.0
S4_lambda_only_tau1_beta1_n1,F32,10,0.0,420.0,0.8073055555555557,0.010814965566135168,0.0012302345788995583,0.0012922930556208486,0.0013569281015146186,0.001424397540609035,0.00149130315858231,1.0,1.0,1.0,1.0,1.0,1.0,1.0,1.0,1.0,1.0,1.0,1.0,1.0,1.0,1.0
S4_lambda_only_tau1_beta1_n1,F33,10,0.0,420.0,0.8096944444444444,0.016653007767391554,0.001608345436099285,0.001677800123769002,0.0017504659057240464,0.0018242621143577627,0.001897024159376039,1.0,1.0,1.0,1.0,1.0,1.0,1.0,1.0,1.0,1.0,1.0,1.0,1.0,1.0,1.0
S4_lambda_only_tau1_beta1_n1,F34,10,0.0,420.0,0.8066597222222223,0.031589865234167874,0.0031177989417240782,0.003224939367726439,0.0033398386941722287,0.0034597935941146443,0.0035803240183333402,1.0,1.0,1.0,1.0,1.0,1.0,1.0,1.0,1.0,1.0,1.0,1.0,1.0,1.0,1.0
S4_lambda_only_tau1_beta1_n1,F35,10,0.0,420.0,0.8054583333333333,0.023570519138030155,0.0023836875184353426,0.002474364266335585,0.002568220488272768,0.002663302447170647,0.0027556610492211462,1.0,1.0,1.0,1.0,1.0,1.0,1.0,1.0,1.0,1.0,1.0,1.0,1.0,1.0,1.0
S4_lambda_only_tau1_beta1_n1,F36,10,0.0,420.0,0.8081180555555556,0.033721734325083755,0.0025511608190454172,0.002640802235447167,0.002737496195317028,0.0028366569564472585,0.002934368210484926,1.0,1.0,1.0,1.0,1.0,1.0,1.0,1.0,1.0,1.0,1.0,1.0,1.0,1.0,1.0
S4_lambda_only_tau1_beta1_n1,F37,10,0.0,420.0,0.8048541666666665,0.13054897306735208,0.023080882615334135,0.024870777412168667,0.026874098728391298,0.02899145855102508,0.031171302836279856,1.0,1.0,1.0,1.0,1.0,1.0,1.0,1.0,1.0,1.0,1.0,1.0,1.0,1.0,1.0
S4_lambda_only_tau1_beta1_n1,F38,10,0.0,420.0,0.6876041666666666,0.0348391015957645,0.19830578387357348,10.039302204467925,45.53014770228792,82.53041110037432,97.2963345396174,1.0,1.0,1.0,1.0,1.0,1.0,1.0,1.0,1.0,1.0,1.0,1.0,1.0,1.0,1.0
S4_lambda_only_tau1_beta1_n1,F39,10,0.0,420.0,0.8076805555555556,0.021202085483312896,0.0017193467200566665,0.0017928617729717192,0.001868313514853386,0.0019467710230205864,0.0020229300977789135,1.0,1.0,1.0,1.0,1.0,1.0,1.0,1.0,1.0,1.0,1.0,1.0,1.0,1.0,1.0
S4_lambda_only_tau1_beta1_n1,F4,10,0.0,420.0,0.8072569444444445,0.014010637885288241,0.002010341994025734,0.0020889429338018218,0.002171909651630968,0.0022576648080069256,0.0023435870349879685,1.0,1.0,1.0,1.0,1.0,1.0,1.0,1.0,1.0,1.0,1.0,1.0,1.0,1.0,1.0
S4_lambda_only_tau1_beta1_n1,F40,10,0.0,420.0,0.8075694444444443,0.009563644499618692,0.0010421047872528832,0.0011011789031048647,0.0011632972664391826,0.001225772673410809,0.0012874531463961856,1.0,1.0,1.0,1.0,1.0,1.0,1.0,1.0,1.0,1.0,1.0,1.0,1.0,1.0,1.0
S4_lambda_only_tau1_beta1_n1,F41,10,0.0,420.0,0.807236111111111,0.022224970884649965,0.0019143404650329406,0.0019914823354912174,0.0020712900045907175,0.0021537201250176473,0.00223652946022822,1.0,1.0,1.0,1.0,1.0,1.0,1.0,1.0,1.0,1.0,1.0,1.0,1.0,1.0,1.0
S4_lambda_only_tau1_beta1_n1,F42,10,0.0,420.0,0.8082777777777777,0.012518409216351079,0.0012174090798671086,0.0012789615872023285,0.001343106330533942,0.0014091004997921438,0.0014759610937424103,1.0,1.0,1.0,1.0,1.0,1.0,1.0,1.0,1.0,1.0,1.0,1.0,1.0,1.0,1.0
S4_lambda_only_tau1_beta1_n1,F43,10,0.0,420.0,0.8089999999999998,0.0259646444385408,0.0018051587038679616,0.0018798427008221695,0.0019582412623506346,0.0020362748304842138,0.002114478365684756,1.0,1.0,1.0,1.0,1.0,1.0,1.0,1.0,1.0,1.0,1.0,1.0,1.0,1.0,1.0
S4_lambda_only_tau1_beta1_n1,F44,10,0.0,420.0,0.8071527777777776,0.02501810622238197,0.0025681857003884367,0.002659632332838718,0.0027574712588432967,0.002858250810321675,0.00295557117171389,1.0,1.0,1.0,1.0,1.0,1.0,1.0,1.0,1.0,1.0,1.0,1.0,1.0,1.0,1.0
S4_lambda_only_tau1_beta1_n1,F45,10,0.0,420.0,0.8062569444444444,0.017521939930227024,0.0012685423232571256,0.00133133903682675,0.0013979277107333391,0.001465214108499341,0.0015306443351593656,1.0,1.0,1.0,1.0,1.0,1.0,1.0,1.0,1.0,1.0,1.0,1.0,1.0,1.0,1.0
S4_lambda_only_tau1_beta1_n1,F46,10,0.0,420.0,0.8089236111111111,0.034297391446265355,0.00259060145695488,0.002684100034268823,0.002783263253934497,0.0028860141477835342,0.0029890552511481045,1.0,1.0,1.0,1.0,1.0,1.0,1.0,1.0,1.0,1.0,1.0,1.0,1.0,1.0,1.0
S4_lambda_only_tau1_beta1_n1,F47,10,0.0,420.0,0.8075833333333332,0.015404623587177068,0.0014645919490386516,0.0015315277275639004,0.0016027108928133003,0.001674317018426362,0.0017468356470632176,1.0,1.0,1.0,1.0,1.0,1.0,1.0,1.0,1.0,1.0,1.0,1.0,1.0,1.0,1.0
S4_lambda_only_tau1_beta1_n1,F48,10,0.0,420.0,0.8062430555555556,0.012304092178413741,0.0012851568340962905,0.0013482399433347575,0.0014151368517902082,0.0014830218170141332,0.0015492534197655613,1.0,1.0,1.0,1.0,1.0,1.0,1.0,1.0,1.0,1.0,1.0,1.0,1.0,1.0,1.0
S4_lambda_only_tau1_beta1_n1,F49,10,0.0,420.0,0.8063194444444445,0.0318811800915771,0.11168188554235073,0.12155382823649497,0.1333401601424577,0.14749706416708416,0.16451723866002024,1.0,1.0,1.0,1.0,1.0,1.0,1.0,1.0,1.0,1.0,1.0,1.0,1.0,1.0,1.0
S4_lambda_only_tau1_beta1_n1,F5,10,0.0,420.0,0.8073263888888889,0.007567425697007711,0.0007104898198097381,0.0007630929100081655,0.0008174278550294252,0.0008736255004754694,0.0009296646716885853,1.0,1.0,1.0,1.0,1.0,1.0,1.0,1.0,1.0,1.0,1.0,1.0,1.0,1.0,1.0
S4_lambda_only_tau1_beta1_n1,F50,10,0.0,420.0,0.8072152777777778,0.02769069324003617,0.07826874410907753,0.0839783656042409,0.09036418082051925,0.09748971981927607,0.10519670668817399,1.0,1.0,1.0,1.0,1.0,1.0,1.0,1.0,1.0,1.0,1.0,1.0,1.0,1.0,1.0
S4_lambda_only_tau1_beta1_n1,F51,10,0.0,420.0,0.8079722222222223,0.042508299763992126,0.0020831318553558333,0.002163350785645765,0.002247448466724889,0.002333513698279585,0.002419676178245316,1.0,1.0,1.0,1.0,1.0,1.0,1.0,1.0,1.0,1.0,1.0,1.0,1.0,1.0,1.0
S4_lambda_only_tau1_beta1_n1,F52,10,0.0,420.0,0.8076527777777778,0.037974000120936234,0.00207803983029021,0.0021598843766061655,0.0022418422027153787,0.002327855761012117,0.0024119688324710886,1.0,1.0,1.0,1.0,1.0,1.0,1.0,1.0,1.0,1.0,1.0,1.0,1.0,1.0,1.0
S4_lambda_only_tau1_beta1_n1,F53,10,0.0,420.0,0.8101041666666667,0.04203404612959656,0.002070838589066334,0.0021501852394032136,0.002232939959932171,0.0023178626409453623,0.0024022451983954467,1.0,1.0,1.0,1.0,1.0,1.0,1.0,1.0,1.0,1.0,1.0,1.0,1.0,1.0,1.0
S4_lambda_only_tau1_beta1_n1,F54,10,0.0,420.0,0.8083125,0.042389759980947045,0.00254688837389292,0.002640471247872843,0.0027362123990200826,0.0028343287426793144,0.0029314760162102217,1.0,1.0,1.0,1.0,1.0,1.0,1.0,1.0,1.0,1.0,1.0,1.0,1.0,1.0,1.0
S4_lambda_only_tau1_beta1_n1,F55,10,0.0,420.0,0.8066875000000001,0.039357916835973644,0.0019675696170104655,0.002045955971329628,0.0021265004228670156,0.0022112690611287246,0.002294648857456746,1.0,1.0,1.0,1.0,1.0,1.0,1.0,1.0,1.0,1.0,1.0,1.0,1.0,1.0,1.0
S4_lambda_only_tau1_beta1_n1,F56,10,0.0,420.0,0.8073819444444444,0.03923979651603786,0.0023500482232831563,0.002435839863822677,0.002526693634153669,0.0026199078918070847,0.002714467328315896,1.0,1.0,1.0,1.0,1.0,1.0,1.0,1.0,1.0,1.0,1.0,1.0,1.0,1.0,1.0
S4_lambda_only_tau1_beta1_n1,F57,10,0.0,420.0,0.8074374999999999,0.040018463925145006,0.0023954491054807114,0.0024818538238822485,0.002572946095886098,0.002667844609117325,0.0027639172976820087,1.0,1.0,1.0,1.0,1.0,1.0,1.0,1.0,1.0,1.0,1.0,1.0,1.0,1.0,1.0
S4_lambda_only_tau1_beta1_n1,F58,10,0.0,420.0,0.8054236111111109,0.03568154873410253,0.002401562135588707,0.0024892417226423063,0.0025827873501770657,0.002677812040933416,0.0027730317102397637,1.0,1.0,1.0,1.0,1.0,1.0,1.0,1.0,1.0,1.0,1.0,1.0,1.0,1.0,1.0
S4_lambda_only_tau1_beta1_n1,F59,10,0.0,420.0,0.8078888888888889,0.04184014947366697,0.00289023029566177,0.002987418246180953,0.0030922649957970698,0.0032004208094034456,0.00330785948058649,1.0,1.0,1.0,1.0,1.0,1.0,1.0,1.0,1.0,1.0,1.0,1.0,1.0,1.0,1.0
S4_lambda_only_tau1_beta1_n1,F6,10,0.0,420.0,0.8075486111111112,0.01674213273039789,0.0009318118190468698,0.000988893561163907,0.0010478414658124562,0.001109006962955943,0.0011684065904929558,1.0,1.0,1.0,1.0,1.0,1.0,1.0,1.0,1.0,1.0,1.0,1.0,1.0,1.0,1.0
S4_lambda_only_tau1_beta1_n1,F60,10,0.0,420.0,0.8060416666666667,0.04908591943697925,0.0025616233063960906,0.002651558773511876,0.002749036506479884,0.0028475939626815498,0.0029439743468415414,1.0,1.0,1.0,1.0,1.0,1.0,1.0,1.0,1.0,1.0,1.0,1.0,1.0,1.0,1.0
S4_lambda_only_tau1_beta1_n1,F61,10,0.0,420.0,0.8083402777777776,0.04739629231448646,0.0025569402140273455,0.0026502353386280908,0.002745213646778972,0.002844972434896098,0.002943846403364842,1.0,1.0,1.0,1.0,1.0,1.0,1.0,1.0,1.0,1.0,1.0,1.0,1.0,1.0,1.0
S4_lambda_only_tau1_beta1_n1,F62,10,0.0,420.0,0.8074583333333333,0.04754414162363576,0.0026526869402817787,0.0027467022889119683,0.002843637592643742,0.0029461034218507057,0.003048717060651045,1.0,1.0,1.0,1.0,1.0,1.0,1.0,1.0,1.0,1.0,1.0,1.0,1.0,1.0,1.0
S4_lambda_only_tau1_beta1_n1,F63,10,0.0,420.0,0.8094374999999999,0.04312187284807769,0.0023419291500081005,0.002430960431915759,0.0025218058619796107,0.002612985333618365,0.002704395344742148,1.0,1.0,1.0,1.0,1.0,1.0,1.0,1.0,1.0,1.0,1.0,1.0,1.0,1.0,1.0
S4_lambda_only_tau1_beta1_n1,F64,10,0.0,420.0,0.8077638888888888,0.04350763512195113,0.002928820004448409,0.003028249975141302,0.003135272614152292,0.003245067038440461,0.0033532880112880884,1.0,1.0,1.0,1.0,1.0,1.0,1.0,1.0,1.0,1.0,1.0,1.0,1.0,1.0,1.0
S4_lambda_only_tau1_beta1_n1,F65,10,0.0,420.0,0.807236111111111,0.04783183914277109,0.0031659322011889776,0.0032726449794712605,0.0033849787195421874,0.003501881096224728,0.003617470695391047,1.0,1.0,1.0,1.0,1.0,1.0,1.0,1.0,1.0,1.0,1.0,1.0,1.0,1.0,1.0
S4_lambda_only_tau1_beta1_n1,F66,10,0.0,420.0,0.8058680555555555,0.04676259939289708,0.0030802440625240083,0.0031836497145435556,0.0032972885222180065,0.0034106544172717505,0.003529456262364372,1.0,1.0,1.0,1.0,1.0,1.0,1.0,1.0,1.0,1.0,1.0,1.0,1.0,1.0,1.0
S4_lambda_only_tau1_beta1_n1,F67,10,0.0,420.0,0.8066666666666666,0.050704855427709285,0.0029641320901847065,0.0030670178806230545,0.003174265552082267,0.0032848358386449493,0.00339598070333958,1.0,1.0,1.0,1.0,1.0,1.0,1.0,1.0,1.0,1.0,1.0,1.0,1.0,1.0,1.0
S4_lambda_only_tau1_beta1_n1,F68,10,0.0,420.0,0.8082569444444445,0.04345960310433633,0.002143595233530013,0.0022243281074722804,0.002309596851873349,0.0023971727538100334,0.0024852993137643195,1.0,1.0,1.0,1.0,1.0,1.0,1.0,1.0,1.0,1.0,1.0,1.0,1.0,1.0,1.0
S4_lambda_only_tau1_beta1_n1,F69,10,0.0,420.0,0.8057430555555555,0.05434238980090529,0.0028036265216997186,0.002900833474988521,0.0030028810750850664,0.003109131755470289,0.003213762772350789,1.0,1.0,1.0,1.0,1.0,1.0,1.0,1.0,1.0,1.0,1.0,1.0,1.0,1.0,1.0
S4_lambda_only_tau1_beta1_n1,F7,10,0.0,420.0,0.8082847222222224,0.012939538442503519,0.0018689804715673124,0.0019440336147825477,0.002023323410095247,0.0021045820653323635,0.002186110388458072,1.0,1.0,1.0,1.0,1.0,1.0,1.0,1.0,1.0,1.0,1.0,1.0,1.0,1.0,1.0
S4_lambda_only_tau1_beta1_n1,F70,10,0.0,420.0,0.8077638888888888,0.048185171380077926,0.0026607190253626987,0.0027513026386538353,0.002848650438184292,0.0029490847937816596,0.0030488733742980887,1.0,1.0,1.0,1.0,1.0,1.0,1.0,1.0,1.0,1.0,1.0,1.0,1.0,1.0,1.0
S4_lambda_only_tau1_beta1_n1,F71,10,0.0,420.0,0.8064375,0.05754674921102187,0.003288704692306077,0.0033998404215774152,0.003518062106134285,0.0036379691446853145,0.003758809714610197,1.0,1.0,1.0,1.0,1.0,1.0,1.0,1.0,1.0,1.0,1.0,1.0,1.0,1.0,1.0
S4_lambda_only_tau1_beta1_n1,F72,10,0.0,420.0,0.8053125,0.03176644767779327,0.002063604505501482,0.0021434398667500255,0.0022282624005061508,0.0023139525242194953,0.002399834684440765,1.0,1.0,1.0,1.0,1.0,1.0,1.0,1.0,1.0,1.0,1.0,1.0,1.0,1.0,1.0
S4_lambda_only_tau1_beta1_n1,F73,10,0.0,420.0,0.8074375000000001,0.05586001552535728,0.0032820654309351333,0.0033907239477110208,0.003506690747186321,0.003627095974811112,0.003749406506363013,1.0,1.0,1.0,1.0,1.0,1.0,1.0,1.0,1.0,1.0,1.0,1.0,1.0,1.0,1.0
S4_lambda_only_tau1_beta1_n1,F74,10,0.0,420.0,0.8056805555555555,0.07730320950597559,0.0035577965325858238,0.0036781585866019727,0.0038043145282717285,0.003931703699036425,0.004060855651363338,1.0,1.0,1.0,1.0,1.0,1.0,1.0,1.0,1.0,1.0,1.0,1.0,1.0,1.0,1.0
S4_lambda_only_tau1_beta1_n1,F75,10,0.0,420.0,0.8076319444444445,0.04181528110141987,0.002399758409946151,0.0024880226428243436,0.00258089112590203,0.0026733738426460026,0.0027676027854394354,1.0,1.0,1.0,1.0,1.0,1.0,1.0,1.0,1.0,1.0,1.0,1.0,1.0,1.0,1.0
S4_lambda_only_tau1_beta1_n1,F76,10,0.0,420.0,0.8077916666666667,0.07834956301106376,0.0031771687113188642,0.00328247388771015,0.003394257215167569,0.0035097882020757964,0.003625683472511822,1.0,1.0,1.0,1.0,1.0,1.0,1.0,1.0,1.0,1.0,1.0,1.0,1.0,1.0,1.0
S4_lambda_only_tau1_beta1_n1,F77,10,0.0,420.0,0.8055694444444444,0.08960676945803821,0.003966137141958149,0.004096269375964546,0.004231995321383406,0.0043740962150181925,0.0045149220870247505,1.0,1.0,1.0,1.0,1.0,1.0,1.0,1.0,1.0,1.0,1.0,1.0,1.0,1.0,1.0
S4_lambda_only_tau1_beta1_n1,F78,10,0.0,420.0,0.8070763888888889,0.053706643194378983,0.002703900410025743,0.0027964394916771525,0.0028967809590171962,0.002998973849674339,0.003099390467881092,1.0,1.0,1.0,1.0,1.0,1.0,1.0,1.0,1.0,1.0,1.0,1.0,1.0,1.0,1.0
S4_lambda_only_tau1_beta1_n1,F79,10,0.0,420.0,0.8083055555555555,0.05980528338755661,0.002882014628443484,0.002982763358716701,0.0030872124670832902,0.0031943668920019976,0.003302025924806723,1.0,1.0,1.0,1.0,1.0,1.0,1.0,1.0,1.0,1.0,1.0,1.0,1.0,1.0,1.0
S4_lambda_only_tau1_beta1_n1,F8,10,0.0,420.0,0.8054444444444444,0.08763788812477406,0.0037081736256964065,0.003841248602038215,0.00398546036409966,0.004134230779922604,0.004286030929465736,1.0,1.0,1.0,1.0,1.0,1.0,1.0,1.0,1.0,1.0,1.0,1.0,1.0,1.0,1.0
S4_lambda_only_tau1_beta1_n1,F80,10,0.0,420.0,0.8070138888888888,0.05002350294256534,0.0024022973620670264,0.0024862659790871535,0.0025772419523607554,0.002671856899723762,0.0027662562491053548,1.0,1.0,1.0,1.0,1.0,1.0,1.0,1.0,1.0,1.0,1.0,1.0,1.0,1.0,1.0
S4_lambda_only_tau1_beta1_n1,F81,10,0.0,420.0,0.806861111111111,0.0879292982712359,0.0033916483504816226,0.003504750806137067,0.0036219319940614574,0.003743369193057123,0.0038636730655846096,1.0,1.0,1.0,1.0,1.0,1.0,1.0,1.0,1.0,1.0,1.0,1.0,1.0,1.0,1.0
S4_lambda_only_tau1_beta1_n1,F82,10,0.0,420.0,0.8089027777777779,0.05625320010616421,0.0035197779548607902,0.003636903649615111,0.003760118859878027,0.003886323391843858,0.004013647310557309,1.0,1.0,1.0,1.0,1.0,1.0,1.0,1.0,1.0,1.0,1.0,1.0,1.0,1.0,1.0
S4_lambda_only_tau1_beta1_n1,F83,10,0.0,420.0,0.8057361111111113,0.06070163645303125,0.0027523444713242837,0.0028468515759717114,0.0029481706456875307,0.0030520333705930376,0.0031566591197764757,1.0,1.0,1.0,1.0,1.0,1.0,1.0,1.0,1.0,1.0,1.0,1.0,1.0,1.0,1.0
S4_lambda_only_tau1_beta1_n1,F84,10,0.0,420.0,0.8065138888888889,0.056506261827346096,0.0028869011106200516,0.002984184516149465,0.003088114975288431,0.0031968748340686095,0.0033044292652941987,1.0,1.0,1.0,1.0,1.0,1.0,1.0,1.0,1.0,1.0,1.0,1.0,1.0,1.0,1.0
S4_lambda_only_tau1_beta1_n1,F85,10,0.0,420.0,0.8097361111111111,0.029226407519997093,0.0017644730622779223,0.0018367489185015192,0.001913555191735944,0.0019899998694419773,0.0020663194811683405,1.0,1.0,1.0,1.0,1.0,1.0,1.0,1.0,1.0,1.0,1.0,1.0,1.0,1.0,1.0
S4_lambda_only_tau1_beta1_n1,F86,10,0.0,420.0,0.8074583333333333,0.03959221476541996,0.001973076436479639,0.0020491642711478624,0.002128818633864411,0.002212623183079728,0.0022961107310415026,1.0,1.0,1.0,1.0,1.0,1.0,1.0,1.0,1.0,1.0,1.0,1.0,1.0,1.0,1.0
S4_lambda_only_tau1_beta1_n1,F87,10,0.0,420.0,0.8079999999999999,0.038358729498940924,0.00190604283015735,0.0019817706402484305,0.0020606727952036104,0.002142340262490148,0.0022220437133805082,1.0,1.0,1.0,1.0,1.0,1.0,1.0,1.0,1.0,1.0,1.0,1.0,1.0,1.0,1.0
S4_lambda_only_tau1_beta1_n1,F88,10,0.0,420.0,0.8062777777777779,0.036208491450180236,0.0020832683369003185,0.002163326404261843,0.002248027803169906,0.0023338911100703355,0.002419952675467285,1.0,1.0,1.0,1.0,1.0,1.0,1.0,1.0,1.0,1.0,1.0,1.0,1.0,1.0,1.0
S4_lambda_only_tau1_beta1_n1,F89,10,0.0,420.0,0.8065833333333332,0.03063810259055458,0.0018245232749368662,0.0018973712037182702,0.0019753662415295326,0.0020548225137594607,0.002135121966304821,1.0,1.0,1.0,1.0,1.0,1.0,1.0,1.0,1.0,1.0,1.0,1.0,1.0,1.0,1.0
S4_lambda_only_tau1_beta1_n1,F9,10,0.0,420.0,0.8085833333333333,0.007962201683997977,0.0010083816757889138,0.0010654118976251095,0.0011257365814290594,0.0011870920231325645,0.0012495117131574242,1.0,1.0,1.0,1.0,1.0,1.0,1.0,1.0,1.0,1.0,1.0,1.0,1.0,1.0,1.0
S4_lambda_only_tau1_beta1_n1,F90,10,0.0,420.0,0.8061319444444445,0.030306946334551978,0.00195579325901434,0.002034475672857291,0.0021159528660380502,0.0021994480946462397,0.002283458265741306,1.0,1.0,1.0,1.0,1.0,1.0,1.0,1.0,1.0,1.0,1.0,1.0,1.0,1.0,1.0
S4_lambda_only_tau1_beta1_n1,F91,10,0.0,420.0,0.8071180555555556,0.038768239736637185,0.0018690330177812825,0.0019455265178585312,0.0020248869583298513,0.002106321574386556,0.0021832757329849064,1.0,1.0,1.0,1.0,1.0,1.0,1.0,1.0,1.0,1.0,1.0,1.0,1.0,1.0,1.0
