BatchID,PEO_N750_pct,PEO_1105_pct,PEO_N60K_pct,PEO_303_pct,Diluent_type,Diluent_pct,Total_polymer_pct,release_frac_raw,time_min,release_frac,Diluent_G721,Diluent_SMCC,Diluent_MD_IT12
F1,0.2,0.0,0.0,0.4,SMCC,0.19,0.6,0.0,0,0.0,0,1,0
F1,0.2,0.0,0.0,0.4,SMCC,0.19,0.6,0.0237,15,0.0237,0,1,0
F1,0.2,0.0,0.0,0.4,SMCC,0.19,0.6,0.0365,30,0.0365,0,1,0
F1,0.2,0.0,0.0,0.4,SMCC,0.19,0.6,0.0573,60,0.0573,0,1,0
F1,0.2,0.0,0.0,0.4,SMCC,0.19,0.6,0.0949,120,0.0949,0,1,0
F1,0.2,0.0,0.0,0.4,SMCC,0.19,0.6,0.1324,180,0.1324,0,1,0
F1,0.2,0.0,0.0,0.4,SMCC,0.19,0.6,0.1709,240,0.1709,0,1,0
F1,0.2,0.0,0.0,0.4,SMCC,0.19,0.6,0.2096,300,0.2096,0,1,0
F1,0.2,0.0,0.0,0.4,SMCC,0.19,0.6,0.2484,360,0.2484,0,1,0
F1,0.2,0.0,0.0,0.4,SMCC,0.19,0.6,0.2869,420,0.2869,0,1,0
F10,0.2,0.0,0.0,0.4,SMCC,0.19,0.6,0.0,0,0.0,0,1,0
F10,0.2,0.0,0.0,0.4,SMCC,0.19,0.6,0.0239,15,0.0239,0,1,0
F10,0.2,0.0,0.0,0.4,SMCC,0.19,0.6,0.0383,30,0.0383,0,1,0
F10,0.2,0.0,0.0,0.4,SMCC,0.19,0.6,0.0616,60,0.0616,0,1,0
F10,0.2,0.0,0.0,0.4,SMCC,0.19,0.6,0.1016,120,0.1016,0,1,0
F10,0.2,0.0,0.0,0.4,SMCC,0.19,0.6,0.1392,180,0.1392,0,1,0
F10,0.2,0.0,0.0,0.4,SMCC,0.19,0.6,0.1773,240,0.1773,0,1,0
F10,0.2,0.0,0.0,0.4,SMCC,0.19,0.6,0.2149,300,0.2149,0,1,0
F10,0.2,0.0,0.0,0.4,SMCC,0.19,0.6,0.2528,360,0.2528,0,1,0
F10,0.2,0.0,0.0,0.4,SMCC,0.19,0.6,0.2901,420,0.2901,0,1,0
F11,0.075,0.0,0.0,0.075,SMCC,0.64,0.15,0.0,0,0.0,0,1,0
F11,0.075,0.0,0.0,0.075,SMCC,0.64,0.15,0.2045,15,0.2045,0,1,0
F11,0.075,0.0,0.0,0.075,SMCC,0.64,0.15,0.2689,30,0.2689,0,1,0
F11,0.075,0.0,0.0,0.075,SMCC,0.64,0.15,0.3327,60,0.3327,0,1,0
F11,0.075,0.0,0.0,0.075,SMCC,0.64,0.15,0.4116,120,0.4116,0,1,0
F11,0.075,0.0,0.0,0.075,SMCC,0.64,0.15,0.485,180,0.485,0,1,0
F11,0.075,0.0,0.0,0.075,SMCC,0.64,0.15,0.5527,240,0.5527,0,1,0
F11,0.075,0.0,0.0,0.075,SMCC,0.64,0.15,0.619,300,0.619,0,1,0
F11,0.075,0.0,0.0,0.075,SMCC,0.64,0.15,0.6779,360,0.6779,0,1,0
F11,0.075,0.0,0.0,0.075,SMCC,0.64,0.15,0.734,420,0.734,0,1,0
F12,0.2081,0.0,0.0,0.2129,SMCC,0.369,0.421,0.0,0,0.0,0,1,0
F12,0.2081,0.0,0.0,0.2129,SMCC,0.369,0.421,0.0329,15,0.0329,0,1,0
F12,0.2081,0.0,0.0,0.2129,SMCC,0.369,0.421,0.0509,30,0.0509,0,1,0
F12,0.2081,0.0,0.0,0.2129,SMCC,0.369,0.421,0.0796,60,0.0796,0,1,0
F12,0.2081,0.0,0.0,0.2129,SMCC,0.369,0.421,0.132,120,0.132,0,1,0
F12,0.2081,0.0,0.0,0.2129,SMCC,0.369,0.421,0.181,180,0.181,0,1,0
F12,0.2081,0.0,0.0,0.2129,SMCC,0.369,0.421,0.2283,240,0.2283,0,1,0
F12,0.2081,0.0,0.0,0.2129,SMCC,0.369,0.421,0.2749,300,0.2749,0,1,0
F12,0.2081,0.0,0.0,0.2129,SMCC,0.369,0.421,0.3207,360,0.3207,0,1,0
F12,0.2081,0.0,0.0,0.2129,SMCC,0.369,0.421,0.3643,420,0.3643,0,1,0
F13,0.0,0.0,0.0,0.69,SMCC,0.1,0.69,0.0,0,0.0,0,1,0
F13,0.0,0.0,0.0,0.69,SMCC,0.1,0.69,0.0182,15,0.0182,0,1,0
F13,0.0,0.0,0.0,0.69,SMCC,0.1,0.69,0.0282,30,0.0282,0,1,0
F13,0.0,0.0,0.0,0.69,SMCC,0.1,0.69,0.0451,60,0.0451,0,1,0
F13,0.0,0.0,0.0,0.69,SMCC,0.1,0.69,0.0755,120,0.0755,0,1,0
F13,0.0,0.0,0.0,0.69,SMCC,0.1,0.69,0.1048,180,0.1048,0,1,0
F13,0.0,0.0,0.0,0.69,SMCC,0.1,0.69,0.1341,240,0.1341,0,1,0
F13,0.0,0.0,0.0,0.69,SMCC,0.1,0.69,0.1642,300,0.1642,0,1,0
F13,0.0,0.0,0.0,0.69,SMCC,0.1,0.69,0.1944,360,0.1944,0,1,0
F13,0.0,0.0,0.0,0.69,SMCC,0.1,0.69,0.2247,420,0.2247,0,1,0
F14,0.69,0.0,0.0,0.0,SMCC,0.1,0.69,0.0,0,0.0,0,1,0
F14,0.69,0.0,0.0,0.0,SMCC,0.1,0.69,0.0248,15,0.0248,0,1,0
F14,0.69,0.0,0.0,0.0,SMCC,0.1,0.69,0.0485,30,0.0485,0,1,0
F14,0.69,0.0,0.0,0.0,SMCC,0.1,0.69,0.1084,60,0.1084,0,1,0
F14,0.69,0.0,0.0,0.0,SMCC,0.1,0.69,0.2567,120,0.2567,0,1,0
F14,0.69,0.0,0.0,0.0,SMCC,0.1,0.69,0.4047,180,0.4047,0,1,0
F14,0.69,0.0,0.0,0.0,SMCC,0.1,0.69,0.5649,240,0.5649,0,1,0
F14,0.69,0.0,0.0,0.0,SMCC,0.1,0.69,0.7052,300,0.7052,0,1,0
F14,0.69,0.0,0.0,0.0,SMCC,0.1,0.69,0.8197,360,0.8197,0,1,0
F14,0.69,0.0,0.0,0.0,SMCC,0.1,0.69,0.8874,420,0.8874,0,1,0
F15,0.0,0.275,0.0,0.0,SMCC,0.515,0.275,0.0,0,0.0,0,1,0
F15,0.0,0.275,0.0,0.0,SMCC,0.515,0.275,0.1062,15,0.1062,0,1,0
F15,0.0,0.275,0.0,0.0,SMCC,0.515,0.275,0.142,30,0.142,0,1,0
F15,0.0,0.275,0.0,0.0,SMCC,0.515,0.275,0.2032,60,0.2032,0,1,0
F15,0.0,0.275,0.0,0.0,SMCC,0.515,0.275,0.3372,120,0.3372,0,1,0
F15,0.0,0.275,0.0,0.0,SMCC,0.515,0.275,0.4844,180,0.4844,0,1,0
F15,0.0,0.275,0.0,0.0,SMCC,0.515,0.275,0.6055,240,0.6055,0,1,0
F15,0.0,0.275,0.0,0.0,SMCC,0.515,0.275,0.7071,300,0.7071,0,1,0
F15,0.0,0.275,0.0,0.0,SMCC,0.515,0.275,0.792,360,0.792,0,1,0
F15,0.0,0.275,0.0,0.0,SMCC,0.515,0.275,0.8557,420,0.8557,0,1,0
F16,0.0,0.4,0.0,0.0,SMCC,0.39,0.4,0.0,0,0.0,0,1,0
F16,0.0,0.4,0.0,0.0,SMCC,0.39,0.4,0.0404,15,0.0404,0,1,0
F16,0.0,0.4,0.0,0.0,SMCC,0.39,0.4,0.0652,30,0.0652,0,1,0
F16,0.0,0.4,0.0,0.0,SMCC,0.39,0.4,0.1183,60,0.1183,0,1,0
F16,0.0,0.4,0.0,0.0,SMCC,0.39,0.4,0.2471,120,0.2471,0,1,0
F16,0.0,0.4,0.0,0.0,SMCC,0.39,0.4,0.3815,180,0.3815,0,1,0
F16,0.0,0.4,0.0,0.0,SMCC,0.39,0.4,0.5009,240,0.5009,0,1,0
F16,0.0,0.4,0.0,0.0,SMCC,0.39,0.4,0.6032,300,0.6032,0,1,0
F16,0.0,0.4,0.0,0.0,SMCC,0.39,0.4,0.6955,360,0.6955,0,1,0
F16,0.0,0.4,0.0,0.0,SMCC,0.39,0.4,0.7746,420,0.7746,0,1,0
F17,0.306,0.1056,0.0,0.0,SMCC,0.3784,0.4116,0.0,0,0.0,0,1,0
F17,0.306,0.1056,0.0,0.0,SMCC,0.3784,0.4116,0.0401,15,0.0401,0,1,0
F17,0.306,0.1056,0.0,0.0,SMCC,0.3784,0.4116,0.0717,30,0.0717,0,1,0
F17,0.306,0.1056,0.0,0.0,SMCC,0.3784,0.4116,0.1463,60,0.1463,0,1,0
F17,0.306,0.1056,0.0,0.0,SMCC,0.3784,0.4116,0.3008,120,0.3008,0,1,0
F17,0.306,0.1056,0.0,0.0,SMCC,0.3784,0.4116,0.433,180,0.433,0,1,0
F17,0.306,0.1056,0.0,0.0,SMCC,0.3784,0.4116,0.5595,240,0.5595,0,1,0
F17,0.306,0.1056,0.0,0.0,SMCC,0.3784,0.4116,0.672,300,0.672,0,1,0
F17,0.306,0.1056,0.0,0.0,SMCC,0.3784,0.4116,0.7785,360,0.7785,0,1,0
F17,0.306,0.1056,0.0,0.0,SMCC,0.3784,0.4116,0.8622,420,0.8622,0,1,0
F18,0.275,0.4,0.0,0.0,SMCC,0.115,0.675,0.0,0,0.0,0,1,0
F18,0.275,0.4,0.0,0.0,SMCC,0.115,0.675,0.0231,15,0.0231,0,1,0
F18,0.275,0.4,0.0,0.0,SMCC,0.115,0.675,0.0417,30,0.0417,0,1,0
F18,0.275,0.4,0.0,0.0,SMCC,0.115,0.675,0.0824,60,0.0824,0,1,0
F18,0.275,0.4,0.0,0.0,SMCC,0.115,0.675,0.1796,120,0.1796,0,1,0
F18,0.275,0.4,0.0,0.0,SMCC,0.115,0.675,0.2921,180,0.2921,0,1,0
F18,0.275,0.4,0.0,0.0,SMCC,0.115,0.675,0.4117,240,0.4117,0,1,0
F18,0.275,0.4,0.0,0.0,SMCC,0.115,0.675,0.5329,300,0.5329,0,1,0
F18,0.275,0.4,0.0,0.0,SMCC,0.115,0.675,0.6499,360,0.6499,0,1,0
F18,0.275,0.4,0.0,0.0,SMCC,0.115,0.675,0.7559,420,0.7559,0,1,0
F19,0.4,0.1,0.0,0.0,SMCC,0.29,0.5,0.0,0,0.0,0,1,0
F19,0.4,0.1,0.0,0.0,SMCC,0.29,0.5,0.0288,15,0.0288,0,1,0
F19,0.4,0.1,0.0,0.0,SMCC,0.29,0.5,0.054,30,0.054,0,1,0
F19,0.4,0.1,0.0,0.0,SMCC,0.29,0.5,0.1127,60,0.1127,0,1,0
F19,0.4,0.1,0.0,0.0,SMCC,0.29,0.5,0.2486,120,0.2486,0,1,0
F19,0.4,0.1,0.0,0.0,SMCC,0.29,0.5,0.386,180,0.386,0,1,0
F19,0.4,0.1,0.0,0.0,SMCC,0.29,0.5,0.5195,240,0.5195,0,1,0
F19,0.4,0.1,0.0,0.0,SMCC,0.29,0.5,0.6481,300,0.6481,0,1,0
F19,0.4,0.1,0.0,0.0,SMCC,0.29,0.5,0.7628,360,0.7628,0,1,0
F19,0.4,0.1,0.0,0.0,SMCC,0.29,0.5,0.8481,420,0.8481,0,1,0
F2,0.4,0.0,0.0,0.2,SMCC,0.19,0.6,0.0,0,0.0,0,1,0
F2,0.4,0.0,0.0,0.2,SMCC,0.19,0.6,0.0259,15,0.0259,0,1,0
F2,0.4,0.0,0.0,0.2,SMCC,0.19,0.6,0.0468,30,0.0468,0,1,0
F2,0.4,0.0,0.0,0.2,SMCC,0.19,0.6,0.0769,60,0.0769,0,1,0
F2,0.4,0.0,0.0,0.2,SMCC,0.19,0.6,0.1312,120,0.1312,0,1,0
F2,0.4,0.0,0.0,0.2,SMCC,0.19,0.6,0.1843,180,0.1843,0,1,0
F2,0.4,0.0,0.0,0.2,SMCC,0.19,0.6,0.2368,240,0.2368,0,1,0
F2,0.4,0.0,0.0,0.2,SMCC,0.19,0.6,0.2891,300,0.2891,0,1,0
F2,0.4,0.0,0.0,0.2,SMCC,0.19,0.6,0.3402,360,0.3402,0,1,0
F2,0.4,0.0,0.0,0.2,SMCC,0.19,0.6,0.391,420,0.391,0,1,0
F20,0.5,0.0,0.0,0.0,SMCC,0.29,0.5,0.0,0,0.0,0,1,0
F20,0.5,0.0,0.0,0.0,SMCC,0.29,0.5,0.0531,15,0.0531,0,1,0
F20,0.5,0.0,0.0,0.0,SMCC,0.29,0.5,0.0945,30,0.0945,0,1,0
F20,0.5,0.0,0.0,0.0,SMCC,0.29,0.5,0.1917,60,0.1917,0,1,0
F20,0.5,0.0,0.0,0.0,SMCC,0.29,0.5,0.3994,120,0.3994,0,1,0
F20,0.5,0.0,0.0,0.0,SMCC,0.29,0.5,0.5787,180,0.5787,0,1,0
F20,0.5,0.0,0.0,0.0,SMCC,0.29,0.5,0.741,240,0.741,0,1,0
F20,0.5,0.0,0.0,0.0,SMCC,0.29,0.5,0.8623,300,0.8623,0,1,0
F20,0.5,0.0,0.0,0.0,SMCC,0.29,0.5,0.9365,360,0.9365,0,1,0
F20,0.5,0.0,0.0,0.0,SMCC,0.29,0.5,0.9597,420,0.9597,0,1,0
F21,0.25,0.25,0.0,0.0,SMCC,0.29,0.5,0.0,0,0.0,0,1,0
F21,0.25,0.25,0.0,0.0,SMCC,0.29,0.5,0.0282,15,0.0282,0,1,0
F21,0.25,0.25,0.0,0.0,SMCC,0.29,0.5,0.0506,30,0.0506,0,1,0
F21,0.25,0.25,0.0,0.0,SMCC,0.29,0.5,0.1875,60,0.1875,0,1,0
F21,0.25,0.25,0.0,0.0,SMCC,0.29,0.5,0.2182,120,0.2182,0,1,0
F21,0.25,0.25,0.0,0.0,SMCC,0.29,0.5,0.3405,180,0.3405,0,1,0
F21,0.25,0.25,0.0,0.0,SMCC,0.29,0.5,0.4599,240,0.4599,0,1,0
F21,0.25,0.25,0.0,0.0,SMCC,0.29,0.5,0.572,300,0.572,0,1,0
F21,0.25,0.25,0.0,0.0,SMCC,0.29,0.5,0.6794,360,0.6794,0,1,0
F21,0.25,0.25,0.0,0.0,SMCC,0.29,0.5,0.7793,420,0.7793,0,1,0
F22,0.1234,0.12,0.0,0.0,SMCC,0.5466,0.2434,0.0,0,0.0,0,1,0
F22,0.1234,0.12,0.0,0.0,SMCC,0.5466,0.2434,0.1664,15,0.1664,0,1,0
F22,0.1234,0.12,0.0,0.0,SMCC,0.5466,0.2434,0.2219,30,0.2219,0,1,0
F22,0.1234,0.12,0.0,0.0,SMCC,0.5466,0.2434,0.3114,60,0.3114,0,1,0
F22,0.1234,0.12,0.0,0.0,SMCC,0.5466,0.2434,0.4855,120,0.4855,0,1,0
F22,0.1234,0.12,0.0,0.0,SMCC,0.5466,0.2434,0.6236,180,0.6236,0,1,0
F22,0.1234,0.12,0.0,0.0,SMCC,0.5466,0.2434,0.7269,240,0.7269,0,1,0
F22,0.1234,0.12,0.0,0.0,SMCC,0.5466,0.2434,0.8199,300,0.8199,0,1,0
F22,0.1234,0.12,0.0,0.0,SMCC,0.5466,0.2434,0.9052,360,0.9052,0,1,0
F22,0.1234,0.12,0.0,0.0,SMCC,0.5466,0.2434,0.9573,420,0.9573,0,1,0
F23,0.1185,0.28,0.0,0.0,SMCC,0.3915,0.3985,0.0,0,0.0,0,1,0
F23,0.1185,0.28,0.0,0.0,SMCC,0.3915,0.3985,0.0418,15,0.0418,0,1,0
F23,0.1185,0.28,0.0,0.0,SMCC,0.3915,0.3985,0.0679,30,0.0679,0,1,0
F23,0.1185,0.28,0.0,0.0,SMCC,0.3915,0.3985,0.126,60,0.126,0,1,0
F23,0.1185,0.28,0.0,0.0,SMCC,0.3915,0.3985,0.2594,120,0.2594,0,1,0
F23,0.1185,0.28,0.0,0.0,SMCC,0.3915,0.3985,0.3942,180,0.3942,0,1,0
F23,0.1185,0.28,0.0,0.0,SMCC,0.3915,0.3985,0.5121,240,0.5121,0,1,0
F23,0.1185,0.28,0.0,0.0,SMCC,0.3915,0.3985,0.615,300,0.615,0,1,0
F23,0.1185,0.28,0.0,0.0,SMCC,0.3915,0.3985,0.7111,360,0.7111,0,1,0
F23,0.1185,0.28,0.0,0.0,SMCC,0.3915,0.3985,0.8005,420,0.8005,0,1,0
F24,0.1,0.4,0.0,0.0,SMCC,0.29,0.5,0.0,0,0.0,0,1,0
F24,0.1,0.4,0.0,0.0,SMCC,0.29,0.5,0.0294,15,0.0294,0,1,0
F24,0.1,0.4,0.0,0.0,SMCC,0.29,0.5,0.0518,30,0.0518,0,1,0
F24,0.1,0.4,0.0,0.0,SMCC,0.29,0.5,0.1035,60,0.1035,0,1,0
F24,0.1,0.4,0.0,0.0,SMCC,0.29,0.5,0.2253,120,0.2253,0,1,0
F24,0.1,0.4,0.0,0.0,SMCC,0.29,0.5,0.3567,180,0.3567,0,1,0
F24,0.1,0.4,0.0,0.0,SMCC,0.29,0.5,0.477,240,0.477,0,1,0
F24,0.1,0.4,0.0,0.0,SMCC,0.29,0.5,0.5878,300,0.5878,0,1,0
F24,0.1,0.4,0.0,0.0,SMCC,0.29,0.5,0.6909,360,0.6909,0,1,0
F24,0.1,0.4,0.0,0.0,SMCC,0.29,0.5,0.7844,420,0.7844,0,1,0
F27,0.275,0.0,0.0,0.0,SMCC,0.515,0.275,0.0,0,0.0,0,1,0
F27,0.275,0.0,0.0,0.0,SMCC,0.515,0.275,0.1025,15,0.1025,0,1,0
F27,0.275,0.0,0.0,0.0,SMCC,0.515,0.275,0.155,30,0.155,0,1,0
F27,0.275,0.0,0.0,0.0,SMCC,0.515,0.275,0.2521,60,0.2521,0,1,0
F27,0.275,0.0,0.0,0.0,SMCC,0.515,0.275,0.4421,120,0.4421,0,1,0
F27,0.275,0.0,0.0,0.0,SMCC,0.515,0.275,0.6187,180,0.6187,0,1,0
F27,0.275,0.0,0.0,0.0,SMCC,0.515,0.275,0.7557,240,0.7557,0,1,0
F27,0.275,0.0,0.0,0.0,SMCC,0.515,0.275,0.8806,300,0.8806,0,1,0
F27,0.275,0.0,0.0,0.0,SMCC,0.515,0.275,0.9564,360,0.9564,0,1,0
F27,0.275,0.0,0.0,0.0,SMCC,0.515,0.275,0.9793,420,0.9793,0,1,0
F28,0.4,0.0,0.0,0.0,SMCC,0.39,0.4,0.0,0,0.0,0,1,0
F28,0.4,0.0,0.0,0.0,SMCC,0.39,0.4,0.0424,15,0.0424,0,1,0
F28,0.4,0.0,0.0,0.0,SMCC,0.39,0.4,0.0795,30,0.0795,0,1,0
F28,0.4,0.0,0.0,0.0,SMCC,0.39,0.4,0.1688,60,0.1688,0,1,0
F28,0.4,0.0,0.0,0.0,SMCC,0.39,0.4,0.3662,120,0.3662,0,1,0
F28,0.4,0.0,0.0,0.0,SMCC,0.39,0.4,0.5607,180,0.5607,0,1,0
F28,0.4,0.0,0.0,0.0,SMCC,0.39,0.4,0.7255,240,0.7255,0,1,0
F28,0.4,0.0,0.0,0.0,SMCC,0.39,0.4,0.846,300,0.846,0,1,0
F28,0.4,0.0,0.0,0.0,SMCC,0.39,0.4,0.9385,360,0.9385,0,1,0
F28,0.4,0.0,0.0,0.0,SMCC,0.39,0.4,0.9709,420,0.9709,0,1,0
F29,0.1056,0.0,0.3066,0.0,SMCC,0.3778,0.4122,0.0,0,0.0,0,1,0
F29,0.1056,0.0,0.3066,0.0,SMCC,0.3778,0.4122,0.0314,15,0.0314,0,1,0
F29,0.1056,0.0,0.3066,0.0,SMCC,0.3778,0.4122,0.0494,30,0.0494,0,1,0
F29,0.1056,0.0,0.3066,0.0,SMCC,0.3778,0.4122,0.0794,60,0.0794,0,1,0
F29,0.1056,0.0,0.3066,0.0,SMCC,0.3778,0.4122,0.1417,120,0.1417,0,1,0
F29,0.1056,0.0,0.3066,0.0,SMCC,0.3778,0.4122,0.2114,180,0.2114,0,1,0
F29,0.1056,0.0,0.3066,0.0,SMCC,0.3778,0.4122,0.2862,240,0.2862,0,1,0
F29,0.1056,0.0,0.3066,0.0,SMCC,0.3778,0.4122,0.3616,300,0.3616,0,1,0
F29,0.1056,0.0,0.3066,0.0,SMCC,0.3778,0.4122,0.4338,360,0.4338,0,1,0
F29,0.1056,0.0,0.3066,0.0,SMCC,0.3778,0.4122,0.5059,420,0.5059,0,1,0
F3,0.075,0.0,0.0,0.4,SMCC,0.315,0.475,0.0,0,0.0,0,1,0
F3,0.075,0.0,0.0,0.4,SMCC,0.315,0.475,0.0259,15,0.0259,0,1,0
F3,0.075,0.0,0.0,0.4,SMCC,0.315,0.475,0.0384,30,0.0384,0,1,0
F3,0.075,0.0,0.0,0.4,SMCC,0.315,0.475,0.0591,60,0.0591,0,1,0
F3,0.075,0.0,0.0,0.4,SMCC,0.315,0.475,0.0963,120,0.0963,0,1,0
F3,0.075,0.0,0.0,0.4,SMCC,0.315,0.475,0.1325,180,0.1325,0,1,0
F3,0.075,0.0,0.0,0.4,SMCC,0.315,0.475,0.1696,240,0.1696,0,1,0
F3,0.075,0.0,0.0,0.4,SMCC,0.315,0.475,0.2065,300,0.2065,0,1,0
F3,0.075,0.0,0.0,0.4,SMCC,0.315,0.475,0.243,360,0.243,0,1,0
F3,0.075,0.0,0.0,0.4,SMCC,0.315,0.475,0.2801,420,0.2801,0,1,0
F30,0.4,0.0,0.275,0.0,SMCC,0.115,0.675,0.0,0,0.0,0,1,0
F30,0.4,0.0,0.275,0.0,SMCC,0.115,0.675,0.0247,15,0.0247,0,1,0
F30,0.4,0.0,0.275,0.0,SMCC,0.115,0.675,0.0427,30,0.0427,0,1,0
F30,0.4,0.0,0.275,0.0,SMCC,0.115,0.675,0.0751,60,0.0751,0,1,0
F30,0.4,0.0,0.275,0.0,SMCC,0.115,0.675,0.1417,120,0.1417,0,1,0
F30,0.4,0.0,0.275,0.0,SMCC,0.115,0.675,0.217,180,0.217,0,1,0
F30,0.4,0.0,0.275,0.0,SMCC,0.115,0.675,0.2982,240,0.2982,0,1,0
F30,0.4,0.0,0.275,0.0,SMCC,0.115,0.675,0.3866,300,0.3866,0,1,0
F30,0.4,0.0,0.275,0.0,SMCC,0.115,0.675,0.4759,360,0.4759,0,1,0
F30,0.4,0.0,0.275,0.0,SMCC,0.115,0.675,0.5656,420,0.5656,0,1,0
F31,0.1,0.0,0.4,0.0,SMCC,0.29,0.5,0.0,0,0.0,0,1,0
F31,0.1,0.0,0.4,0.0,SMCC,0.29,0.5,0.0267,15,0.0267,0,1,0
F31,0.1,0.0,0.4,0.0,SMCC,0.29,0.5,0.0434,30,0.0434,0,1,0
F31,0.1,0.0,0.4,0.0,SMCC,0.29,0.5,0.0716,60,0.0716,0,1,0
F31,0.1,0.0,0.4,0.0,SMCC,0.29,0.5,0.1294,120,0.1294,0,1,0
F31,0.1,0.0,0.4,0.0,SMCC,0.29,0.5,0.191,180,0.191,0,1,0
F31,0.1,0.0,0.4,0.0,SMCC,0.29,0.5,0.2558,240,0.2558,0,1,0
F31,0.1,0.0,0.4,0.0,SMCC,0.29,0.5,0.3246,300,0.3246,0,1,0
F31,0.1,0.0,0.4,0.0,SMCC,0.29,0.5,0.3938,360,0.3938,0,1,0
F31,0.1,0.0,0.4,0.0,SMCC,0.29,0.5,0.4615,420,0.4615,0,1,0
F32,0.0,0.0,0.4,0.0,SMCC,0.39,0.4,0.0,0,0.0,0,1,0
F32,0.0,0.0,0.4,0.0,SMCC,0.39,0.4,0.0327,15,0.0327,0,1,0
F32,0.0,0.0,0.4,0.0,SMCC,0.39,0.4,0.0495,30,0.0495,0,1,0
F32,0.0,0.0,0.4,0.0,SMCC,0.39,0.4,0.0794,60,0.0794,0,1,0
F32,0.0,0.0,0.4,0.0,SMCC,0.39,0.4,0.1381,120,0.1381,0,1,0
F32,0.0,0.0,0.4,0.0,SMCC,0.39,0.4,0.1986,180,0.1986,0,1,0
F32,0.0,0.0,0.4,0.0,SMCC,0.39,0.4,0.2607,240,0.2607,0,1,0
F32,0.0,0.0,0.4,0.0,SMCC,0.39,0.4,0.3229,300,0.3229,0,1,0
F32,0.0,0.0,0.4,0.0,SMCC,0.39,0.4,0.3853,360,0.3853,0,1,0
F32,0.0,0.0,0.4,0.0,SMCC,0.39,0.4,0.4462,420,0.4462,0,1,0
F33,0.25,0.0,0.25,0.0,SMCC,0.29,0.5,0.0,0,0.0,0,1,0
F33,0.25,0.0,0.25,0.0,SMCC,0.29,0.5,0.0313,15,0.0313,0,1,0
F33,0.25,0.0,0.25,0.0,SMCC,0.29,0.5,0.0521,30,0.0521,0,1,0
F33,0.25,0.0,0.25,0.0,SMCC,0.29,0.5,0.0875,60,0.0875,0,1,0
F33,0.25,0.0,0.25,0.0,SMCC,0.29,0.5,0.1613,120,0.1613,0,1,0
F33,0.25,0.0,0.25,0.0,SMCC,0.29,0.5,0.2386,180,0.2386,0,1,0
F33,0.25,0.0,0.25,0.0,SMCC,0.29,0.5,0.3178,240,0.3178,0,1,0
F33,0.25,0.0,0.25,0.0,SMCC,0.29,0.5,0.3969,300,0.3969,0,1,0
F33,0.25,0.0,0.25,0.0,SMCC,0.29,0.5,0.474,360,0.474,0,1,0
F33,0.25,0.0,0.25,0.0,SMCC,0.29,0.5,0.5468,420,0.5468,0,1,0
F34,0.12,0.0,0.1234,0.0,SMCC,0.5466,0.2434,0.0,0,0.0,0,1,0
F34,0.12,0.0,0.1234,0.0,SMCC,0.5466,0.2434,0.1049,15,0.1049,0,1,0
F34,0.12,0.0,0.1234,0.0,SMCC,0.5466,0.2434,0.1387,30,0.1387,0,1,0
F34,0.12,0.0,0.1234,0.0,SMCC,0.5466,0.2434,0.1924,60,0.1924,0,1,0
F34,0.12,0.0,0.1234,0.0,SMCC,0.5466,0.2434,0.2976,120,0.2976,0,1,0
F34,0.12,0.0,0.1234,0.0,SMCC,0.5466,0.2434,0.4133,180,0.4133,0,1,0
F34,0.12,0.0,0.1234,0.0,SMCC,0.5466,0.2434,0.5266,240,0.5266,0,1,0
F34,0.12,0.0,0.1234,0.0,SMCC,0.5466,0.2434,0.6202,300,0.6202,0,1,0
F34,0.12,0.0,0.1234,0.0,SMCC,0.5466,0.2434,0.7014,360,0.7014,0,1,0
F34,0.12,0.0,0.1234,0.0,SMCC,0.5466,0.2434,0.7757,420,0.7757,0,1,0
F35,0.28,0.0,0.1185,0.0,SMCC,0.3915,0.3985,0.0,0,0.0,0,1,0
F35,0.28,0.0,0.1185,0.0,SMCC,0.3915,0.3985,0.0401,15,0.0401,0,1,0
F35,0.28,0.0,0.1185,0.0,SMCC,0.3915,0.3985,0.0649,30,0.0649,0,1,0
F35,0.28,0.0,0.1185,0.0,SMCC,0.3915,0.3985,0.113,60,0.113,0,1,0
F35,0.28,0.0,0.1185,0.0,SMCC,0.3915,0.3985,0.2197,120,0.2197,0,1,0
F35,0.28,0.0,0.1185,0.0,SMCC,0.3915,0.3985,0.3285,180,0.3285,0,1,0
F35,0.28,0.0,0.1185,0.0,SMCC,0.3915,0.3985,0.4348,240,0.4348,0,1,0
F35,0.28,0.0,0.1185,0.0,SMCC,0.3915,0.3985,0.5329,300,0.5329,0,1,0
F35,0.28,0.0,0.1185,0.0,SMCC,0.3915,0.3985,0.62,360,0.62,0,1,0
F35,0.28,0.0,0.1185,0.0,SMCC,0.3915,0.3985,0.6968,420,0.6968,0,1,0
F36,0.4,0.0,0.1,0.0,SMCC,0.29,0.5,0.0,0,0.0,0,1,0
F36,0.4,0.0,0.1,0.0,SMCC,0.29,0.5,0.0302,15,0.0302,0,1,0
F36,0.4,0.0,0.1,0.0,SMCC,0.29,0.5,0.054,30,0.054,0,1,0
F36,0.4,0.0,0.1,0.0,SMCC,0.29,0.5,0.1034,60,0.1034,0,1,0
F36,0.4,0.0,0.1,0.0,SMCC,0.29,0.5,0.217,120,0.217,0,1,0
F36,0.4,0.0,0.1,0.0,SMCC,0.29,0.5,0.3384,180,0.3384,0,1,0
F36,0.4,0.0,0.1,0.0,SMCC,0.29,0.5,0.4547,240,0.4547,0,1,0
F36,0.4,0.0,0.1,0.0,SMCC,0.29,0.5,0.5617,300,0.5617,0,1,0
F36,0.4,0.0,0.1,0.0,SMCC,0.29,0.5,0.6539,360,0.6539,0,1,0
F36,0.4,0.0,0.1,0.0,SMCC,0.29,0.5,0.7369,420,0.7369,0,1,0
F39,0.0,0.0,0.275,0.0,SMCC,0.515,0.275,0.0,0,0.0,0,1,0
F39,0.0,0.0,0.275,0.0,SMCC,0.515,0.275,0.0587,15,0.0587,0,1,0
F39,0.0,0.0,0.275,0.0,SMCC,0.515,0.275,0.0831,30,0.0831,0,1,0
F39,0.0,0.0,0.275,0.0,SMCC,0.515,0.275,0.1194,60,0.1194,0,1,0
F39,0.0,0.0,0.275,0.0,SMCC,0.515,0.275,0.186,120,0.186,0,1,0
F39,0.0,0.0,0.275,0.0,SMCC,0.515,0.275,0.2579,180,0.2579,0,1,0
F39,0.0,0.0,0.275,0.0,SMCC,0.515,0.275,0.3343,240,0.3343,0,1,0
F39,0.0,0.0,0.275,0.0,SMCC,0.515,0.275,0.4122,300,0.4122,0,1,0
F39,0.0,0.0,0.275,0.0,SMCC,0.515,0.275,0.489,360,0.489,0,1,0
F39,0.0,0.0,0.275,0.0,SMCC,0.515,0.275,0.5616,420,0.5616,0,1,0
F4,0.4,0.0,0.0,0.075,SMCC,0.315,0.475,0.0,0,0.0,0,1,0
F4,0.4,0.0,0.0,0.075,SMCC,0.315,0.475,0.0326,15,0.0326,0,1,0
F4,0.4,0.0,0.0,0.075,SMCC,0.315,0.475,0.0595,30,0.0595,0,1,0
F4,0.4,0.0,0.0,0.075,SMCC,0.315,0.475,0.1061,60,0.1061,0,1,0
F4,0.4,0.0,0.0,0.075,SMCC,0.315,0.475,0.2004,120,0.2004,0,1,0
F4,0.4,0.0,0.0,0.075,SMCC,0.315,0.475,0.2949,180,0.2949,0,1,0
F4,0.4,0.0,0.0,0.075,SMCC,0.315,0.475,0.3862,240,0.3862,0,1,0
F4,0.4,0.0,0.0,0.075,SMCC,0.315,0.475,0.4714,300,0.4714,0,1,0
F4,0.4,0.0,0.0,0.075,SMCC,0.315,0.475,0.5485,360,0.5485,0,1,0
F4,0.4,0.0,0.0,0.075,SMCC,0.315,0.475,0.6186,420,0.6186,0,1,0
F40,0.0,0.0,0.4,0.0,SMCC,0.39,0.4,0.0,0,0.0,0,1,0
F40,0.0,0.0,0.4,0.0,SMCC,0.39,0.4,0.0239,15,0.0239,0,1,0
F40,0.0,0.0,0.4,0.0,SMCC,0.39,0.4,0.0384,30,0.0384,0,1,0
F40,0.0,0.0,0.4,0.0,SMCC,0.39,0.4,0.0642,60,0.0642,0,1,0
F40,0.0,0.0,0.4,0.0,SMCC,0.39,0.4,0.1155,120,0.1155,0,1,0
F40,0.0,0.0,0.4,0.0,SMCC,0.39,0.4,0.1704,180,0.1704,0,1,0
F40,0.0,0.0,0.4,0.0,SMCC,0.39,0.4,0.2273,240,0.2273,0,1,0
F40,0.0,0.0,0.4,0.0,SMCC,0.39,0.4,0.2849,300,0.2849,0,1,0
F40,0.0,0.0,0.4,0.0,SMCC,0.39,0.4,0.3422,360,0.3422,0,1,0
F40,0.0,0.0,0.4,0.0,SMCC,0.39,0.4,0.3993,420,0.3993,0,1,0
F41,0.0,0.306,0.1056,0.0,SMCC,0.3784,0.4116,0.0,0,0.0,0,1,0
F41,0.0,0.306,0.1056,0.0,SMCC,0.3784,0.4116,0.0357,15,0.0357,0,1,0
F41,0.0,0.306,0.1056,0.0,SMCC,0.3784,0.4116,0.0568,30,0.0568,0,1,0
F41,0.0,0.306,0.1056,0.0,SMCC,0.3784,0.4116,0.0954,60,0.0954,0,1,0
F41,0.0,0.306,0.1056,0.0,SMCC,0.3784,0.4116,0.1788,120,0.1788,0,1,0
F41,0.0,0.306,0.1056,0.0,SMCC,0.3784,0.4116,0.2713,180,0.2713,0,1,0
F41,0.0,0.306,0.1056,0.0,SMCC,0.3784,0.4116,0.3654,240,0.3654,0,1,0
F41,0.0,0.306,0.1056,0.0,SMCC,0.3784,0.4116,0.4536,300,0.4536,0,1,0
F41,0.0,0.306,0.1056,0.0,SMCC,0.3784,0.4116,0.5394,360,0.5394,0,1,0
F41,0.0,0.306,0.1056,0.0,SMCC,0.3784,0.4116,0.6167,420,0.6167,0,1,0
F42,0.0,0.275,0.4,0.0,SMCC,0.115,0.675,0.0,0,0.0,0,1,0
F42,0.0,0.275,0.4,0.0,SMCC,0.115,0.675,0.0238,15,0.0238,0,1,0
F42,0.0,0.275,0.4,0.0,SMCC,0.115,0.675,0.0401,30,0.0401,0,1,0
F42,0.0,0.275,0.4,0.0,SMCC,0.115,0.675,0.0698,60,0.0698,0,1,0
F42,0.0,0.275,0.4,0.0,SMCC,0.115,0.675,0.1282,120,0.1282,0,1,0
F42,0.0,0.275,0.4,0.0,SMCC,0.115,0.675,0.191,180,0.191,0,1,0
F42,0.0,0.275,0.4,0.0,SMCC,0.115,0.675,0.2556,240,0.2556,0,1,0
F42,0.0,0.275,0.4,0.0,SMCC,0.115,0.675,0.3206,300,0.3206,0,1,0
F42,0.0,0.275,0.4,0.0,SMCC,0.115,0.675,0.3861,360,0.3861,0,1,0
F42,0.0,0.275,0.4,0.0,SMCC,0.115,0.675,0.4512,420,0.4512,0,1,0
F43,0.0,0.4,0.1,0.0,SMCC,0.29,0.5,0.0,0,0.0,0,1,0
F43,0.0,0.4,0.1,0.0,SMCC,0.29,0.5,0.0272,15,0.0272,0,1,0
F43,0.0,0.4,0.1,0.0,SMCC,0.29,0.5,0.0466,30,0.0466,0,1,0
F43,0.0,0.4,0.1,0.0,SMCC,0.29,0.5,0.083,60,0.083,0,1,0
F43,0.0,0.4,0.1,0.0,SMCC,0.29,0.5,0.1639,120,0.1639,0,1,0
F43,0.0,0.4,0.1,0.0,SMCC,0.29,0.5,0.2539,180,0.2539,0,1,0
F43,0.0,0.4,0.1,0.0,SMCC,0.29,0.5,0.3446,240,0.3446,0,1,0
F43,0.0,0.4,0.1,0.0,SMCC,0.29,0.5,0.4334,300,0.4334,0,1,0
F43,0.0,0.4,0.1,0.0,SMCC,0.29,0.5,0.521,360,0.521,0,1,0
F43,0.0,0.4,0.1,0.0,SMCC,0.29,0.5,0.6057,420,0.6057,0,1,0
F44,0.0,0.5,0.0,0.0,SMCC,0.29,0.5,0.0,0,0.0,0,1,0
F44,0.0,0.5,0.0,0.0,SMCC,0.29,0.5,0.0379,15,0.0379,0,1,0
F44,0.0,0.5,0.0,0.0,SMCC,0.29,0.5,0.0619,30,0.0619,0,1,0
F44,0.0,0.5,0.0,0.0,SMCC,0.29,0.5,0.112,60,0.112,0,1,0
F44,0.0,0.5,0.0,0.0,SMCC,0.29,0.5,0.2294,120,0.2294,0,1,0
F44,0.0,0.5,0.0,0.0,SMCC,0.29,0.5,0.3543,180,0.3543,0,1,0
F44,0.0,0.5,0.0,0.0,SMCC,0.29,0.5,0.4656,240,0.4656,0,1,0
F44,0.0,0.5,0.0,0.0,SMCC,0.29,0.5,0.5605,300,0.5605,0,1,0
F44,0.0,0.5,0.0,0.0,SMCC,0.29,0.5,0.6444,360,0.6444,0,1,0
F44,0.0,0.5,0.0,0.0,SMCC,0.29,0.5,0.7255,420,0.7255,0,1,0
F45,0.0,0.25,0.25,0.0,SMCC,0.29,0.5,0.0,0,0.0,0,1,0
F45,0.0,0.25,0.25,0.0,SMCC,0.29,0.5,0.0252,15,0.0252,0,1,0
F45,0.0,0.25,0.25,0.0,SMCC,0.29,0.5,0.042,30,0.042,0,1,0
F45,0.0,0.25,0.25,0.0,SMCC,0.29,0.5,0.0704,60,0.0704,0,1,0
F45,0.0,0.25,0.25,0.0,SMCC,0.29,0.5,0.1272,120,0.1272,0,1,0
F45,0.0,0.25,0.25,0.0,SMCC,0.29,0.5,0.1908,180,0.1908,0,1,0
F45,0.0,0.25,0.25,0.0,SMCC,0.29,0.5,0.259,240,0.259,0,1,0
F45,0.0,0.25,0.25,0.0,SMCC,0.29,0.5,0.3303,300,0.3303,0,1,0
F45,0.0,0.25,0.25,0.0,SMCC,0.29,0.5,0.401,360,0.401,0,1,0
F45,0.0,0.25,0.25,0.0,SMCC,0.29,0.5,0.4744,420,0.4744,0,1,0
F46,0.0,0.1234,0.12,0.0,SMCC,0.5466,0.2434,0.0,0,0.0,0,1,0
F46,0.0,0.1234,0.12,0.0,SMCC,0.5466,0.2434,0.1033,15,0.1033,0,1,0
F46,0.0,0.1234,0.12,0.0,SMCC,0.5466,0.2434,0.1377,30,0.1377,0,1,0
F46,0.0,0.1234,0.12,0.0,SMCC,0.5466,0.2434,0.1876,60,0.1876,0,1,0
F46,0.0,0.1234,0.12,0.0,SMCC,0.5466,0.2434,0.2765,120,0.2765,0,1,0
F46,0.0,0.1234,0.12,0.0,SMCC,0.5466,0.2434,0.3713,180,0.3713,0,1,0
F46,0.0,0.1234,0.12,0.0,SMCC,0.5466,0.2434,0.4651,240,0.4651,0,1,0
F46,0.0,0.1234,0.12,0.0,SMCC,0.5466,0.2434,0.5483,300,0.5483,0,1,0
F46,0.0,0.1234,0.12,0.0,SMCC,0.5466,0.2434,0.6209,360,0.6209,0,1,0
F46,0.0,0.1234,0.12,0.0,SMCC,0.5466,0.2434,0.6887,420,0.6887,0,1,0
F47,0.0,0.1185,0.28,0.0,SMCC,0.3915,0.3985,0.0,0,0.0,0,1,0
F47,0.0,0.1185,0.28,0.0,SMCC,0.3915,0.3985,0.0364,15,0.0364,0,1,0
F47,0.0,0.1185,0.28,0.0,SMCC,0.3915,0.3985,0.0546,30,0.0546,0,1,0
F47,0.0,0.1185,0.28,0.0,SMCC,0.3915,0.3985,0.0876,60,0.0876,0,1,0
F47,0.0,0.1185,0.28,0.0,SMCC,0.3915,0.3985,0.1513,120,0.1513,0,1,0
F47,0.0,0.1185,0.28,0.0,SMCC,0.3915,0.3985,0.2214,180,0.2214,0,1,0
F47,0.0,0.1185,0.28,0.0,SMCC,0.3915,0.3985,0.2967,240,0.2967,0,1,0
F47,0.0,0.1185,0.28,0.0,SMCC,0.3915,0.3985,0.3708,300,0.3708,0,1,0
F47,0.0,0.1185,0.28,0.0,SMCC,0.3915,0.3985,0.4417,360,0.4417,0,1,0
F47,0.0,0.1185,0.28,0.0,SMCC,0.3915,0.3985,0.5116,420,0.5116,0,1,0
F48,0.0,0.1,0.4,0.0,SMCC,0.29,0.5,0.0,0,0.0,0,1,0
F48,0.0,0.1,0.4,0.0,SMCC,0.29,0.5,0.0293,15,0.0293,0,1,0
F48,0.0,0.1,0.4,0.0,SMCC,0.29,0.5,0.0468,30,0.0468,0,1,0
F48,0.0,0.1,0.4,0.0,SMCC,0.29,0.5,0.0782,60,0.0782,0,1,0
F48,0.0,0.1,0.4,0.0,SMCC,0.29,0.5,0.1386,120,0.1386,0,1,0
F48,0.0,0.1,0.4,0.0,SMCC,0.29,0.5,0.2016,180,0.2016,0,1,0
F48,0.0,0.1,0.4,0.0,SMCC,0.29,0.5,0.2672,240,0.2672,0,1,0
F48,0.0,0.1,0.4,0.0,SMCC,0.29,0.5,0.3342,300,0.3342,0,1,0
F48,0.0,0.1,0.4,0.0,SMCC,0.29,0.5,0.4007,360,0.4007,0,1,0
F48,0.0,0.1,0.4,0.0,SMCC,0.29,0.5,0.4657,420,0.4657,0,1,0
F5,0.075,0.0,0.0,0.4,SMCC,0.315,0.475,0.0,0,0.0,0,1,0
F5,0.075,0.0,0.0,0.4,SMCC,0.315,0.475,0.023,15,0.023,0,1,0
F5,0.075,0.0,0.0,0.4,SMCC,0.315,0.475,0.0357,30,0.0357,0,1,0
F5,0.075,0.0,0.0,0.4,SMCC,0.315,0.475,0.0568,60,0.0568,0,1,0
F5,0.075,0.0,0.0,0.4,SMCC,0.315,0.475,0.0948,120,0.0948,0,1,0
F5,0.075,0.0,0.0,0.4,SMCC,0.315,0.475,0.133,180,0.133,0,1,0
F5,0.075,0.0,0.0,0.4,SMCC,0.315,0.475,0.1715,240,0.1715,0,1,0
F5,0.075,0.0,0.0,0.4,SMCC,0.315,0.475,0.2102,300,0.2102,0,1,0
F5,0.075,0.0,0.0,0.4,SMCC,0.315,0.475,0.2488,360,0.2488,0,1,0
F5,0.075,0.0,0.0,0.4,SMCC,0.315,0.475,0.2875,420,0.2875,0,1,0
F51,0.3391,0.2609,0.0,0.0,SMCC,0.19,0.6,0.0,0,0.0,0,1,0
F51,0.3391,0.2609,0.0,0.0,SMCC,0.19,0.6,0.0237,15,0.0237,0,1,0
F51,0.3391,0.2609,0.0,0.0,SMCC,0.19,0.6,0.0413,30,0.0413,0,1,0
F51,0.3391,0.2609,0.0,0.0,SMCC,0.19,0.6,0.0788,60,0.0788,0,1,0
F51,0.3391,0.2609,0.0,0.0,SMCC,0.19,0.6,0.1682,120,0.1682,0,1,0
F51,0.3391,0.2609,0.0,0.0,SMCC,0.19,0.6,0.2694,180,0.2694,0,1,0
F51,0.3391,0.2609,0.0,0.0,SMCC,0.19,0.6,0.3727,240,0.3727,0,1,0
F51,0.3391,0.2609,0.0,0.0,SMCC,0.19,0.6,0.4823,300,0.4823,0,1,0
F51,0.3391,0.2609,0.0,0.0,SMCC,0.19,0.6,0.5883,360,0.5883,0,1,0
F51,0.3391,0.2609,0.0,0.0,SMCC,0.19,0.6,0.6871,420,0.6871,0,1,0
F52,0.3692,0.2308,0.0,0.0,SMCC,0.19,0.6,0.0,0,0.0,0,1,0
F52,0.3692,0.2308,0.0,0.0,SMCC,0.19,0.6,0.0246,15,0.0246,0,1,0
F52,0.3692,0.2308,0.0,0.0,SMCC,0.19,0.6,0.0436,30,0.0436,0,1,0
F52,0.3692,0.2308,0.0,0.0,SMCC,0.19,0.6,0.0836,60,0.0836,0,1,0
F52,0.3692,0.2308,0.0,0.0,SMCC,0.19,0.6,0.1721,120,0.1721,0,1,0
F52,0.3692,0.2308,0.0,0.0,SMCC,0.19,0.6,0.272,180,0.272,0,1,0
F52,0.3692,0.2308,0.0,0.0,SMCC,0.19,0.6,0.3788,240,0.3788,0,1,0
F52,0.3692,0.2308,0.0,0.0,SMCC,0.19,0.6,0.4834,300,0.4834,0,1,0
F52,0.3692,0.2308,0.0,0.0,SMCC,0.19,0.6,0.5815,360,0.5815,0,1,0
F52,0.3692,0.2308,0.0,0.0,SMCC,0.19,0.6,0.6768,420,0.6768,0,1,0
F53,0.3931,0.2069,0.0,0.0,SMCC,0.19,0.6,0.0,0,0.0,0,1,0
F53,0.3931,0.2069,0.0,0.0,SMCC,0.19,0.6,0.0224,15,0.0224,0,1,0
F53,0.3931,0.2069,0.0,0.0,SMCC,0.19,0.6,0.0384,30,0.0384,0,1,0
F53,0.3931,0.2069,0.0,0.0,SMCC,0.19,0.6,0.0757,60,0.0757,0,1,0
F53,0.3931,0.2069,0.0,0.0,SMCC,0.19,0.6,0.1672,120,0.1672,0,1,0
F53,0.3931,0.2069,0.0,0.0,SMCC,0.19,0.6,0.2694,180,0.2694,0,1,0
F53,0.3931,0.2069,0.0,0.0,SMCC,0.19,0.6,0.3738,240,0.3738,0,1,0
F53,0.3931,0.2069,0.0,0.0,SMCC,0.19,0.6,0.4788,300,0.4788,0,1,0
F53,0.3931,0.2069,0.0,0.0,SMCC,0.19,0.6,0.5833,360,0.5833,0,1,0
F53,0.3931,0.2069,0.0,0.0,SMCC,0.19,0.6,0.6844,420,0.6844,0,1,0
F54,0.3109,0.2391,0.0,0.0,SMCC,0.24,0.55,0.0,0,0.0,0,1,0
F54,0.3109,0.2391,0.0,0.0,SMCC,0.24,0.55,0.0275,15,0.0275,0,1,0
F54,0.3109,0.2391,0.0,0.0,SMCC,0.24,0.55,0.0485,30,0.0485,0,1,0
F54,0.3109,0.2391,0.0,0.0,SMCC,0.24,0.55,0.0952,60,0.0952,0,1,0
F54,0.3109,0.2391,0.0,0.0,SMCC,0.24,0.55,0.2067,120,0.2067,0,1,0
F54,0.3109,0.2391,0.0,0.0,SMCC,0.24,0.55,0.3273,180,0.3273,0,1,0
F54,0.3109,0.2391,0.0,0.0,SMCC,0.24,0.55,0.4474,240,0.4474,0,1,0
F54,0.3109,0.2391,0.0,0.0,SMCC,0.24,0.55,0.56,300,0.56,0,1,0
F54,0.3109,0.2391,0.0,0.0,SMCC,0.24,0.55,0.6623,360,0.6623,0,1,0
F54,0.3109,0.2391,0.0,0.0,SMCC,0.24,0.55,0.7551,420,0.7551,0,1,0
F55,0.3385,0.2115,0.0,0.0,SMCC,0.24,0.55,0.0,0,0.0,0,1,0
F55,0.3385,0.2115,0.0,0.0,SMCC,0.24,0.55,0.0235,15,0.0235,0,1,0
F55,0.3385,0.2115,0.0,0.0,SMCC,0.24,0.55,0.0392,30,0.0392,0,1,0
F55,0.3385,0.2115,0.0,0.0,SMCC,0.24,0.55,0.0748,60,0.0748,0,1,0
F55,0.3385,0.2115,0.0,0.0,SMCC,0.24,0.55,0.1604,120,0.1604,0,1,0
F55,0.3385,0.2115,0.0,0.0,SMCC,0.24,0.55,0.2592,180,0.2592,0,1,0
F55,0.3385,0.2115,0.0,0.0,SMCC,0.24,0.55,0.3609,240,0.3609,0,1,0
F55,0.3385,0.2115,0.0,0.0,SMCC,0.24,0.55,0.461,300,0.461,0,1,0
F55,0.3385,0.2115,0.0,0.0,SMCC,0.24,0.55,0.5615,360,0.5615,0,1,0
F55,0.3385,0.2115,0.0,0.0,SMCC,0.24,0.55,0.6622,420,0.6622,0,1,0
F56,0.3603,0.1897,0.0,0.0,SMCC,0.24,0.55,0.0,0,0.0,0,1,0
F56,0.3603,0.1897,0.0,0.0,SMCC,0.24,0.55,0.0273,15,0.0273,0,1,0
F56,0.3603,0.1897,0.0,0.0,SMCC,0.24,0.55,0.0466,30,0.0466,0,1,0
F56,0.3603,0.1897,0.0,0.0,SMCC,0.24,0.55,0.0918,60,0.0918,0,1,0
F56,0.3603,0.1897,0.0,0.0,SMCC,0.24,0.55,0.1966,120,0.1966,0,1,0
F56,0.3603,0.1897,0.0,0.0,SMCC,0.24,0.55,0.3121,180,0.3121,0,1,0
F56,0.3603,0.1897,0.0,0.0,SMCC,0.24,0.55,0.4185,240,0.4185,0,1,0
F56,0.3603,0.1897,0.0,0.0,SMCC,0.24,0.55,0.5179,300,0.5179,0,1,0
F56,0.3603,0.1897,0.0,0.0,SMCC,0.24,0.55,0.6268,360,0.6268,0,1,0
F56,0.3603,0.1897,0.0,0.0,SMCC,0.24,0.55,0.7273,420,0.7273,0,1,0
F57,0.2826,0.2174,0.0,0.0,SMCC,0.29,0.5,0.0,0,0.0,0,1,0
F57,0.2826,0.2174,0.0,0.0,SMCC,0.29,0.5,0.0293,15,0.0293,0,1,0
F57,0.2826,0.2174,0.0,0.0,SMCC,0.29,0.5,0.0493,30,0.0493,0,1,0
F57,0.2826,0.2174,0.0,0.0,SMCC,0.29,0.5,0.0946,60,0.0946,0,1,0
F57,0.2826,0.2174,0.0,0.0,SMCC,0.29,0.5,0.2012,120,0.2012,0,1,0
F57,0.2826,0.2174,0.0,0.0,SMCC,0.29,0.5,0.3114,180,0.3114,0,1,0
F57,0.2826,0.2174,0.0,0.0,SMCC,0.29,0.5,0.4231,240,0.4231,0,1,0
F57,0.2826,0.2174,0.0,0.0,SMCC,0.29,0.5,0.5308,300,0.5308,0,1,0
F57,0.2826,0.2174,0.0,0.0,SMCC,0.29,0.5,0.6358,360,0.6358,0,1,0
F57,0.2826,0.2174,0.0,0.0,SMCC,0.29,0.5,0.7341,420,0.7341,0,1,0
F58,0.3077,0.1923,0.0,0.0,SMCC,0.29,0.5,0.0,0,0.0,0,1,0
F58,0.3077,0.1923,0.0,0.0,SMCC,0.29,0.5,0.0298,15,0.0298,0,1,0
F58,0.3077,0.1923,0.0,0.0,SMCC,0.29,0.5,0.0504,30,0.0504,0,1,0
F58,0.3077,0.1923,0.0,0.0,SMCC,0.29,0.5,0.0962,60,0.0962,0,1,0
F58,0.3077,0.1923,0.0,0.0,SMCC,0.29,0.5,0.2073,120,0.2073,0,1,0
F58,0.3077,0.1923,0.0,0.0,SMCC,0.29,0.5,0.3214,180,0.3214,0,1,0
F58,0.3077,0.1923,0.0,0.0,SMCC,0.29,0.5,0.4295,240,0.4295,0,1,0
F58,0.3077,0.1923,0.0,0.0,SMCC,0.29,0.5,0.5298,300,0.5298,0,1,0
F58,0.3077,0.1923,0.0,0.0,SMCC,0.29,0.5,0.6294,360,0.6294,0,1,0
F58,0.3077,0.1923,0.0,0.0,SMCC,0.29,0.5,0.729,420,0.729,0,1,0
F59,0.3276,0.1724,0.0,0.0,SMCC,0.29,0.5,0.0,0,0.0,0,1,0
F59,0.3276,0.1724,0.0,0.0,SMCC,0.29,0.5,0.0289,15,0.0289,0,1,0
F59,0.3276,0.1724,0.0,0.0,SMCC,0.29,0.5,0.0527,30,0.0527,0,1,0
F59,0.3276,0.1724,0.0,0.0,SMCC,0.29,0.5,0.1072,60,0.1072,0,1,0
F59,0.3276,0.1724,0.0,0.0,SMCC,0.29,0.5,0.2382,120,0.2382,0,1,0
F59,0.3276,0.1724,0.0,0.0,SMCC,0.29,0.5,0.3707,180,0.3707,0,1,0
F59,0.3276,0.1724,0.0,0.0,SMCC,0.29,0.5,0.495,240,0.495,0,1,0
F59,0.3276,0.1724,0.0,0.0,SMCC,0.29,0.5,0.6099,300,0.6099,0,1,0
F59,0.3276,0.1724,0.0,0.0,SMCC,0.29,0.5,0.7095,360,0.7095,0,1,0
F59,0.3276,0.1724,0.0,0.0,SMCC,0.29,0.5,0.7968,420,0.7968,0,1,0
F6,0.075,0.0,0.0,0.2489,SMCC,0.4661,0.3239,0.0,0,0.0,0,1,0
F6,0.075,0.0,0.0,0.2489,SMCC,0.4661,0.3239,0.0382,15,0.0382,0,1,0
F6,0.075,0.0,0.0,0.2489,SMCC,0.4661,0.3239,0.057,30,0.057,0,1,0
F6,0.075,0.0,0.0,0.2489,SMCC,0.4661,0.3239,0.0835,60,0.0835,0,1,0
F6,0.075,0.0,0.0,0.2489,SMCC,0.4661,0.3239,0.1309,120,0.1309,0,1,0
F6,0.075,0.0,0.0,0.2489,SMCC,0.4661,0.3239,0.1753,180,0.1753,0,1,0
F6,0.075,0.0,0.0,0.2489,SMCC,0.4661,0.3239,0.2185,240,0.2185,0,1,0
F6,0.075,0.0,0.0,0.2489,SMCC,0.4661,0.3239,0.2604,300,0.2604,0,1,0
F6,0.075,0.0,0.0,0.2489,SMCC,0.4661,0.3239,0.3015,360,0.3015,0,1,0
F6,0.075,0.0,0.0,0.2489,SMCC,0.4661,0.3239,0.3411,420,0.3411,0,1,0
F60,0.3387,0.1613,0.0,0.0,SMCC,0.29,0.5,0.0,0,0.0,0,1,0
F60,0.3387,0.1613,0.0,0.0,SMCC,0.29,0.5,0.0267,15,0.0267,0,1,0
F60,0.3387,0.1613,0.0,0.0,SMCC,0.29,0.5,0.0468,30,0.0468,0,1,0
F60,0.3387,0.1613,0.0,0.0,SMCC,0.29,0.5,0.0941,60,0.0941,0,1,0
F60,0.3387,0.1613,0.0,0.0,SMCC,0.29,0.5,0.2014,120,0.2014,0,1,0
F60,0.3387,0.1613,0.0,0.0,SMCC,0.29,0.5,0.32,180,0.32,0,1,0
F60,0.3387,0.1613,0.0,0.0,SMCC,0.29,0.5,0.4392,240,0.4392,0,1,0
F60,0.3387,0.1613,0.0,0.0,SMCC,0.29,0.5,0.5602,300,0.5602,0,1,0
F60,0.3387,0.1613,0.0,0.0,SMCC,0.29,0.5,0.6724,360,0.6724,0,1,0
F60,0.3387,0.1613,0.0,0.0,SMCC,0.29,0.5,0.7724,420,0.7724,0,1,0
F61,0.3571,0.1429,0.0,0.0,SMCC,0.29,0.5,0.0,0,0.0,0,1,0
F61,0.3571,0.1429,0.0,0.0,SMCC,0.29,0.5,0.0274,15,0.0274,0,1,0
F61,0.3571,0.1429,0.0,0.0,SMCC,0.29,0.5,0.0485,30,0.0485,0,1,0
F61,0.3571,0.1429,0.0,0.0,SMCC,0.29,0.5,0.0962,60,0.0962,0,1,0
F61,0.3571,0.1429,0.0,0.0,SMCC,0.29,0.5,0.21,120,0.21,0,1,0
F61,0.3571,0.1429,0.0,0.0,SMCC,0.29,0.5,0.3257,180,0.3257,0,1,0
F61,0.3571,0.1429,0.0,0.0,SMCC,0.29,0.5,0.4376,240,0.4376,0,1,0
F61,0.3571,0.1429,0.0,0.0,SMCC,0.29,0.5,0.5486,300,0.5486,0,1,0
F61,0.3571,0.1429,0.0,0.0,SMCC,0.29,0.5,0.666,360,0.666,0,1,0
F61,0.3571,0.1429,0.0,0.0,SMCC,0.29,0.5,0.7773,420,0.7773,0,1,0
F62,0.3684,0.1316,0.0,0.0,SMCC,0.29,0.5,0.0,0,0.0,0,1,0
F62,0.3684,0.1316,0.0,0.0,SMCC,0.29,0.5,0.0281,15,0.0281,0,1,0
F62,0.3684,0.1316,0.0,0.0,SMCC,0.29,0.5,0.0497,30,0.0497,0,1,0
F62,0.3684,0.1316,0.0,0.0,SMCC,0.29,0.5,0.0979,60,0.0979,0,1,0
F62,0.3684,0.1316,0.0,0.0,SMCC,0.29,0.5,0.2112,120,0.2112,0,1,0
F62,0.3684,0.1316,0.0,0.0,SMCC,0.29,0.5,0.3305,180,0.3305,0,1,0
F62,0.3684,0.1316,0.0,0.0,SMCC,0.29,0.5,0.4559,240,0.4559,0,1,0
F62,0.3684,0.1316,0.0,0.0,SMCC,0.29,0.5,0.5745,300,0.5745,0,1,0
F62,0.3684,0.1316,0.0,0.0,SMCC,0.29,0.5,0.6845,360,0.6845,0,1,0
F62,0.3684,0.1316,0.0,0.0,SMCC,0.29,0.5,0.7799,420,0.7799,0,1,0
F63,0.3387,0.1613,0.0,0.0,SMCC,0.29,0.5,0.0,0,0.0,0,1,0
F63,0.3387,0.1613,0.0,0.0,SMCC,0.29,0.5,0.0271,15,0.0271,0,1,0
F63,0.3387,0.1613,0.0,0.0,SMCC,0.29,0.5,0.0472,30,0.0472,0,1,0
F63,0.3387,0.1613,0.0,0.0,SMCC,0.29,0.5,0.0904,60,0.0904,0,1,0
F63,0.3387,0.1613,0.0,0.0,SMCC,0.29,0.5,0.1929,120,0.1929,0,1,0
F63,0.3387,0.1613,0.0,0.0,SMCC,0.29,0.5,0.3011,180,0.3011,0,1,0
F63,0.3387,0.1613,0.0,0.0,SMCC,0.29,0.5,0.4099,240,0.4099,0,1,0
F63,0.3387,0.1613,0.0,0.0,SMCC,0.29,0.5,0.5226,300,0.5226,0,1,0
F63,0.3387,0.1613,0.0,0.0,SMCC,0.29,0.5,0.6348,360,0.6348,0,1,0
F63,0.3387,0.1613,0.0,0.0,SMCC,0.29,0.5,0.7299,420,0.7299,0,1,0
F64,0.2462,0.1538,0.0,0.0,SMCC,0.39,0.4,0.0,0,0.0,0,1,0
F64,0.2462,0.1538,0.0,0.0,SMCC,0.39,0.4,0.0351,15,0.0351,0,1,0
F64,0.2462,0.1538,0.0,0.0,SMCC,0.39,0.4,0.0596,30,0.0596,0,1,0
F64,0.2462,0.1538,0.0,0.0,SMCC,0.39,0.4,0.113,60,0.113,0,1,0
F64,0.2462,0.1538,0.0,0.0,SMCC,0.39,0.4,0.2425,120,0.2425,0,1,0
F64,0.2462,0.1538,0.0,0.0,SMCC,0.39,0.4,0.372,180,0.372,0,1,0
F64,0.2462,0.1538,0.0,0.0,SMCC,0.39,0.4,0.4914,240,0.4914,0,1,0
F64,0.2462,0.1538,0.0,0.0,SMCC,0.39,0.4,0.6095,300,0.6095,0,1,0
F64,0.2462,0.1538,0.0,0.0,SMCC,0.39,0.4,0.7167,360,0.7167,0,1,0
F64,0.2462,0.1538,0.0,0.0,SMCC,0.39,0.4,0.8107,420,0.8107,0,1,0
F65,0.271,0.129,0.0,0.0,SMCC,0.39,0.4,0.0,0,0.0,0,1,0
F65,0.271,0.129,0.0,0.0,SMCC,0.39,0.4,0.0348,15,0.0348,0,1,0
F65,0.271,0.129,0.0,0.0,SMCC,0.39,0.4,0.0585,30,0.0585,0,1,0
F65,0.271,0.129,0.0,0.0,SMCC,0.39,0.4,0.116,60,0.116,0,1,0
F65,0.271,0.129,0.0,0.0,SMCC,0.39,0.4,0.2543,120,0.2543,0,1,0
F65,0.271,0.129,0.0,0.0,SMCC,0.39,0.4,0.3917,180,0.3917,0,1,0
F65,0.271,0.129,0.0,0.0,SMCC,0.39,0.4,0.5257,240,0.5257,0,1,0
F65,0.271,0.129,0.0,0.0,SMCC,0.39,0.4,0.6455,300,0.6455,0,1,0
F65,0.271,0.129,0.0,0.0,SMCC,0.39,0.4,0.7495,360,0.7495,0,1,0
F65,0.271,0.129,0.0,0.0,SMCC,0.39,0.4,0.8424,420,0.8424,0,1,0
F66,0.2947,0.1053,0.0,0.0,SMCC,0.39,0.4,0.0,0,0.0,0,1,0
F66,0.2947,0.1053,0.0,0.0,SMCC,0.39,0.4,0.0361,15,0.0361,0,1,0
F66,0.2947,0.1053,0.0,0.0,SMCC,0.39,0.4,0.0616,30,0.0616,0,1,0
F66,0.2947,0.1053,0.0,0.0,SMCC,0.39,0.4,0.1186,60,0.1186,0,1,0
F66,0.2947,0.1053,0.0,0.0,SMCC,0.39,0.4,0.2523,120,0.2523,0,1,0
F66,0.2947,0.1053,0.0,0.0,SMCC,0.39,0.4,0.3809,180,0.3809,0,1,0
F66,0.2947,0.1053,0.0,0.0,SMCC,0.39,0.4,0.5092,240,0.5092,0,1,0
F66,0.2947,0.1053,0.0,0.0,SMCC,0.39,0.4,0.6326,300,0.6326,0,1,0
F66,0.2947,0.1053,0.0,0.0,SMCC,0.39,0.4,0.7449,360,0.7449,0,1,0
F66,0.2947,0.1053,0.0,0.0,SMCC,0.39,0.4,0.8308,420,0.8308,0,1,0
F67,0.271,0.129,0.0,0.0,SMCC,0.39,0.4,0.0,0,0.0,0,1,0
F67,0.271,0.129,0.0,0.0,SMCC,0.39,0.4,0.0298,15,0.0298,0,1,0
F67,0.271,0.129,0.0,0.0,SMCC,0.39,0.4,0.053,30,0.053,0,1,0
F67,0.271,0.129,0.0,0.0,SMCC,0.39,0.4,0.1065,60,0.1065,0,1,0
F67,0.271,0.129,0.0,0.0,SMCC,0.39,0.4,0.2334,120,0.2334,0,1,0
F67,0.271,0.129,0.0,0.0,SMCC,0.39,0.4,0.3673,180,0.3673,0,1,0
F67,0.271,0.129,0.0,0.0,SMCC,0.39,0.4,0.4956,240,0.4956,0,1,0
F67,0.271,0.129,0.0,0.0,SMCC,0.39,0.4,0.6167,300,0.6167,0,1,0
F67,0.271,0.129,0.0,0.0,SMCC,0.39,0.4,0.7326,360,0.7326,0,1,0
F67,0.271,0.129,0.0,0.0,SMCC,0.39,0.4,0.8246,420,0.8246,0,1,0
F68,0.3684,0.1316,0.0,0.0,SMCC,0.29,0.5,0.0,0,0.0,0,1,0
F68,0.3684,0.1316,0.0,0.0,SMCC,0.29,0.5,0.0226,15,0.0226,0,1,0
F68,0.3684,0.1316,0.0,0.0,SMCC,0.29,0.5,0.04,30,0.04,0,1,0
F68,0.3684,0.1316,0.0,0.0,SMCC,0.29,0.5,0.0793,60,0.0793,0,1,0
F68,0.3684,0.1316,0.0,0.0,SMCC,0.29,0.5,0.1759,120,0.1759,0,1,0
F68,0.3684,0.1316,0.0,0.0,SMCC,0.29,0.5,0.2771,180,0.2771,0,1,0
F68,0.3684,0.1316,0.0,0.0,SMCC,0.29,0.5,0.3828,240,0.3828,0,1,0
F68,0.3684,0.1316,0.0,0.0,SMCC,0.29,0.5,0.4868,300,0.4868,0,1,0
F68,0.3684,0.1316,0.0,0.0,SMCC,0.29,0.5,0.5936,360,0.5936,0,1,0
F68,0.3684,0.1316,0.0,0.0,SMCC,0.29,0.5,0.7042,420,0.7042,0,1,0
F69,0.3684,0.1316,0.0,0.0,SMCC,0.29,0.5,0.0,0,0.0,0,1,0
F69,0.3684,0.1316,0.0,0.0,SMCC,0.29,0.5,0.0261,15,0.0261,0,1,0
F69,0.3684,0.1316,0.0,0.0,SMCC,0.29,0.5,0.0482,30,0.0482,0,1,0
F69,0.3684,0.1316,0.0,0.0,SMCC,0.29,0.5,0.0983,60,0.0983,0,1,0
F69,0.3684,0.1316,0.0,0.0,SMCC,0.29,0.5,0.2204,120,0.2204,0,1,0
F69,0.3684,0.1316,0.0,0.0,SMCC,0.29,0.5,0.341,180,0.341,0,1,0
F69,0.3684,0.1316,0.0,0.0,SMCC,0.29,0.5,0.4711,240,0.4711,0,1,0
F69,0.3684,0.1316,0.0,0.0,SMCC,0.29,0.5,0.5931,300,0.5931,0,1,0
F69,0.3684,0.1316,0.0,0.0,SMCC,0.29,0.5,0.7072,360,0.7072,0,1,0
F69,0.3684,0.1316,0.0,0.0,SMCC,0.29,0.5,0.8199,420,0.8199,0,1,0
F7,0.27,0.0,0.0,0.075,SMCC,0.445,0.345,0.0,0,0.0,0,1,0
F7,0.27,0.0,0.0,0.075,SMCC,0.445,0.345,0.0463,15,0.0463,0,1,0
F7,0.27,0.0,0.0,0.075,SMCC,0.445,0.345,0.0722,30,0.0722,0,1,0
F7,0.27,0.0,0.0,0.075,SMCC,0.445,0.345,0.117,60,0.117,0,1,0
F7,0.27,0.0,0.0,0.075,SMCC,0.445,0.345,0.2006,120,0.2006,0,1,0
F7,0.27,0.0,0.0,0.075,SMCC,0.445,0.345,0.2842,180,0.2842,0,1,0
F7,0.27,0.0,0.0,0.075,SMCC,0.445,0.345,0.364,240,0.364,0,1,0
F7,0.27,0.0,0.0,0.075,SMCC,0.445,0.345,0.4443,300,0.4443,0,1,0
F7,0.27,0.0,0.0,0.075,SMCC,0.445,0.345,0.5159,360,0.5159,0,1,0
F7,0.27,0.0,0.0,0.075,SMCC,0.445,0.345,0.5824,420,0.5824,0,1,0
F70,0.378,0.122,0.0,0.0,SMCC,0.29,0.5,0.0,0,0.0,0,1,0
F70,0.378,0.122,0.0,0.0,SMCC,0.29,0.5,0.0267,15,0.0267,0,1,0
F70,0.378,0.122,0.0,0.0,SMCC,0.29,0.5,0.0469,30,0.0469,0,1,0
F70,0.378,0.122,0.0,0.0,SMCC,0.29,0.5,0.0943,60,0.0943,0,1,0
F70,0.378,0.122,0.0,0.0,SMCC,0.29,0.5,0.2086,120,0.2086,0,1,0
F70,0.378,0.122,0.0,0.0,SMCC,0.29,0.5,0.3347,180,0.3347,0,1,0
F70,0.378,0.122,0.0,0.0,SMCC,0.29,0.5,0.4571,240,0.4571,0,1,0
F70,0.378,0.122,0.0,0.0,SMCC,0.29,0.5,0.5751,300,0.5751,0,1,0
F70,0.378,0.122,0.0,0.0,SMCC,0.29,0.5,0.6827,360,0.6827,0,1,0
F70,0.378,0.122,0.0,0.0,SMCC,0.29,0.5,0.7825,420,0.7825,0,1,0
F71,0.3936,0.1064,0.0,0.0,SMCC,0.29,0.5,0.0,0,0.0,0,1,0
F71,0.3936,0.1064,0.0,0.0,SMCC,0.29,0.5,0.0305,15,0.0305,0,1,0
F71,0.3936,0.1064,0.0,0.0,SMCC,0.29,0.5,0.0548,30,0.0548,0,1,0
F71,0.3936,0.1064,0.0,0.0,SMCC,0.29,0.5,0.1114,60,0.1114,0,1,0
F71,0.3936,0.1064,0.0,0.0,SMCC,0.29,0.5,0.2491,120,0.2491,0,1,0
F71,0.3936,0.1064,0.0,0.0,SMCC,0.29,0.5,0.3942,180,0.3942,0,1,0
F71,0.3936,0.1064,0.0,0.0,SMCC,0.29,0.5,0.5337,240,0.5337,0,1,0
F71,0.3936,0.1064,0.0,0.0,SMCC,0.29,0.5,0.6706,300,0.6706,0,1,0
F71,0.3936,0.1064,0.0,0.0,SMCC,0.29,0.5,0.7806,360,0.7806,0,1,0
F71,0.3936,0.1064,0.0,0.0,SMCC,0.29,0.5,0.8662,420,0.8662,0,1,0
F72,0.24,0.0,0.0,0.16,MD-IT12,0.39,0.4,0.0,0,0.0,0,0,1
F72,0.24,0.0,0.0,0.16,MD-IT12,0.39,0.4,0.0335,15,0.0335,0,0,1
F72,0.24,0.0,0.0,0.16,MD-IT12,0.39,0.4,0.0564,30,0.0564,0,0,1
F72,0.24,0.0,0.0,0.16,MD-IT12,0.39,0.4,0.1002,60,0.1002,0,0,1
F72,0.24,0.0,0.0,0.16,MD-IT12,0.39,0.4,0.1891,120,0.1891,0,0,1
F72,0.24,0.0,0.0,0.16,MD-IT12,0.39,0.4,0.2793,180,0.2793,0,0,1
F72,0.24,0.0,0.0,0.16,MD-IT12,0.39,0.4,0.376,240,0.376,0,0,1
F72,0.24,0.0,0.0,0.16,MD-IT12,0.39,0.4,0.4692,300,0.4692,0,0,1
F72,0.24,0.0,0.0,0.16,MD-IT12,0.39,0.4,0.569,360,0.569,0,0,1
F72,0.24,0.0,0.0,0.16,MD-IT12,0.39,0.4,0.6721,420,0.6721,0,0,1
F73,0.3,0.0,0.0,0.1,MD-IT12,0.39,0.4,0.0,0,0.0,0,0,1
F73,0.3,0.0,0.0,0.1,MD-IT12,0.39,0.4,0.0303,15,0.0303,0,0,1
F73,0.3,0.0,0.0,0.1,MD-IT12,0.39,0.4,0.0606,30,0.0606,0,0,1
F73,0.3,0.0,0.0,0.1,MD-IT12,0.39,0.4,0.1187,60,0.1187,0,0,1
F73,0.3,0.0,0.0,0.1,MD-IT12,0.39,0.4,0.2558,120,0.2558,0,0,1
F73,0.3,0.0,0.0,0.1,MD-IT12,0.39,0.4,0.3875,180,0.3875,0,0,1
F73,0.3,0.0,0.0,0.1,MD-IT12,0.39,0.4,0.5281,240,0.5281,0,0,1
F73,0.3,0.0,0.0,0.1,MD-IT12,0.39,0.4,0.6692,300,0.6692,0,0,1
F73,0.3,0.0,0.0,0.1,MD-IT12,0.39,0.4,0.7817,360,0.7817,0,0,1
F73,0.3,0.0,0.0,0.1,MD-IT12,0.39,0.4,0.8617,420,0.8617,0,0,1
F74,0.3273,0.0,0.0,0.0727,MD-IT12,0.39,0.4,0.0,0,0.0,0,0,1
F74,0.3273,0.0,0.0,0.0727,MD-IT12,0.39,0.4,0.0317,15,0.0317,0,0,1
F74,0.3273,0.0,0.0,0.0727,MD-IT12,0.39,0.4,0.0595,30,0.0595,0,0,1
F74,0.3273,0.0,0.0,0.0727,MD-IT12,0.39,0.4,0.1205,60,0.1205,0,0,1
F74,0.3273,0.0,0.0,0.0727,MD-IT12,0.39,0.4,0.2556,120,0.2556,0,0,1
F74,0.3273,0.0,0.0,0.0727,MD-IT12,0.39,0.4,0.3968,180,0.3968,0,0,1
F74,0.3273,0.0,0.0,0.0727,MD-IT12,0.39,0.4,0.5401,240,0.5401,0,0,1
F74,0.3273,0.0,0.0,0.0727,MD-IT12,0.39,0.4,0.6959,300,0.6959,0,0,1
F74,0.3273,0.0,0.0,0.0727,MD-IT12,0.39,0.4,0.841,360,0.841,0,0,1
F74,0.3273,0.0,0.0,0.0727,MD-IT12,0.39,0.4,0.942,420,0.942,0,0,1
F75,0.24,0.0,0.0,0.16,G721,0.39,0.4,0.0,0,0.0,1,0,0
F75,0.24,0.0,0.0,0.16,G721,0.39,0.4,0.0368,15,0.0368,1,0,0
F75,0.24,0.0,0.0,0.16,G721,0.39,0.4,0.0621,30,0.0621,1,0,0
F75,0.24,0.0,0.0,0.16,G721,0.39,0.4,0.1099,60,0.1099,1,0,0
F75,0.24,0.0,0.0,0.16,G721,0.39,0.4,0.2034,120,0.2034,1,0,0
F75,0.24,0.0,0.0,0.16,G721,0.39,0.4,0.3051,180,0.3051,1,0,0
F75,0.24,0.0,0.0,0.16,G721,0.39,0.4,0.4138,240,0.4138,1,0,0
F75,0.24,0.0,0.0,0.16,G721,0.39,0.4,0.5274,300,0.5274,1,0,0
F75,0.24,0.0,0.0,0.16,G721,0.39,0.4,0.6413,360,0.6413,1,0,0
F75,0.24,0.0,0.0,0.16,G721,0.39,0.4,0.741,420,0.741,1,0,0
F76,0.3,0.0,0.0,0.1,G721,0.39,0.4,0.0,0,0.0,1,0,0
F76,0.3,0.0,0.0,0.1,G721,0.39,0.4,0.0336,15,0.0336,1,0,0
F76,0.3,0.0,0.0,0.1,G721,0.39,0.4,0.0589,30,0.0589,1,0,0
F76,0.3,0.0,0.0,0.1,G721,0.39,0.4,0.1132,60,0.1132,1,0,0
F76,0.3,0.0,0.0,0.1,G721,0.39,0.4,0.2046,120,0.2046,1,0,0
F76,0.3,0.0,0.0,0.1,G721,0.39,0.4,0.3545,180,0.3545,1,0,0
F76,0.3,0.0,0.0,0.1,G721,0.39,0.4,0.4972,240,0.4972,1,0,0
F76,0.3,0.0,0.0,0.1,G721,0.39,0.4,0.6503,300,0.6503,1,0,0
F76,0.3,0.0,0.0,0.1,G721,0.39,0.4,0.7898,360,0.7898,1,0,0
F76,0.3,0.0,0.0,0.1,G721,0.39,0.4,0.9064,420,0.9064,1,0,0
F77,0.3273,0.0,0.0,0.0727,G721,0.39,0.4,0.0,0,0.0,1,0,0
F77,0.3273,0.0,0.0,0.0727,G721,0.39,0.4,0.0333,15,0.0333,1,0,0
F77,0.3273,0.0,0.0,0.0727,G721,0.39,0.4,0.059,30,0.059,1,0,0
F77,0.3273,0.0,0.0,0.0727,G721,0.39,0.4,0.1182,60,0.1182,1,0,0
F77,0.3273,0.0,0.0,0.0727,G721,0.39,0.4,0.2629,120,0.2629,1,0,0
F77,0.3273,0.0,0.0,0.0727,G721,0.39,0.4,0.4178,180,0.4178,1,0,0
F77,0.3273,0.0,0.0,0.0727,G721,0.39,0.4,0.5929,240,0.5929,1,0,0
F77,0.3273,0.0,0.0,0.0727,G721,0.39,0.4,0.7746,300,0.7746,1,0,0
F77,0.3273,0.0,0.0,0.0727,G721,0.39,0.4,0.9114,360,0.9114,1,0,0
F77,0.3273,0.0,0.0,0.0727,G721,0.39,0.4,0.9668,420,0.9668,1,0,0
F78,0.3111,0.0,0.0,0.0889,MD-IT12,0.39,0.4,0.0,0,0.0,0,0,1
F78,0.3111,0.0,0.0,0.0889,MD-IT12,0.39,0.4,0.0243,15,0.0243,0,0,1
F78,0.3111,0.0,0.0,0.0889,MD-IT12,0.39,0.4,0.0463,30,0.0463,0,0,1
F78,0.3111,0.0,0.0,0.0889,MD-IT12,0.39,0.4,0.0996,60,0.0996,0,0,1
F78,0.3111,0.0,0.0,0.0889,MD-IT12,0.39,0.4,0.2129,120,0.2129,0,0,1
F78,0.3111,0.0,0.0,0.0889,MD-IT12,0.39,0.4,0.3288,180,0.3288,0,0,1
F78,0.3111,0.0,0.0,0.0889,MD-IT12,0.39,0.4,0.4487,240,0.4487,0,0,1
F78,0.3111,0.0,0.0,0.0889,MD-IT12,0.39,0.4,0.5828,300,0.5828,0,0,1
F78,0.3111,0.0,0.0,0.0889,MD-IT12,0.39,0.4,0.7003,360,0.7003,0,0,1
F78,0.3111,0.0,0.0,0.0889,MD-IT12,0.39,0.4,0.7998,420,0.7998,0,0,1
F79,0.32,0.0,0.0,0.08,MD-IT12,0.39,0.4,0.0,0,0.0,0,0,1
F79,0.32,0.0,0.0,0.08,MD-IT12,0.39,0.4,0.0284,15,0.0284,0,0,1
F79,0.32,0.0,0.0,0.08,MD-IT12,0.39,0.4,0.0519,30,0.0519,0,0,1
F79,0.32,0.0,0.0,0.08,MD-IT12,0.39,0.4,0.1048,60,0.1048,0,0,1
F79,0.32,0.0,0.0,0.08,MD-IT12,0.39,0.4,0.2222,120,0.2222,0,0,1
F79,0.32,0.0,0.0,0.08,MD-IT12,0.39,0.4,0.3425,180,0.3425,0,0,1
F79,0.32,0.0,0.0,0.08,MD-IT12,0.39,0.4,0.4707,240,0.4707,0,0,1
F79,0.32,0.0,0.0,0.08,MD-IT12,0.39,0.4,0.6006,300,0.6006,0,0,1
F79,0.32,0.0,0.0,0.08,MD-IT12,0.39,0.4,0.7289,360,0.7289,0,0,1
F79,0.32,0.0,0.0,0.08,MD-IT12,0.39,0.4,0.8418,420,0.8418,0,0,1
F8,0.075,0.0,0.0,0.075,SMCC,0.64,0.15,0.0,0,0.0,0,1,0
F8,0.075,0.0,0.0,0.075,SMCC,0.64,0.15,0.2125,15,0.2125,0,1,0
F8,0.075,0.0,0.0,0.075,SMCC,0.64,0.15,0.2566,30,0.2566,0,1,0
F8,0.075,0.0,0.0,0.075,SMCC,0.64,0.15,0.3239,60,0.3239,0,1,0
F8,0.075,0.0,0.0,0.075,SMCC,0.64,0.15,0.4149,120,0.4149,0,1,0
F8,0.075,0.0,0.0,0.075,SMCC,0.64,0.15,0.5032,180,0.5032,0,1,0
F8,0.075,0.0,0.0,0.075,SMCC,0.64,0.15,0.5779,240,0.5779,0,1,0
F8,0.075,0.0,0.0,0.075,SMCC,0.64,0.15,0.6463,300,0.6463,0,1,0
F8,0.075,0.0,0.0,0.075,SMCC,0.64,0.15,0.7056,360,0.7056,0,1,0
F8,0.075,0.0,0.0,0.075,SMCC,0.64,0.15,0.7607,420,0.7607,0,1,0
F80,0.3,0.0,0.0,0.0,G721,0.49,0.3,0.0,0,0.0,1,0,0
F80,0.3,0.0,0.0,0.0,G721,0.49,0.3,0.0284,15,0.0284,1,0,0
F80,0.3,0.0,0.0,0.0,G721,0.49,0.3,0.0521,30,0.0521,1,0,0
F80,0.3,0.0,0.0,0.0,G721,0.49,0.3,0.0988,60,0.0988,1,0,0
F80,0.3,0.0,0.0,0.0,G721,0.49,0.3,0.199,120,0.199,1,0,0
F80,0.3,0.0,0.0,0.0,G721,0.49,0.3,0.302,180,0.302,1,0,0
F80,0.3,0.0,0.0,0.0,G721,0.49,0.3,0.4074,240,0.4074,1,0,0
F80,0.3,0.0,0.0,0.0,G721,0.49,0.3,0.5192,300,0.5192,1,0,0
F80,0.3,0.0,0.0,0.0,G721,0.49,0.3,0.6373,360,0.6373,1,0,0
F80,0.3,0.0,0.0,0.0,G721,0.49,0.3,0.7688,420,0.7688,1,0,0
F81,0.3167,0.0,0.0,0.0833,G721,0.39,0.4,0.0,0,0.0,1,0,0
F81,0.3167,0.0,0.0,0.0833,G721,0.39,0.4,0.0271,15,0.0271,1,0,0
F81,0.3167,0.0,0.0,0.0833,G721,0.39,0.4,0.0517,30,0.0517,1,0,0
F81,0.3167,0.0,0.0,0.0833,G721,0.39,0.4,0.1074,60,0.1074,1,0,0
F81,0.3167,0.0,0.0,0.0833,G721,0.39,0.4,0.2359,120,0.2359,1,0,0
F81,0.3167,0.0,0.0,0.0833,G721,0.39,0.4,0.3702,180,0.3702,1,0,0
F81,0.3167,0.0,0.0,0.0833,G721,0.39,0.4,0.5022,240,0.5022,1,0,0
F81,0.3167,0.0,0.0,0.0833,G721,0.39,0.4,0.667,300,0.667,1,0,0
F81,0.3167,0.0,0.0,0.0833,G721,0.39,0.4,0.8367,360,0.8367,1,0,0
F81,0.3167,0.0,0.0,0.0833,G721,0.39,0.4,0.9522,420,0.9522,1,0,0
F82,0.2947,0.0,0.0,0.1053,G721,0.39,0.4,0.0,0,0.0,1,0,0
F82,0.2947,0.0,0.0,0.1053,G721,0.39,0.4,0.0347,15,0.0347,1,0,0
F82,0.2947,0.0,0.0,0.1053,G721,0.39,0.4,0.0632,30,0.0632,1,0,0
F82,0.2947,0.0,0.0,0.1053,G721,0.39,0.4,0.1265,60,0.1265,1,0,0
F82,0.2947,0.0,0.0,0.1053,G721,0.39,0.4,0.2624,120,0.2624,1,0,0
F82,0.2947,0.0,0.0,0.1053,G721,0.39,0.4,0.4132,180,0.4132,1,0,0
F82,0.2947,0.0,0.0,0.1053,G721,0.39,0.4,0.5716,240,0.5716,1,0,0
F82,0.2947,0.0,0.0,0.1053,G721,0.39,0.4,0.7077,300,0.7077,1,0,0
F82,0.2947,0.0,0.0,0.1053,G721,0.39,0.4,0.8063,360,0.8063,1,0,0
F82,0.2947,0.0,0.0,0.1053,G721,0.39,0.4,0.8744,420,0.8744,1,0,0
F83,0.3,0.0,0.0,0.1,G721,0.39,0.4,0.0,0,0.0,1,0,0
F83,0.3,0.0,0.0,0.1,G721,0.39,0.4,0.0302,15,0.0302,1,0,0
F83,0.3,0.0,0.0,0.1,G721,0.39,0.4,0.0565,30,0.0565,1,0,0
F83,0.3,0.0,0.0,0.1,G721,0.39,0.4,0.1053,60,0.1053,1,0,0
F83,0.3,0.0,0.0,0.1,G721,0.39,0.4,0.2092,120,0.2092,1,0,0
F83,0.3,0.0,0.0,0.1,G721,0.39,0.4,0.3256,180,0.3256,1,0,0
F83,0.3,0.0,0.0,0.1,G721,0.39,0.4,0.4452,240,0.4452,1,0,0
F83,0.3,0.0,0.0,0.1,G721,0.39,0.4,0.5857,300,0.5857,1,0,0
F83,0.3,0.0,0.0,0.1,G721,0.39,0.4,0.7036,360,0.7036,1,0,0
F83,0.3,0.0,0.0,0.1,G721,0.39,0.4,0.8318,420,0.8318,1,0,0
F84,0.3048,0.0,0.0,0.0952,G721,0.39,0.4,0.0,0,0.0,1,0,0
F84,0.3048,0.0,0.0,0.0952,G721,0.39,0.4,0.0326,15,0.0326,1,0,0
F84,0.3048,0.0,0.0,0.0952,G721,0.39,0.4,0.0596,30,0.0596,1,0,0
F84,0.3048,0.0,0.0,0.0952,G721,0.39,0.4,0.1108,60,0.1108,1,0,0
F84,0.3048,0.0,0.0,0.0952,G721,0.39,0.4,0.2261,120,0.2261,1,0,0
F84,0.3048,0.0,0.0,0.0952,G721,0.39,0.4,0.3511,180,0.3511,1,0,0
F84,0.3048,0.0,0.0,0.0952,G721,0.39,0.4,0.4699,240,0.4699,1,0,0
F84,0.3048,0.0,0.0,0.0952,G721,0.39,0.4,0.5974,300,0.5974,1,0,0
F84,0.3048,0.0,0.0,0.0952,G721,0.39,0.4,0.7189,360,0.7189,1,0,0
F84,0.3048,0.0,0.0,0.0952,G721,0.39,0.4,0.8422,420,0.8422,1,0,0
F85,0.21,0.49,0.0,0.0,SMCC,0.118,0.7,0.0,0,0.0,0,1,0
F85,0.21,0.49,0.0,0.0,SMCC,0.118,0.7,0.0199,15,0.0199,0,1,0
F85,0.21,0.49,0.0,0.0,SMCC,0.118,0.7,0.0366,30,0.0366,0,1,0
F85,0.21,0.49,0.0,0.0,SMCC,0.118,0.7,0.0695,60,0.0695,0,1,0
F85,0.21,0.49,0.0,0.0,SMCC,0.118,0.7,0.1521,120,0.1521,0,1,0
F85,0.21,0.49,0.0,0.0,SMCC,0.118,0.7,0.2464,180,0.2464,0,1,0
F85,0.21,0.49,0.0,0.0,SMCC,0.118,0.7,0.3392,240,0.3392,0,1,0
F85,0.21,0.49,0.0,0.0,SMCC,0.118,0.7,0.4288,300,0.4288,0,1,0
F85,0.21,0.49,0.0,0.0,SMCC,0.118,0.7,0.516,360,0.516,0,1,0
F85,0.21,0.49,0.0,0.0,SMCC,0.118,0.7,0.5995,420,0.5995,0,1,0
F86,0.28,0.42,0.0,0.0,SMCC,0.118,0.7,0.0,0,0.0,0,1,0
F86,0.28,0.42,0.0,0.0,SMCC,0.118,0.7,0.0208,15,0.0208,0,1,0
F86,0.28,0.42,0.0,0.0,SMCC,0.118,0.7,0.036,30,0.036,0,1,0
F86,0.28,0.42,0.0,0.0,SMCC,0.118,0.7,0.0717,60,0.0717,0,1,0
F86,0.28,0.42,0.0,0.0,SMCC,0.118,0.7,0.1589,120,0.1589,0,1,0
F86,0.28,0.42,0.0,0.0,SMCC,0.118,0.7,0.259,180,0.259,0,1,0
F86,0.28,0.42,0.0,0.0,SMCC,0.118,0.7,0.362,240,0.362,0,1,0
F86,0.28,0.42,0.0,0.0,SMCC,0.118,0.7,0.4643,300,0.4643,0,1,0
F86,0.28,0.42,0.0,0.0,SMCC,0.118,0.7,0.5651,360,0.5651,0,1,0
F86,0.28,0.42,0.0,0.0,SMCC,0.118,0.7,0.6586,420,0.6586,0,1,0
F87,0.195,0.455,0.0,0.0,SMCC,0.168,0.65,0.0,0,0.0,0,1,0
F87,0.195,0.455,0.0,0.0,SMCC,0.168,0.65,0.023,15,0.023,0,1,0
F87,0.195,0.455,0.0,0.0,SMCC,0.168,0.65,0.0406,30,0.0406,0,1,0
F87,0.195,0.455,0.0,0.0,SMCC,0.168,0.65,0.0772,60,0.0772,0,1,0
F87,0.195,0.455,0.0,0.0,SMCC,0.168,0.65,0.1593,120,0.1593,0,1,0
F87,0.195,0.455,0.0,0.0,SMCC,0.168,0.65,0.2515,180,0.2515,0,1,0
F87,0.195,0.455,0.0,0.0,SMCC,0.168,0.65,0.3475,240,0.3475,0,1,0
F87,0.195,0.455,0.0,0.0,SMCC,0.168,0.65,0.4472,300,0.4472,0,1,0
F87,0.195,0.455,0.0,0.0,SMCC,0.168,0.65,0.5488,360,0.5488,0,1,0
F87,0.195,0.455,0.0,0.0,SMCC,0.168,0.65,0.6511,420,0.6511,0,1,0
F88,0.24,0.36,0.0,0.0,SMCC,0.218,0.6,0.0,0,0.0,0,1,0
F88,0.24,0.36,0.0,0.0,SMCC,0.218,0.6,0.0218,15,0.0218,0,1,0
F88,0.24,0.36,0.0,0.0,SMCC,0.218,0.6,0.0392,30,0.0392,0,1,0
F88,0.24,0.36,0.0,0.0,SMCC,0.218,0.6,0.0792,60,0.0792,0,1,0
F88,0.24,0.36,0.0,0.0,SMCC,0.218,0.6,0.1791,120,0.1791,0,1,0
F88,0.24,0.36,0.0,0.0,SMCC,0.218,0.6,0.2805,180,0.2805,0,1,0
F88,0.24,0.36,0.0,0.0,SMCC,0.218,0.6,0.38,240,0.38,0,1,0
F88,0.24,0.36,0.0,0.0,SMCC,0.218,0.6,0.48,300,0.48,0,1,0
F88,0.24,0.36,0.0,0.0,SMCC,0.218,0.6,0.5806,360,0.5806,0,1,0
F88,0.24,0.36,0.0,0.0,SMCC,0.218,0.6,0.6759,420,0.6759,0,1,0
F89,0.18,0.42,0.0,0.0,SMCC,0.218,0.6,0.0,0,0.0,0,1,0
F89,0.18,0.42,0.0,0.0,SMCC,0.218,0.6,0.0229,15,0.0229,0,1,0
F89,0.18,0.42,0.0,0.0,SMCC,0.218,0.6,0.0394,30,0.0394,0,1,0
F89,0.18,0.42,0.0,0.0,SMCC,0.218,0.6,0.0746,60,0.0746,0,1,0
F89,0.18,0.42,0.0,0.0,SMCC,0.218,0.6,0.1606,120,0.1606,0,1,0
F89,0.18,0.42,0.0,0.0,SMCC,0.218,0.6,0.2522,180,0.2522,0,1,0
F89,0.18,0.42,0.0,0.0,SMCC,0.218,0.6,0.3432,240,0.3432,0,1,0
F89,0.18,0.42,0.0,0.0,SMCC,0.218,0.6,0.4362,300,0.4362,0,1,0
F89,0.18,0.42,0.0,0.0,SMCC,0.218,0.6,0.5293,360,0.5293,0,1,0
F89,0.18,0.42,0.0,0.0,SMCC,0.218,0.6,0.6174,420,0.6174,0,1,0
F9,0.4,0.0,0.0,0.2,SMCC,0.19,0.6,0.0,0,0.0,0,1,0
F9,0.4,0.0,0.0,0.2,SMCC,0.19,0.6,0.0267,15,0.0267,0,1,0
F9,0.4,0.0,0.0,0.2,SMCC,0.19,0.6,0.0432,30,0.0432,0,1,0
F9,0.4,0.0,0.0,0.2,SMCC,0.19,0.6,0.0696,60,0.0696,0,1,0
F9,0.4,0.0,0.0,0.2,SMCC,0.19,0.6,0.1193,120,0.1193,0,1,0
F9,0.4,0.0,0.0,0.2,SMCC,0.19,0.6,0.1698,180,0.1698,0,1,0
F9,0.4,0.0,0.0,0.2,SMCC,0.19,0.6,0.2253,240,0.2253,0,1,0
F9,0.4,0.0,0.0,0.2,SMCC,0.19,0.6,0.2785,300,0.2785,0,1,0
F9,0.4,0.0,0.0,0.2,SMCC,0.19,0.6,0.3297,360,0.3297,0,1,0
F9,0.4,0.0,0.0,0.2,SMCC,0.19,0.6,0.3802,420,0.3802,0,1,0
F90,0.15,0.45,0.0,0.0,SMCC,0.218,0.6,0.0,0,0.0,0,1,0
F90,0.15,0.45,0.0,0.0,SMCC,0.218,0.6,0.0232,15,0.0232,0,1,0
F90,0.15,0.45,0.0,0.0,SMCC,0.218,0.6,0.0413,30,0.0413,0,1,0
F90,0.15,0.45,0.0,0.0,SMCC,0.218,0.6,0.0782,60,0.0782,0,1,0
F90,0.15,0.45,0.0,0.0,SMCC,0.218,0.6,0.1711,120,0.1711,0,1,0
F90,0.15,0.45,0.0,0.0,SMCC,0.218,0.6,0.2698,180,0.2698,0,1,0
F90,0.15,0.45,0.0,0.0,SMCC,0.218,0.6,0.3684,240,0.3684,0,1,0
F90,0.15,0.45,0.0,0.0,SMCC,0.218,0.6,0.4632,300,0.4632,0,1,0
F90,0.15,0.45,0.0,0.0,SMCC,0.218,0.6,0.5539,360,0.5539,0,1,0
F90,0.15,0.45,0.0,0.0,SMCC,0.218,0.6,0.6389,420,0.6389,0,1,0
F91,0.175,0.525,0.0,0.0,SMCC,0.118,0.7,0.0,0,0.0,0,1,0
F91,0.175,0.525,0.0,0.0,SMCC,0.118,0.7,0.0236,15,0.0236,0,1,0
F91,0.175,0.525,0.0,0.0,SMCC,0.118,0.7,0.0405,30,0.0405,0,1,0
F91,0.175,0.525,0.0,0.0,SMCC,0.118,0.7,0.0749,60,0.0749,0,1,0
F91,0.175,0.525,0.0,0.0,SMCC,0.118,0.7,0.1536,120,0.1536,0,1,0
F91,0.175,0.525,0.0,0.0,SMCC,0.118,0.7,0.2437,180,0.2437,0,1,0
F91,0.175,0.525,0.0,0.0,SMCC,0.118,0.7,0.343,240,0.343,0,1,0
F91,0.175,0.525,0.0,0.0,SMCC,0.118,0.7,0.4434,300,0.4434,0,1,0
F91,0.175,0.525,0.0,0.0,SMCC,0.118,0.7,0.5456,360,0.5456,0,1,0
F91,0.175,0.525,0.0,0.0,SMCC,0.118,0.7,0.6419,420,0.6419,0,1,0
