BatchID,PEO_N750_pct,PEO_1105_pct,PEO_N60K_pct,PEO_303_pct,Diluent_type,Diluent_pct,Total_polymer_pct,release_pct,time_min,release_frac
F1,20.0,0.0,0.0,40.0,SMCC,19.0,60.0,2.37,15,0.023700000000000002
F1,20.0,0.0,0.0,40.0,SMCC,19.0,60.0,3.65,30,0.0365
F1,20.0,0.0,0.0,40.0,SMCC,19.0,60.0,5.73,60,0.057300000000000004
F1,20.0,0.0,0.0,40.0,SMCC,19.0,60.0,9.49,120,0.0949
F1,20.0,0.0,0.0,40.0,SMCC,19.0,60.0,13.24,180,0.1324
F1,20.0,0.0,0.0,40.0,SMCC,19.0,60.0,17.09,240,0.1709
F1,20.0,0.0,0.0,40.0,SMCC,19.0,60.0,20.96,300,0.2096
F1,20.0,0.0,0.0,40.0,SMCC,19.0,60.0,24.84,360,0.2484
F1,20.0,0.0,0.0,40.0,SMCC,19.0,60.0,28.69,420,0.2869
F10,20.0,0.0,0.0,40.0,SMCC,19.0,60.0,2.39,15,0.0239
F10,20.0,0.0,0.0,40.0,SMCC,19.0,60.0,3.83,30,0.0383
F10,20.0,0.0,0.0,40.0,SMCC,19.0,60.0,6.16,60,0.0616
F10,20.0,0.0,0.0,40.0,SMCC,19.0,60.0,10.16,120,0.1016
F10,20.0,0.0,0.0,40.0,SMCC,19.0,60.0,13.92,180,0.1392
F10,20.0,0.0,0.0,40.0,SMCC,19.0,60.0,17.73,240,0.1773
F10,20.0,0.0,0.0,40.0,SMCC,19.0,60.0,21.49,300,0.21489999999999998
F10,20.0,0.0,0.0,40.0,SMCC,19.0,60.0,25.28,360,0.2528
F10,20.0,0.0,0.0,40.0,SMCC,19.0,60.0,29.01,420,0.2901
F11,7.5,0.0,0.0,7.5,SMCC,64.0,15.0,20.45,15,0.2045
F11,7.5,0.0,0.0,7.5,SMCC,64.0,15.0,26.89,30,0.26890000000000003
F11,7.5,0.0,0.0,7.5,SMCC,64.0,15.0,33.27,60,0.33270000000000005
F11,7.5,0.0,0.0,7.5,SMCC,64.0,15.0,41.16,120,0.41159999999999997
F11,7.5,0.0,0.0,7.5,SMCC,64.0,15.0,48.5,180,0.485
F11,7.5,0.0,0.0,7.5,SMCC,64.0,15.0,55.27,240,0.5527000000000001
F11,7.5,0.0,0.0,7.5,SMCC,64.0,15.0,61.9,300,0.619
F11,7.5,0.0,0.0,7.5,SMCC,64.0,15.0,67.79,360,0.6779000000000001
F11,7.5,0.0,0.0,7.5,SMCC,64.0,15.0,73.4,420,0.7340000000000001
F12,20.81,0.0,0.0,21.29,SMCC,36.9,42.1,3.29,15,0.0329
F12,20.81,0.0,0.0,21.29,SMCC,36.9,42.1,5.09,30,0.0509
F12,20.81,0.0,0.0,21.29,SMCC,36.9,42.1,7.96,60,0.0796
F12,20.81,0.0,0.0,21.29,SMCC,36.9,42.1,13.2,120,0.132
F12,20.81,0.0,0.0,21.29,SMCC,36.9,42.1,18.1,180,0.18100000000000002
F12,20.81,0.0,0.0,21.29,SMCC,36.9,42.1,22.83,240,0.22829999999999998
F12,20.81,0.0,0.0,21.29,SMCC,36.9,42.1,27.49,300,0.2749
F12,20.81,0.0,0.0,21.29,SMCC,36.9,42.1,32.07,360,0.3207
F12,20.81,0.0,0.0,21.29,SMCC,36.9,42.1,36.43,420,0.3643
F13,0.0,0.0,0.0,69.0,SMCC,10.0,69.0,1.82,15,0.0182
F13,0.0,0.0,0.0,69.0,SMCC,10.0,69.0,2.82,30,0.0282
F13,0.0,0.0,0.0,69.0,SMCC,10.0,69.0,4.51,60,0.0451
F13,0.0,0.0,0.0,69.0,SMCC,10.0,69.0,7.55,120,0.0755
F13,0.0,0.0,0.0,69.0,SMCC,10.0,69.0,10.48,180,0.1048
F13,0.0,0.0,0.0,69.0,SMCC,10.0,69.0,13.41,240,0.1341
F13,0.0,0.0,0.0,69.0,SMCC,10.0,69.0,16.42,300,0.1642
F13,0.0,0.0,0.0,69.0,SMCC,10.0,69.0,19.44,360,0.19440000000000002
F13,0.0,0.0,0.0,69.0,SMCC,10.0,69.0,22.47,420,0.22469999999999998
F14,69.0,0.0,0.0,0.0,SMCC,10.0,69.0,2.48,15,0.0248
F14,69.0,0.0,0.0,0.0,SMCC,10.0,69.0,4.85,30,0.048499999999999995
F14,69.0,0.0,0.0,0.0,SMCC,10.0,69.0,10.84,60,0.1084
F14,69.0,0.0,0.0,0.0,SMCC,10.0,69.0,25.67,120,0.25670000000000004
F14,69.0,0.0,0.0,0.0,SMCC,10.0,69.0,40.47,180,0.4047
F14,69.0,0.0,0.0,0.0,SMCC,10.0,69.0,56.49,240,0.5649000000000001
F14,69.0,0.0,0.0,0.0,SMCC,10.0,69.0,70.52,300,0.7051999999999999
F14,69.0,0.0,0.0,0.0,SMCC,10.0,69.0,81.97,360,0.8197
F14,69.0,0.0,0.0,0.0,SMCC,10.0,69.0,88.74,420,0.8874
F15,0.0,27.5,0.0,0.0,SMCC,51.5,27.5,10.62,15,0.10619999999999999
F15,0.0,27.5,0.0,0.0,SMCC,51.5,27.5,14.2,30,0.142
F15,0.0,27.5,0.0,0.0,SMCC,51.5,27.5,20.32,60,0.2032
F15,0.0,27.5,0.0,0.0,SMCC,51.5,27.5,33.72,120,0.3372
F15,0.0,27.5,0.0,0.0,SMCC,51.5,27.5,48.44,180,0.4844
F15,0.0,27.5,0.0,0.0,SMCC,51.5,27.5,60.55,240,0.6054999999999999
F15,0.0,27.5,0.0,0.0,SMCC,51.5,27.5,70.71,300,0.7071
F15,0.0,27.5,0.0,0.0,SMCC,51.5,27.5,79.2,360,0.792
F15,0.0,27.5,0.0,0.0,SMCC,51.5,27.5,85.57,420,0.8556999999999999
F16,0.0,40.0,0.0,0.0,SMCC,39.0,40.0,4.04,15,0.0404
F16,0.0,40.0,0.0,0.0,SMCC,39.0,40.0,6.52,30,0.0652
F16,0.0,40.0,0.0,0.0,SMCC,39.0,40.0,11.83,60,0.1183
F16,0.0,40.0,0.0,0.0,SMCC,39.0,40.0,24.71,120,0.24710000000000001
F16,0.0,40.0,0.0,0.0,SMCC,39.0,40.0,38.15,180,0.3815
F16,0.0,40.0,0.0,0.0,SMCC,39.0,40.0,50.09,240,0.5009
F16,0.0,40.0,0.0,0.0,SMCC,39.0,40.0,60.32,300,0.6032
F16,0.0,40.0,0.0,0.0,SMCC,39.0,40.0,69.55,360,0.6955
F16,0.0,40.0,0.0,0.0,SMCC,39.0,40.0,77.46,420,0.7746
F17,30.6,10.56,0.0,0.0,SMCC,37.84,41.16,4.01,15,0.0401
F17,30.6,10.56,0.0,0.0,SMCC,37.84,41.16,7.17,30,0.0717
F17,30.6,10.56,0.0,0.0,SMCC,37.84,41.16,14.63,60,0.1463
F17,30.6,10.56,0.0,0.0,SMCC,37.84,41.16,30.08,120,0.30079999999999996
F17,30.6,10.56,0.0,0.0,SMCC,37.84,41.16,43.3,180,0.433
F17,30.6,10.56,0.0,0.0,SMCC,37.84,41.16,55.95,240,0.5595
F17,30.6,10.56,0.0,0.0,SMCC,37.84,41.16,67.2,300,0.672
F17,30.6,10.56,0.0,0.0,SMCC,37.84,41.16,77.85,360,0.7785
F17,30.6,10.56,0.0,0.0,SMCC,37.84,41.16,86.22,420,0.8622
F18,27.5,40.0,0.0,0.0,SMCC,11.5,67.5,2.31,15,0.0231
F18,27.5,40.0,0.0,0.0,SMCC,11.5,67.5,4.17,30,0.0417
F18,27.5,40.0,0.0,0.0,SMCC,11.5,67.5,8.24,60,0.0824
F18,27.5,40.0,0.0,0.0,SMCC,11.5,67.5,17.96,120,0.1796
F18,27.5,40.0,0.0,0.0,SMCC,11.5,67.5,29.21,180,0.2921
F18,27.5,40.0,0.0,0.0,SMCC,11.5,67.5,41.17,240,0.4117
F18,27.5,40.0,0.0,0.0,SMCC,11.5,67.5,53.29,300,0.5329
F18,27.5,40.0,0.0,0.0,SMCC,11.5,67.5,64.99,360,0.6498999999999999
F18,27.5,40.0,0.0,0.0,SMCC,11.5,67.5,75.59,420,0.7559
F19,40.0,10.0,0.0,0.0,SMCC,29.0,50.0,2.88,15,0.0288
F19,40.0,10.0,0.0,0.0,SMCC,29.0,50.0,5.4,30,0.054000000000000006
F19,40.0,10.0,0.0,0.0,SMCC,29.0,50.0,11.27,60,0.1127
F19,40.0,10.0,0.0,0.0,SMCC,29.0,50.0,24.86,120,0.2486
F19,40.0,10.0,0.0,0.0,SMCC,29.0,50.0,38.6,180,0.386
F19,40.0,10.0,0.0,0.0,SMCC,29.0,50.0,51.95,240,0.5195000000000001
F19,40.0,10.0,0.0,0.0,SMCC,29.0,50.0,64.81,300,0.6481
F19,40.0,10.0,0.0,0.0,SMCC,29.0,50.0,76.28,360,0.7628
F19,40.0,10.0,0.0,0.0,SMCC,29.0,50.0,84.81,420,0.8481000000000001
F2,40.0,0.0,0.0,20.0,SMCC,19.0,60.0,2.59,15,0.0259
F2,40.0,0.0,0.0,20.0,SMCC,19.0,60.0,4.68,30,0.046799999999999994
F2,40.0,0.0,0.0,20.0,SMCC,19.0,60.0,7.69,60,0.07690000000000001
F2,40.0,0.0,0.0,20.0,SMCC,19.0,60.0,13.12,120,0.13119999999999998
F2,40.0,0.0,0.0,20.0,SMCC,19.0,60.0,18.43,180,0.1843
F2,40.0,0.0,0.0,20.0,SMCC,19.0,60.0,23.68,240,0.2368
F2,40.0,0.0,0.0,20.0,SMCC,19.0,60.0,28.91,300,0.2891
F2,40.0,0.0,0.0,20.0,SMCC,19.0,60.0,34.02,360,0.34020000000000006
F2,40.0,0.0,0.0,20.0,SMCC,19.0,60.0,39.1,420,0.391
F20,50.0,0.0,0.0,0.0,SMCC,29.0,50.0,5.31,15,0.053099999999999994
F20,50.0,0.0,0.0,0.0,SMCC,29.0,50.0,9.45,30,0.09449999999999999
F20,50.0,0.0,0.0,0.0,SMCC,29.0,50.0,19.17,60,0.1917
F20,50.0,0.0,0.0,0.0,SMCC,29.0,50.0,39.94,120,0.3994
F20,50.0,0.0,0.0,0.0,SMCC,29.0,50.0,57.87,180,0.5787
F20,50.0,0.0,0.0,0.0,SMCC,29.0,50.0,74.1,240,0.741
F20,50.0,0.0,0.0,0.0,SMCC,29.0,50.0,86.23,300,0.8623000000000001
F20,50.0,0.0,0.0,0.0,SMCC,29.0,50.0,93.65,360,0.9365000000000001
F20,50.0,0.0,0.0,0.0,SMCC,29.0,50.0,95.97,420,0.9597
F21,25.0,25.0,0.0,0.0,SMCC,29.0,50.0,2.82,15,0.0282
F21,25.0,25.0,0.0,0.0,SMCC,29.0,50.0,5.06,30,0.0506
F21,25.0,25.0,0.0,0.0,SMCC,29.0,50.0,18.75,60,0.1875
F21,25.0,25.0,0.0,0.0,SMCC,29.0,50.0,21.82,120,0.2182
F21,25.0,25.0,0.0,0.0,SMCC,29.0,50.0,34.05,180,0.34049999999999997
F21,25.0,25.0,0.0,0.0,SMCC,29.0,50.0,45.99,240,0.45990000000000003
F21,25.0,25.0,0.0,0.0,SMCC,29.0,50.0,57.2,300,0.5720000000000001
F21,25.0,25.0,0.0,0.0,SMCC,29.0,50.0,67.94,360,0.6794
F21,25.0,25.0,0.0,0.0,SMCC,29.0,50.0,77.93,420,0.7793000000000001
F22,12.34,12.0,0.0,0.0,SMCC,54.66,24.34,16.64,15,0.1664
F22,12.34,12.0,0.0,0.0,SMCC,54.66,24.34,22.19,30,0.22190000000000001
F22,12.34,12.0,0.0,0.0,SMCC,54.66,24.34,31.14,60,0.3114
F22,12.34,12.0,0.0,0.0,SMCC,54.66,24.34,48.55,120,0.4855
F22,12.34,12.0,0.0,0.0,SMCC,54.66,24.34,62.36,180,0.6236
F22,12.34,12.0,0.0,0.0,SMCC,54.66,24.34,72.69,240,0.7269
F22,12.34,12.0,0.0,0.0,SMCC,54.66,24.34,81.99,300,0.8199
F22,12.34,12.0,0.0,0.0,SMCC,54.66,24.34,90.52,360,0.9052
F22,12.34,12.0,0.0,0.0,SMCC,54.66,24.34,95.73,420,0.9573
F23,11.85,28.0,0.0,0.0,SMCC,39.15,39.85,4.18,15,0.0418
F23,11.85,28.0,0.0,0.0,SMCC,39.15,39.85,6.79,30,0.0679
F23,11.85,28.0,0.0,0.0,SMCC,39.15,39.85,12.6,60,0.126
F23,11.85,28.0,0.0,0.0,SMCC,39.15,39.85,25.94,120,0.2594
F23,11.85,28.0,0.0,0.0,SMCC,39.15,39.85,39.42,180,0.3942
F23,11.85,28.0,0.0,0.0,SMCC,39.15,39.85,51.21,240,0.5121
F23,11.85,28.0,0.0,0.0,SMCC,39.15,39.85,61.5,300,0.615
F23,11.85,28.0,0.0,0.0,SMCC,39.15,39.85,71.11,360,0.7111
F23,11.85,28.0,0.0,0.0,SMCC,39.15,39.85,80.05,420,0.8005
F24,10.0,40.0,0.0,0.0,SMCC,29.0,50.0,2.94,15,0.0294
F24,10.0,40.0,0.0,0.0,SMCC,29.0,50.0,5.18,30,0.0518
F24,10.0,40.0,0.0,0.0,SMCC,29.0,50.0,10.35,60,0.1035
F24,10.0,40.0,0.0,0.0,SMCC,29.0,50.0,22.53,120,0.2253
F24,10.0,40.0,0.0,0.0,SMCC,29.0,50.0,35.67,180,0.3567
F24,10.0,40.0,0.0,0.0,SMCC,29.0,50.0,47.7,240,0.47700000000000004
F24,10.0,40.0,0.0,0.0,SMCC,29.0,50.0,58.78,300,0.5878
F24,10.0,40.0,0.0,0.0,SMCC,29.0,50.0,69.09,360,0.6909000000000001
F24,10.0,40.0,0.0,0.0,SMCC,29.0,50.0,78.44,420,0.7844
F25,15.0,0.0,0.0,0.0,SMCC,64.0,15.0,92.81,15,0.9281
F25,15.0,0.0,0.0,0.0,SMCC,64.0,15.0,96.85,30,0.9684999999999999
F25,15.0,0.0,0.0,0.0,SMCC,64.0,15.0,97.89,60,0.9789
F25,15.0,0.0,0.0,0.0,SMCC,64.0,15.0,99.2,120,0.992
F25,15.0,0.0,0.0,0.0,SMCC,64.0,15.0,99.24,180,0.9924
F25,15.0,0.0,0.0,0.0,SMCC,64.0,15.0,100.01,240,1.0
F25,15.0,0.0,0.0,0.0,SMCC,64.0,15.0,100.02,300,1.0
F25,15.0,0.0,0.0,0.0,SMCC,64.0,15.0,100.06,360,1.0
F25,15.0,0.0,0.0,0.0,SMCC,64.0,15.0,100.12,420,1.0
F26,0.0,15.0,0.0,0.0,SMCC,64.0,15.0,93.18,15,0.9318000000000001
F26,0.0,15.0,0.0,0.0,SMCC,64.0,15.0,97.98,30,0.9798
F26,0.0,15.0,0.0,0.0,SMCC,64.0,15.0,98.85,60,0.9884999999999999
F26,0.0,15.0,0.0,0.0,SMCC,64.0,15.0,99.45,120,0.9945
F26,0.0,15.0,0.0,0.0,SMCC,64.0,15.0,99.67,180,0.9967
F26,0.0,15.0,0.0,0.0,SMCC,64.0,15.0,100.02,240,1.0
F26,0.0,15.0,0.0,0.0,SMCC,64.0,15.0,100.03,300,1.0
F26,0.0,15.0,0.0,0.0,SMCC,64.0,15.0,100.13,360,1.0
F26,0.0,15.0,0.0,0.0,SMCC,64.0,15.0,100.32,420,1.0
F27,27.5,0.0,0.0,0.0,SMCC,51.5,27.5,10.25,15,0.1025
F27,27.5,0.0,0.0,0.0,SMCC,51.5,27.5,15.5,30,0.155
F27,27.5,0.0,0.0,0.0,SMCC,51.5,27.5,25.21,60,0.2521
F27,27.5,0.0,0.0,0.0,SMCC,51.5,27.5,44.21,120,0.4421
F27,27.5,0.0,0.0,0.0,SMCC,51.5,27.5,61.87,180,0.6187
F27,27.5,0.0,0.0,0.0,SMCC,51.5,27.5,75.57,240,0.7556999999999999
F27,27.5,0.0,0.0,0.0,SMCC,51.5,27.5,88.06,300,0.8806
F27,27.5,0.0,0.0,0.0,SMCC,51.5,27.5,95.64,360,0.9564
F27,27.5,0.0,0.0,0.0,SMCC,51.5,27.5,97.93,420,0.9793000000000001
F28,40.0,0.0,0.0,0.0,SMCC,39.0,40.0,4.24,15,0.0424
F28,40.0,0.0,0.0,0.0,SMCC,39.0,40.0,7.95,30,0.0795
F28,40.0,0.0,0.0,0.0,SMCC,39.0,40.0,16.88,60,0.16879999999999998
F28,40.0,0.0,0.0,0.0,SMCC,39.0,40.0,36.62,120,0.36619999999999997
F28,40.0,0.0,0.0,0.0,SMCC,39.0,40.0,56.07,180,0.5607
F28,40.0,0.0,0.0,0.0,SMCC,39.0,40.0,72.55,240,0.7254999999999999
F28,40.0,0.0,0.0,0.0,SMCC,39.0,40.0,84.6,300,0.846
F28,40.0,0.0,0.0,0.0,SMCC,39.0,40.0,93.85,360,0.9384999999999999
F28,40.0,0.0,0.0,0.0,SMCC,39.0,40.0,97.09,420,0.9709
F29,10.56,0.0,30.66,0.0,SMCC,37.78,41.22,3.14,15,0.031400000000000004
F29,10.56,0.0,30.66,0.0,SMCC,37.78,41.22,4.94,30,0.049400000000000006
F29,10.56,0.0,30.66,0.0,SMCC,37.78,41.22,7.94,60,0.0794
F29,10.56,0.0,30.66,0.0,SMCC,37.78,41.22,14.17,120,0.1417
F29,10.56,0.0,30.66,0.0,SMCC,37.78,41.22,21.14,180,0.2114
F29,10.56,0.0,30.66,0.0,SMCC,37.78,41.22,28.62,240,0.2862
F29,10.56,0.0,30.66,0.0,SMCC,37.78,41.22,36.16,300,0.3616
F29,10.56,0.0,30.66,0.0,SMCC,37.78,41.22,43.38,360,0.4338
F29,10.56,0.0,30.66,0.0,SMCC,37.78,41.22,50.59,420,0.5059
F3,7.5,0.0,0.0,40.0,SMCC,31.5,47.5,2.59,15,0.0259
F3,7.5,0.0,0.0,40.0,SMCC,31.5,47.5,3.84,30,0.0384
F3,7.5,0.0,0.0,40.0,SMCC,31.5,47.5,5.91,60,0.0591
F3,7.5,0.0,0.0,40.0,SMCC,31.5,47.5,9.63,120,0.09630000000000001
F3,7.5,0.0,0.0,40.0,SMCC,31.5,47.5,13.25,180,0.1325
F3,7.5,0.0,0.0,40.0,SMCC,31.5,47.5,16.96,240,0.1696
F3,7.5,0.0,0.0,40.0,SMCC,31.5,47.5,20.65,300,0.2065
F3,7.5,0.0,0.0,40.0,SMCC,31.5,47.5,24.3,360,0.243
F3,7.5,0.0,0.0,40.0,SMCC,31.5,47.5,28.01,420,0.2801
F30,40.0,0.0,27.5,0.0,SMCC,11.5,67.5,2.47,15,0.024700000000000003
F30,40.0,0.0,27.5,0.0,SMCC,11.5,67.5,4.27,30,0.042699999999999995
F30,40.0,0.0,27.5,0.0,SMCC,11.5,67.5,7.51,60,0.0751
F30,40.0,0.0,27.5,0.0,SMCC,11.5,67.5,14.17,120,0.1417
F30,40.0,0.0,27.5,0.0,SMCC,11.5,67.5,21.7,180,0.217
F30,40.0,0.0,27.5,0.0,SMCC,11.5,67.5,29.82,240,0.2982
F30,40.0,0.0,27.5,0.0,SMCC,11.5,67.5,38.66,300,0.38659999999999994
F30,40.0,0.0,27.5,0.0,SMCC,11.5,67.5,47.59,360,0.47590000000000005
F30,40.0,0.0,27.5,0.0,SMCC,11.5,67.5,56.56,420,0.5656
F31,10.0,0.0,40.0,0.0,SMCC,29.0,50.0,2.67,15,0.026699999999999998
F31,10.0,0.0,40.0,0.0,SMCC,29.0,50.0,4.34,30,0.0434
F31,10.0,0.0,40.0,0.0,SMCC,29.0,50.0,7.16,60,0.0716
F31,10.0,0.0,40.0,0.0,SMCC,29.0,50.0,12.94,120,0.1294
F31,10.0,0.0,40.0,0.0,SMCC,29.0,50.0,19.1,180,0.191
F31,10.0,0.0,40.0,0.0,SMCC,29.0,50.0,25.58,240,0.25579999999999997
F31,10.0,0.0,40.0,0.0,SMCC,29.0,50.0,32.46,300,0.3246
F31,10.0,0.0,40.0,0.0,SMCC,29.0,50.0,39.38,360,0.39380000000000004
F31,10.0,0.0,40.0,0.0,SMCC,29.0,50.0,46.15,420,0.46149999999999997
F32,0.0,0.0,40.0,0.0,SMCC,39.0,40.0,3.27,15,0.0327
F32,0.0,0.0,40.0,0.0,SMCC,39.0,40.0,4.95,30,0.0495
F32,0.0,0.0,40.0,0.0,SMCC,39.0,40.0,7.94,60,0.0794
F32,0.0,0.0,40.0,0.0,SMCC,39.0,40.0,13.81,120,0.1381
F32,0.0,0.0,40.0,0.0,SMCC,39.0,40.0,19.86,180,0.1986
F32,0.0,0.0,40.0,0.0,SMCC,39.0,40.0,26.07,240,0.2607
F32,0.0,0.0,40.0,0.0,SMCC,39.0,40.0,32.29,300,0.32289999999999996
F32,0.0,0.0,40.0,0.0,SMCC,39.0,40.0,38.53,360,0.38530000000000003
F32,0.0,0.0,40.0,0.0,SMCC,39.0,40.0,44.62,420,0.4462
F33,25.0,0.0,25.0,0.0,SMCC,29.0,50.0,3.13,15,0.0313
F33,25.0,0.0,25.0,0.0,SMCC,29.0,50.0,5.21,30,0.0521
F33,25.0,0.0,25.0,0.0,SMCC,29.0,50.0,8.75,60,0.0875
F33,25.0,0.0,25.0,0.0,SMCC,29.0,50.0,16.13,120,0.1613
F33,25.0,0.0,25.0,0.0,SMCC,29.0,50.0,23.86,180,0.2386
F33,25.0,0.0,25.0,0.0,SMCC,29.0,50.0,31.78,240,0.3178
F33,25.0,0.0,25.0,0.0,SMCC,29.0,50.0,39.69,300,0.3969
F33,25.0,0.0,25.0,0.0,SMCC,29.0,50.0,47.4,360,0.474
F33,25.0,0.0,25.0,0.0,SMCC,29.0,50.0,54.68,420,0.5468
F34,12.0,0.0,12.34,0.0,SMCC,54.66,24.34,10.49,15,0.10490000000000001
F34,12.0,0.0,12.34,0.0,SMCC,54.66,24.34,13.87,30,0.1387
F34,12.0,0.0,12.34,0.0,SMCC,54.66,24.34,19.24,60,0.1924
F34,12.0,0.0,12.34,0.0,SMCC,54.66,24.34,29.76,120,0.29760000000000003
F34,12.0,0.0,12.34,0.0,SMCC,54.66,24.34,41.33,180,0.4133
F34,12.0,0.0,12.34,0.0,SMCC,54.66,24.34,52.66,240,0.5266
F34,12.0,0.0,12.34,0.0,SMCC,54.66,24.34,62.02,300,0.6202000000000001
F34,12.0,0.0,12.34,0.0,SMCC,54.66,24.34,70.14,360,0.7014
F34,12.0,0.0,12.34,0.0,SMCC,54.66,24.34,77.57,420,0.7757
F35,28.0,0.0,11.85,0.0,SMCC,39.15,39.85,4.01,15,0.0401
F35,28.0,0.0,11.85,0.0,SMCC,39.15,39.85,6.49,30,0.0649
F35,28.0,0.0,11.85,0.0,SMCC,39.15,39.85,11.3,60,0.113
F35,28.0,0.0,11.85,0.0,SMCC,39.15,39.85,21.97,120,0.21969999999999998
F35,28.0,0.0,11.85,0.0,SMCC,39.15,39.85,32.85,180,0.3285
F35,28.0,0.0,11.85,0.0,SMCC,39.15,39.85,43.48,240,0.43479999999999996
F35,28.0,0.0,11.85,0.0,SMCC,39.15,39.85,53.29,300,0.5329
F35,28.0,0.0,11.85,0.0,SMCC,39.15,39.85,62.0,360,0.62
F35,28.0,0.0,11.85,0.0,SMCC,39.15,39.85,69.68,420,0.6968000000000001
F36,40.0,0.0,10.0,0.0,SMCC,29.0,50.0,3.02,15,0.0302
F36,40.0,0.0,10.0,0.0,SMCC,29.0,50.0,5.4,30,0.054000000000000006
F36,40.0,0.0,10.0,0.0,SMCC,29.0,50.0,10.34,60,0.10339999999999999
F36,40.0,0.0,10.0,0.0,SMCC,29.0,50.0,21.7,120,0.217
F36,40.0,0.0,10.0,0.0,SMCC,29.0,50.0,33.84,180,0.33840000000000003
F36,40.0,0.0,10.0,0.0,SMCC,29.0,50.0,45.47,240,0.4547
F36,40.0,0.0,10.0,0.0,SMCC,29.0,50.0,56.17,300,0.5617
F36,40.0,0.0,10.0,0.0,SMCC,29.0,50.0,65.39,360,0.6539
F36,40.0,0.0,10.0,0.0,SMCC,29.0,50.0,73.69,420,0.7369
F37,0.0,0.0,15.0,0.0,SMCC,64.0,15.0,47.51,15,0.47509999999999997
F37,0.0,0.0,15.0,0.0,SMCC,64.0,15.0,58.51,30,0.5851
F37,0.0,0.0,15.0,0.0,SMCC,64.0,15.0,67.32,60,0.6731999999999999
F37,0.0,0.0,15.0,0.0,SMCC,64.0,15.0,75.15,120,0.7515000000000001
F37,0.0,0.0,15.0,0.0,SMCC,64.0,15.0,81.0,180,0.81
F37,0.0,0.0,15.0,0.0,SMCC,64.0,15.0,85.71,240,0.8571
F37,0.0,0.0,15.0,0.0,SMCC,64.0,15.0,89.41,300,0.8941
F37,0.0,0.0,15.0,0.0,SMCC,64.0,15.0,90.74,360,0.9074
F37,0.0,0.0,15.0,0.0,SMCC,64.0,15.0,95.18,420,0.9518000000000001
F38,15.0,0.0,0.0,0.0,SMCC,64.0,15.0,91.47,15,0.9147
F38,15.0,0.0,0.0,0.0,SMCC,64.0,15.0,94.62,30,0.9462
F38,15.0,0.0,0.0,0.0,SMCC,64.0,15.0,96.46,60,0.9645999999999999
F38,15.0,0.0,0.0,0.0,SMCC,64.0,15.0,98.1,120,0.981
F38,15.0,0.0,0.0,0.0,SMCC,64.0,15.0,98.81,180,0.9881
F38,15.0,0.0,0.0,0.0,SMCC,64.0,15.0,99.26,240,0.9926
F38,15.0,0.0,0.0,0.0,SMCC,64.0,15.0,99.18,300,0.9918
F38,15.0,0.0,0.0,0.0,SMCC,64.0,15.0,99.18,360,0.9918
F38,15.0,0.0,0.0,0.0,SMCC,64.0,15.0,99.53,420,0.9953
F39,0.0,0.0,27.5,0.0,SMCC,51.5,27.5,5.87,15,0.0587
F39,0.0,0.0,27.5,0.0,SMCC,51.5,27.5,8.31,30,0.08310000000000001
F39,0.0,0.0,27.5,0.0,SMCC,51.5,27.5,11.94,60,0.11939999999999999
F39,0.0,0.0,27.5,0.0,SMCC,51.5,27.5,18.6,120,0.18600000000000003
F39,0.0,0.0,27.5,0.0,SMCC,51.5,27.5,25.79,180,0.2579
F39,0.0,0.0,27.5,0.0,SMCC,51.5,27.5,33.43,240,0.3343
F39,0.0,0.0,27.5,0.0,SMCC,51.5,27.5,41.22,300,0.4122
F39,0.0,0.0,27.5,0.0,SMCC,51.5,27.5,48.9,360,0.489
F39,0.0,0.0,27.5,0.0,SMCC,51.5,27.5,56.16,420,0.5616
F4,40.0,0.0,0.0,7.5,SMCC,31.5,47.5,3.26,15,0.0326
F4,40.0,0.0,0.0,7.5,SMCC,31.5,47.5,5.95,30,0.059500000000000004
F4,40.0,0.0,0.0,7.5,SMCC,31.5,47.5,10.61,60,0.1061
F4,40.0,0.0,0.0,7.5,SMCC,31.5,47.5,20.04,120,0.2004
F4,40.0,0.0,0.0,7.5,SMCC,31.5,47.5,29.49,180,0.2949
F4,40.0,0.0,0.0,7.5,SMCC,31.5,47.5,38.62,240,0.3862
F4,40.0,0.0,0.0,7.5,SMCC,31.5,47.5,47.14,300,0.4714
F4,40.0,0.0,0.0,7.5,SMCC,31.5,47.5,54.85,360,0.5485
F4,40.0,0.0,0.0,7.5,SMCC,31.5,47.5,61.86,420,0.6186
F40,0.0,0.0,40.0,0.0,SMCC,39.0,40.0,2.39,15,0.0239
F40,0.0,0.0,40.0,0.0,SMCC,39.0,40.0,3.84,30,0.0384
F40,0.0,0.0,40.0,0.0,SMCC,39.0,40.0,6.42,60,0.0642
F40,0.0,0.0,40.0,0.0,SMCC,39.0,40.0,11.55,120,0.1155
F40,0.0,0.0,40.0,0.0,SMCC,39.0,40.0,17.04,180,0.1704
F40,0.0,0.0,40.0,0.0,SMCC,39.0,40.0,22.73,240,0.2273
F40,0.0,0.0,40.0,0.0,SMCC,39.0,40.0,28.49,300,0.2849
F40,0.0,0.0,40.0,0.0,SMCC,39.0,40.0,34.22,360,0.3422
F40,0.0,0.0,40.0,0.0,SMCC,39.0,40.0,39.93,420,0.3993
F41,0.0,30.6,10.56,0.0,SMCC,37.84,41.16,3.57,15,0.035699999999999996
F41,0.0,30.6,10.56,0.0,SMCC,37.84,41.16,5.68,30,0.056799999999999996
F41,0.0,30.6,10.56,0.0,SMCC,37.84,41.16,9.54,60,0.09539999999999998
F41,0.0,30.6,10.56,0.0,SMCC,37.84,41.16,17.88,120,0.1788
F41,0.0,30.6,10.56,0.0,SMCC,37.84,41.16,27.13,180,0.2713
F41,0.0,30.6,10.56,0.0,SMCC,37.84,41.16,36.54,240,0.3654
F41,0.0,30.6,10.56,0.0,SMCC,37.84,41.16,45.36,300,0.4536
F41,0.0,30.6,10.56,0.0,SMCC,37.84,41.16,53.94,360,0.5394
F41,0.0,30.6,10.56,0.0,SMCC,37.84,41.16,61.67,420,0.6167
F42,0.0,27.5,40.0,0.0,SMCC,11.5,67.5,2.38,15,0.023799999999999998
F42,0.0,27.5,40.0,0.0,SMCC,11.5,67.5,4.01,30,0.0401
F42,0.0,27.5,40.0,0.0,SMCC,11.5,67.5,6.98,60,0.0698
F42,0.0,27.5,40.0,0.0,SMCC,11.5,67.5,12.82,120,0.1282
F42,0.0,27.5,40.0,0.0,SMCC,11.5,67.5,19.1,180,0.191
F42,0.0,27.5,40.0,0.0,SMCC,11.5,67.5,25.56,240,0.2556
F42,0.0,27.5,40.0,0.0,SMCC,11.5,67.5,32.06,300,0.3206
F42,0.0,27.5,40.0,0.0,SMCC,11.5,67.5,38.61,360,0.3861
F42,0.0,27.5,40.0,0.0,SMCC,11.5,67.5,45.12,420,0.4512
F43,0.0,40.0,10.0,0.0,SMCC,29.0,50.0,2.72,15,0.027200000000000002
F43,0.0,40.0,10.0,0.0,SMCC,29.0,50.0,4.66,30,0.0466
F43,0.0,40.0,10.0,0.0,SMCC,29.0,50.0,8.3,60,0.083
F43,0.0,40.0,10.0,0.0,SMCC,29.0,50.0,16.39,120,0.16390000000000002
F43,0.0,40.0,10.0,0.0,SMCC,29.0,50.0,25.39,180,0.2539
F43,0.0,40.0,10.0,0.0,SMCC,29.0,50.0,34.46,240,0.3446
F43,0.0,40.0,10.0,0.0,SMCC,29.0,50.0,43.34,300,0.4334
F43,0.0,40.0,10.0,0.0,SMCC,29.0,50.0,52.1,360,0.521
F43,0.0,40.0,10.0,0.0,SMCC,29.0,50.0,60.57,420,0.6057
F44,0.0,50.0,0.0,0.0,SMCC,29.0,50.0,3.79,15,0.0379
F44,0.0,50.0,0.0,0.0,SMCC,29.0,50.0,6.19,30,0.061900000000000004
F44,0.0,50.0,0.0,0.0,SMCC,29.0,50.0,11.2,60,0.11199999999999999
F44,0.0,50.0,0.0,0.0,SMCC,29.0,50.0,22.94,120,0.22940000000000002
F44,0.0,50.0,0.0,0.0,SMCC,29.0,50.0,35.43,180,0.3543
F44,0.0,50.0,0.0,0.0,SMCC,29.0,50.0,46.56,240,0.4656
F44,0.0,50.0,0.0,0.0,SMCC,29.0,50.0,56.05,300,0.5605
F44,0.0,50.0,0.0,0.0,SMCC,29.0,50.0,64.44,360,0.6444
F44,0.0,50.0,0.0,0.0,SMCC,29.0,50.0,72.55,420,0.7254999999999999
F45,0.0,25.0,25.0,0.0,SMCC,29.0,50.0,2.52,15,0.0252
F45,0.0,25.0,25.0,0.0,SMCC,29.0,50.0,4.2,30,0.042
F45,0.0,25.0,25.0,0.0,SMCC,29.0,50.0,7.04,60,0.0704
F45,0.0,25.0,25.0,0.0,SMCC,29.0,50.0,12.72,120,0.1272
F45,0.0,25.0,25.0,0.0,SMCC,29.0,50.0,19.08,180,0.19079999999999997
F45,0.0,25.0,25.0,0.0,SMCC,29.0,50.0,25.9,240,0.259
F45,0.0,25.0,25.0,0.0,SMCC,29.0,50.0,33.03,300,0.33030000000000004
F45,0.0,25.0,25.0,0.0,SMCC,29.0,50.0,40.1,360,0.401
F45,0.0,25.0,25.0,0.0,SMCC,29.0,50.0,47.44,420,0.4744
F46,0.0,12.34,12.0,0.0,SMCC,54.66,24.34,10.33,15,0.1033
F46,0.0,12.34,12.0,0.0,SMCC,54.66,24.34,13.77,30,0.1377
F46,0.0,12.34,12.0,0.0,SMCC,54.66,24.34,18.76,60,0.18760000000000002
F46,0.0,12.34,12.0,0.0,SMCC,54.66,24.34,27.65,120,0.27649999999999997
F46,0.0,12.34,12.0,0.0,SMCC,54.66,24.34,37.13,180,0.3713
F46,0.0,12.34,12.0,0.0,SMCC,54.66,24.34,46.51,240,0.46509999999999996
F46,0.0,12.34,12.0,0.0,SMCC,54.66,24.34,54.83,300,0.5483
F46,0.0,12.34,12.0,0.0,SMCC,54.66,24.34,62.09,360,0.6209
F46,0.0,12.34,12.0,0.0,SMCC,54.66,24.34,68.87,420,0.6887000000000001
F47,0.0,11.85,28.0,0.0,SMCC,39.15,39.85,3.64,15,0.0364
F47,0.0,11.85,28.0,0.0,SMCC,39.15,39.85,5.46,30,0.0546
F47,0.0,11.85,28.0,0.0,SMCC,39.15,39.85,8.76,60,0.0876
F47,0.0,11.85,28.0,0.0,SMCC,39.15,39.85,15.13,120,0.15130000000000002
F47,0.0,11.85,28.0,0.0,SMCC,39.15,39.85,22.14,180,0.2214
F47,0.0,11.85,28.0,0.0,SMCC,39.15,39.85,29.67,240,0.2967
F47,0.0,11.85,28.0,0.0,SMCC,39.15,39.85,37.08,300,0.37079999999999996
F47,0.0,11.85,28.0,0.0,SMCC,39.15,39.85,44.17,360,0.44170000000000004
F47,0.0,11.85,28.0,0.0,SMCC,39.15,39.85,51.16,420,0.5115999999999999
F48,0.0,10.0,40.0,0.0,SMCC,29.0,50.0,2.93,15,0.029300000000000003
F48,0.0,10.0,40.0,0.0,SMCC,29.0,50.0,4.68,30,0.046799999999999994
F48,0.0,10.0,40.0,0.0,SMCC,29.0,50.0,7.82,60,0.0782
F48,0.0,10.0,40.0,0.0,SMCC,29.0,50.0,13.86,120,0.1386
F48,0.0,10.0,40.0,0.0,SMCC,29.0,50.0,20.16,180,0.2016
F48,0.0,10.0,40.0,0.0,SMCC,29.0,50.0,26.72,240,0.2672
F48,0.0,10.0,40.0,0.0,SMCC,29.0,50.0,33.42,300,0.3342
F48,0.0,10.0,40.0,0.0,SMCC,29.0,50.0,40.07,360,0.4007
F48,0.0,10.0,40.0,0.0,SMCC,29.0,50.0,46.57,420,0.4657
F49,0.0,15.0,0.0,0.0,SMCC,64.0,15.0,81.98,15,0.8198000000000001
F49,0.0,15.0,0.0,0.0,SMCC,64.0,15.0,90.77,30,0.9077
F49,0.0,15.0,0.0,0.0,SMCC,64.0,15.0,95.35,60,0.9534999999999999
F49,0.0,15.0,0.0,0.0,SMCC,64.0,15.0,97.03,120,0.9703
F49,0.0,15.0,0.0,0.0,SMCC,64.0,15.0,97.12,180,0.9712000000000001
F49,0.0,15.0,0.0,0.0,SMCC,64.0,15.0,97.21,240,0.9721
F49,0.0,15.0,0.0,0.0,SMCC,64.0,15.0,98.01,300,0.9801000000000001
F49,0.0,15.0,0.0,0.0,SMCC,64.0,15.0,97.6,360,0.976
F49,0.0,15.0,0.0,0.0,SMCC,64.0,15.0,98.17,420,0.9817
F5,7.5,0.0,0.0,40.0,SMCC,31.5,47.5,2.3,15,0.023
F5,7.5,0.0,0.0,40.0,SMCC,31.5,47.5,3.57,30,0.035699999999999996
F5,7.5,0.0,0.0,40.0,SMCC,31.5,47.5,5.68,60,0.056799999999999996
F5,7.5,0.0,0.0,40.0,SMCC,31.5,47.5,9.48,120,0.09480000000000001
F5,7.5,0.0,0.0,40.0,SMCC,31.5,47.5,13.3,180,0.133
F5,7.5,0.0,0.0,40.0,SMCC,31.5,47.5,17.15,240,0.17149999999999999
F5,7.5,0.0,0.0,40.0,SMCC,31.5,47.5,21.02,300,0.2102
F5,7.5,0.0,0.0,40.0,SMCC,31.5,47.5,24.88,360,0.2488
F5,7.5,0.0,0.0,40.0,SMCC,31.5,47.5,28.75,420,0.2875
F50,0.0,0.0,15.0,0.0,SMCC,64.0,15.0,70.22,15,0.7021999999999999
F50,0.0,0.0,15.0,0.0,SMCC,64.0,15.0,85.23,30,0.8523000000000001
F50,0.0,0.0,15.0,0.0,SMCC,64.0,15.0,95.59,60,0.9559000000000001
F50,0.0,0.0,15.0,0.0,SMCC,64.0,15.0,98.31,120,0.9831
F50,0.0,0.0,15.0,0.0,SMCC,64.0,15.0,97.47,180,0.9747
F50,0.0,0.0,15.0,0.0,SMCC,64.0,15.0,97.87,240,0.9787
F50,0.0,0.0,15.0,0.0,SMCC,64.0,15.0,98.79,300,0.9879000000000001
F50,0.0,0.0,15.0,0.0,SMCC,64.0,15.0,98.41,360,0.9841
F50,0.0,0.0,15.0,0.0,SMCC,64.0,15.0,99.01,420,0.9901000000000001
F51,33.91,26.09,0.0,0.0,SMCC,19.0,60.0,2.37,15,0.023700000000000002
F51,33.91,26.09,0.0,0.0,SMCC,19.0,60.0,4.13,30,0.041299999999999996
F51,33.91,26.09,0.0,0.0,SMCC,19.0,60.0,7.88,60,0.0788
F51,33.91,26.09,0.0,0.0,SMCC,19.0,60.0,16.82,120,0.16820000000000002
F51,33.91,26.09,0.0,0.0,SMCC,19.0,60.0,26.94,180,0.26940000000000003
F51,33.91,26.09,0.0,0.0,SMCC,19.0,60.0,37.27,240,0.37270000000000003
F51,33.91,26.09,0.0,0.0,SMCC,19.0,60.0,48.23,300,0.48229999999999995
F51,33.91,26.09,0.0,0.0,SMCC,19.0,60.0,58.83,360,0.5882999999999999
F51,33.91,26.09,0.0,0.0,SMCC,19.0,60.0,68.71,420,0.6870999999999999
F52,36.92,23.08,0.0,0.0,SMCC,19.0,60.0,2.46,15,0.0246
F52,36.92,23.08,0.0,0.0,SMCC,19.0,60.0,4.36,30,0.0436
F52,36.92,23.08,0.0,0.0,SMCC,19.0,60.0,8.36,60,0.0836
F52,36.92,23.08,0.0,0.0,SMCC,19.0,60.0,17.21,120,0.1721
F52,36.92,23.08,0.0,0.0,SMCC,19.0,60.0,27.2,180,0.272
F52,36.92,23.08,0.0,0.0,SMCC,19.0,60.0,37.88,240,0.3788
F52,36.92,23.08,0.0,0.0,SMCC,19.0,60.0,48.34,300,0.48340000000000005
F52,36.92,23.08,0.0,0.0,SMCC,19.0,60.0,58.15,360,0.5815
F52,36.92,23.08,0.0,0.0,SMCC,19.0,60.0,67.68,420,0.6768000000000001
F53,39.31,20.69,0.0,0.0,SMCC,19.0,60.0,2.24,15,0.022400000000000003
F53,39.31,20.69,0.0,0.0,SMCC,19.0,60.0,3.84,30,0.0384
F53,39.31,20.69,0.0,0.0,SMCC,19.0,60.0,7.57,60,0.0757
F53,39.31,20.69,0.0,0.0,SMCC,19.0,60.0,16.72,120,0.1672
F53,39.31,20.69,0.0,0.0,SMCC,19.0,60.0,26.94,180,0.26940000000000003
F53,39.31,20.69,0.0,0.0,SMCC,19.0,60.0,37.38,240,0.3738
F53,39.31,20.69,0.0,0.0,SMCC,19.0,60.0,47.88,300,0.4788
F53,39.31,20.69,0.0,0.0,SMCC,19.0,60.0,58.33,360,0.5832999999999999
F53,39.31,20.69,0.0,0.0,SMCC,19.0,60.0,68.44,420,0.6844
F54,31.09,23.91,0.0,0.0,SMCC,24.0,55.0,2.75,15,0.0275
F54,31.09,23.91,0.0,0.0,SMCC,24.0,55.0,4.85,30,0.048499999999999995
F54,31.09,23.91,0.0,0.0,SMCC,24.0,55.0,9.52,60,0.09519999999999999
F54,31.09,23.91,0.0,0.0,SMCC,24.0,55.0,20.67,120,0.20670000000000002
F54,31.09,23.91,0.0,0.0,SMCC,24.0,55.0,32.73,180,0.3273
F54,31.09,23.91,0.0,0.0,SMCC,24.0,55.0,44.74,240,0.4474
F54,31.09,23.91,0.0,0.0,SMCC,24.0,55.0,56.0,300,0.56
F54,31.09,23.91,0.0,0.0,SMCC,24.0,55.0,66.23,360,0.6623
F54,31.09,23.91,0.0,0.0,SMCC,24.0,55.0,75.51,420,0.7551000000000001
F55,33.85,21.15,0.0,0.0,SMCC,24.0,55.0,2.35,15,0.0235
F55,33.85,21.15,0.0,0.0,SMCC,24.0,55.0,3.92,30,0.0392
F55,33.85,21.15,0.0,0.0,SMCC,24.0,55.0,7.48,60,0.0748
F55,33.85,21.15,0.0,0.0,SMCC,24.0,55.0,16.04,120,0.1604
F55,33.85,21.15,0.0,0.0,SMCC,24.0,55.0,25.92,180,0.25920000000000004
F55,33.85,21.15,0.0,0.0,SMCC,24.0,55.0,36.09,240,0.36090000000000005
F55,33.85,21.15,0.0,0.0,SMCC,24.0,55.0,46.1,300,0.461
F55,33.85,21.15,0.0,0.0,SMCC,24.0,55.0,56.15,360,0.5615
F55,33.85,21.15,0.0,0.0,SMCC,24.0,55.0,66.22,420,0.6622
F56,36.03,18.97,0.0,0.0,SMCC,24.0,55.0,2.73,15,0.0273
F56,36.03,18.97,0.0,0.0,SMCC,24.0,55.0,4.66,30,0.0466
F56,36.03,18.97,0.0,0.0,SMCC,24.0,55.0,9.18,60,0.09179999999999999
F56,36.03,18.97,0.0,0.0,SMCC,24.0,55.0,19.66,120,0.1966
F56,36.03,18.97,0.0,0.0,SMCC,24.0,55.0,31.21,180,0.3121
F56,36.03,18.97,0.0,0.0,SMCC,24.0,55.0,41.85,240,0.41850000000000004
F56,36.03,18.97,0.0,0.0,SMCC,24.0,55.0,51.79,300,0.5179
F56,36.03,18.97,0.0,0.0,SMCC,24.0,55.0,62.68,360,0.6268
F56,36.03,18.97,0.0,0.0,SMCC,24.0,55.0,72.73,420,0.7273000000000001
F57,28.26,21.74,0.0,0.0,SMCC,29.0,50.0,2.93,15,0.029300000000000003
F57,28.26,21.74,0.0,0.0,SMCC,29.0,50.0,4.93,30,0.0493
F57,28.26,21.74,0.0,0.0,SMCC,29.0,50.0,9.46,60,0.0946
F57,28.26,21.74,0.0,0.0,SMCC,29.0,50.0,20.12,120,0.20120000000000002
F57,28.26,21.74,0.0,0.0,SMCC,29.0,50.0,31.14,180,0.3114
F57,28.26,21.74,0.0,0.0,SMCC,29.0,50.0,42.31,240,0.42310000000000003
F57,28.26,21.74,0.0,0.0,SMCC,29.0,50.0,53.08,300,0.5307999999999999
F57,28.26,21.74,0.0,0.0,SMCC,29.0,50.0,63.58,360,0.6358
F57,28.26,21.74,0.0,0.0,SMCC,29.0,50.0,73.41,420,0.7341
F58,30.77,19.23,0.0,0.0,SMCC,29.0,50.0,2.98,15,0.0298
F58,30.77,19.23,0.0,0.0,SMCC,29.0,50.0,5.04,30,0.0504
F58,30.77,19.23,0.0,0.0,SMCC,29.0,50.0,9.62,60,0.0962
F58,30.77,19.23,0.0,0.0,SMCC,29.0,50.0,20.73,120,0.2073
F58,30.77,19.23,0.0,0.0,SMCC,29.0,50.0,32.14,180,0.3214
F58,30.77,19.23,0.0,0.0,SMCC,29.0,50.0,42.95,240,0.42950000000000005
F58,30.77,19.23,0.0,0.0,SMCC,29.0,50.0,52.98,300,0.5297999999999999
F58,30.77,19.23,0.0,0.0,SMCC,29.0,50.0,62.94,360,0.6294
F58,30.77,19.23,0.0,0.0,SMCC,29.0,50.0,72.9,420,0.7290000000000001
F59,32.76,17.24,0.0,0.0,SMCC,29.0,50.0,2.89,15,0.028900000000000002
F59,32.76,17.24,0.0,0.0,SMCC,29.0,50.0,5.27,30,0.0527
F59,32.76,17.24,0.0,0.0,SMCC,29.0,50.0,10.72,60,0.1072
F59,32.76,17.24,0.0,0.0,SMCC,29.0,50.0,23.82,120,0.2382
F59,32.76,17.24,0.0,0.0,SMCC,29.0,50.0,37.07,180,0.37070000000000003
F59,32.76,17.24,0.0,0.0,SMCC,29.0,50.0,49.5,240,0.495
F59,32.76,17.24,0.0,0.0,SMCC,29.0,50.0,60.99,300,0.6099
F59,32.76,17.24,0.0,0.0,SMCC,29.0,50.0,70.95,360,0.7095
F59,32.76,17.24,0.0,0.0,SMCC,29.0,50.0,79.68,420,0.7968000000000001
F6,7.5,0.0,0.0,24.89,SMCC,46.61,32.39,3.82,15,0.0382
F6,7.5,0.0,0.0,24.89,SMCC,46.61,32.39,5.7,30,0.057
F6,7.5,0.0,0.0,24.89,SMCC,46.61,32.39,8.35,60,0.08349999999999999
F6,7.5,0.0,0.0,24.89,SMCC,46.61,32.39,13.09,120,0.1309
F6,7.5,0.0,0.0,24.89,SMCC,46.61,32.39,17.53,180,0.1753
F6,7.5,0.0,0.0,24.89,SMCC,46.61,32.39,21.85,240,0.21850000000000003
F6,7.5,0.0,0.0,24.89,SMCC,46.61,32.39,26.04,300,0.26039999999999996
F6,7.5,0.0,0.0,24.89,SMCC,46.61,32.39,30.15,360,0.3015
F6,7.5,0.0,0.0,24.89,SMCC,46.61,32.39,34.11,420,0.3411
F60,33.87,16.13,0.0,0.0,SMCC,29.0,50.0,2.67,15,0.026699999999999998
F60,33.87,16.13,0.0,0.0,SMCC,29.0,50.0,4.68,30,0.046799999999999994
F60,33.87,16.13,0.0,0.0,SMCC,29.0,50.0,9.41,60,0.0941
F60,33.87,16.13,0.0,0.0,SMCC,29.0,50.0,20.14,120,0.2014
F60,33.87,16.13,0.0,0.0,SMCC,29.0,50.0,32.0,180,0.32
F60,33.87,16.13,0.0,0.0,SMCC,29.0,50.0,43.92,240,0.43920000000000003
F60,33.87,16.13,0.0,0.0,SMCC,29.0,50.0,56.02,300,0.5602
F60,33.87,16.13,0.0,0.0,SMCC,29.0,50.0,67.24,360,0.6724
F60,33.87,16.13,0.0,0.0,SMCC,29.0,50.0,77.24,420,0.7724
F61,35.71,14.29,0.0,0.0,SMCC,29.0,50.0,2.74,15,0.0274
F61,35.71,14.29,0.0,0.0,SMCC,29.0,50.0,4.85,30,0.048499999999999995
F61,35.71,14.29,0.0,0.0,SMCC,29.0,50.0,9.62,60,0.0962
F61,35.71,14.29,0.0,0.0,SMCC,29.0,50.0,21.0,120,0.21
F61,35.71,14.29,0.0,0.0,SMCC,29.0,50.0,32.57,180,0.3257
F61,35.71,14.29,0.0,0.0,SMCC,29.0,50.0,43.76,240,0.4376
F61,35.71,14.29,0.0,0.0,SMCC,29.0,50.0,54.86,300,0.5486
F61,35.71,14.29,0.0,0.0,SMCC,29.0,50.0,66.6,360,0.6659999999999999
F61,35.71,14.29,0.0,0.0,SMCC,29.0,50.0,77.73,420,0.7773
F62,36.84,13.16,0.0,0.0,SMCC,29.0,50.0,2.81,15,0.0281
F62,36.84,13.16,0.0,0.0,SMCC,29.0,50.0,4.97,30,0.049699999999999994
F62,36.84,13.16,0.0,0.0,SMCC,29.0,50.0,9.79,60,0.09789999999999999
F62,36.84,13.16,0.0,0.0,SMCC,29.0,50.0,21.12,120,0.2112
F62,36.84,13.16,0.0,0.0,SMCC,29.0,50.0,33.05,180,0.33049999999999996
F62,36.84,13.16,0.0,0.0,SMCC,29.0,50.0,45.59,240,0.4559
F62,36.84,13.16,0.0,0.0,SMCC,29.0,50.0,57.45,300,0.5745
F62,36.84,13.16,0.0,0.0,SMCC,29.0,50.0,68.45,360,0.6845
F62,36.84,13.16,0.0,0.0,SMCC,29.0,50.0,77.99,420,0.7798999999999999
F63,33.87,16.13,0.0,0.0,SMCC,29.0,50.0,2.71,15,0.0271
F63,33.87,16.13,0.0,0.0,SMCC,29.0,50.0,4.72,30,0.0472
F63,33.87,16.13,0.0,0.0,SMCC,29.0,50.0,9.04,60,0.0904
F63,33.87,16.13,0.0,0.0,SMCC,29.0,50.0,19.29,120,0.1929
F63,33.87,16.13,0.0,0.0,SMCC,29.0,50.0,30.11,180,0.3011
F63,33.87,16.13,0.0,0.0,SMCC,29.0,50.0,40.99,240,0.40990000000000004
F63,33.87,16.13,0.0,0.0,SMCC,29.0,50.0,52.26,300,0.5226
F63,33.87,16.13,0.0,0.0,SMCC,29.0,50.0,63.48,360,0.6347999999999999
F63,33.87,16.13,0.0,0.0,SMCC,29.0,50.0,72.99,420,0.7299
F64,24.62,15.38,0.0,0.0,SMCC,39.0,40.0,3.51,15,0.0351
F64,24.62,15.38,0.0,0.0,SMCC,39.0,40.0,5.96,30,0.0596
F64,24.62,15.38,0.0,0.0,SMCC,39.0,40.0,11.3,60,0.113
F64,24.62,15.38,0.0,0.0,SMCC,39.0,40.0,24.25,120,0.2425
F64,24.62,15.38,0.0,0.0,SMCC,39.0,40.0,37.2,180,0.37200000000000005
F64,24.62,15.38,0.0,0.0,SMCC,39.0,40.0,49.14,240,0.4914
F64,24.62,15.38,0.0,0.0,SMCC,39.0,40.0,60.95,300,0.6095
F64,24.62,15.38,0.0,0.0,SMCC,39.0,40.0,71.67,360,0.7167
F64,24.62,15.38,0.0,0.0,SMCC,39.0,40.0,81.07,420,0.8107
F65,27.1,12.9,0.0,0.0,SMCC,39.0,40.0,3.48,15,0.0348
F65,27.1,12.9,0.0,0.0,SMCC,39.0,40.0,5.85,30,0.058499999999999996
F65,27.1,12.9,0.0,0.0,SMCC,39.0,40.0,11.6,60,0.11599999999999999
F65,27.1,12.9,0.0,0.0,SMCC,39.0,40.0,25.43,120,0.25429999999999997
F65,27.1,12.9,0.0,0.0,SMCC,39.0,40.0,39.17,180,0.3917
F65,27.1,12.9,0.0,0.0,SMCC,39.0,40.0,52.57,240,0.5257000000000001
F65,27.1,12.9,0.0,0.0,SMCC,39.0,40.0,64.55,300,0.6455
F65,27.1,12.9,0.0,0.0,SMCC,39.0,40.0,74.95,360,0.7495
F65,27.1,12.9,0.0,0.0,SMCC,39.0,40.0,84.24,420,0.8423999999999999
F66,29.47,10.53,0.0,0.0,SMCC,39.0,40.0,3.61,15,0.0361
F66,29.47,10.53,0.0,0.0,SMCC,39.0,40.0,6.16,30,0.0616
F66,29.47,10.53,0.0,0.0,SMCC,39.0,40.0,11.86,60,0.1186
F66,29.47,10.53,0.0,0.0,SMCC,39.0,40.0,25.23,120,0.2523
F66,29.47,10.53,0.0,0.0,SMCC,39.0,40.0,38.09,180,0.3809
F66,29.47,10.53,0.0,0.0,SMCC,39.0,40.0,50.92,240,0.5092
F66,29.47,10.53,0.0,0.0,SMCC,39.0,40.0,63.26,300,0.6325999999999999
F66,29.47,10.53,0.0,0.0,SMCC,39.0,40.0,74.49,360,0.7448999999999999
F66,29.47,10.53,0.0,0.0,SMCC,39.0,40.0,83.08,420,0.8308
F67,27.1,12.9,0.0,0.0,SMCC,39.0,40.0,2.98,15,0.0298
F67,27.1,12.9,0.0,0.0,SMCC,39.0,40.0,5.3,30,0.053
F67,27.1,12.9,0.0,0.0,SMCC,39.0,40.0,10.65,60,0.1065
F67,27.1,12.9,0.0,0.0,SMCC,39.0,40.0,23.34,120,0.2334
F67,27.1,12.9,0.0,0.0,SMCC,39.0,40.0,36.73,180,0.36729999999999996
F67,27.1,12.9,0.0,0.0,SMCC,39.0,40.0,49.56,240,0.49560000000000004
F67,27.1,12.9,0.0,0.0,SMCC,39.0,40.0,61.67,300,0.6167
F67,27.1,12.9,0.0,0.0,SMCC,39.0,40.0,73.26,360,0.7326
F67,27.1,12.9,0.0,0.0,SMCC,39.0,40.0,82.46,420,0.8245999999999999
F68,36.84,13.16,0.0,0.0,SMCC,29.0,50.0,2.26,15,0.0226
F68,36.84,13.16,0.0,0.0,SMCC,29.0,50.0,4.0,30,0.04
F68,36.84,13.16,0.0,0.0,SMCC,29.0,50.0,7.93,60,0.0793
F68,36.84,13.16,0.0,0.0,SMCC,29.0,50.0,17.59,120,0.1759
F68,36.84,13.16,0.0,0.0,SMCC,29.0,50.0,27.71,180,0.2771
F68,36.84,13.16,0.0,0.0,SMCC,29.0,50.0,38.28,240,0.38280000000000003
F68,36.84,13.16,0.0,0.0,SMCC,29.0,50.0,48.68,300,0.4868
F68,36.84,13.16,0.0,0.0,SMCC,29.0,50.0,59.36,360,0.5936
F68,36.84,13.16,0.0,0.0,SMCC,29.0,50.0,70.42,420,0.7042
F69,36.84,13.16,0.0,0.0,SMCC,29.0,50.0,2.61,15,0.026099999999999998
F69,36.84,13.16,0.0,0.0,SMCC,29.0,50.0,4.82,30,0.0482
F69,36.84,13.16,0.0,0.0,SMCC,29.0,50.0,9.83,60,0.0983
F69,36.84,13.16,0.0,0.0,SMCC,29.0,50.0,22.04,120,0.22039999999999998
F69,36.84,13.16,0.0,0.0,SMCC,29.0,50.0,34.1,180,0.341
F69,36.84,13.16,0.0,0.0,SMCC,29.0,50.0,47.11,240,0.4711
F69,36.84,13.16,0.0,0.0,SMCC,29.0,50.0,59.31,300,0.5931000000000001
F69,36.84,13.16,0.0,0.0,SMCC,29.0,50.0,70.72,360,0.7071999999999999
F69,36.84,13.16,0.0,0.0,SMCC,29.0,50.0,81.99,420,0.8199
F7,27.0,0.0,0.0,7.5,SMCC,44.5,34.5,4.63,15,0.0463
F7,27.0,0.0,0.0,7.5,SMCC,44.5,34.5,7.22,30,0.0722
F7,27.0,0.0,0.0,7.5,SMCC,44.5,34.5,11.7,60,0.11699999999999999
F7,27.0,0.0,0.0,7.5,SMCC,44.5,34.5,20.06,120,0.2006
F7,27.0,0.0,0.0,7.5,SMCC,44.5,34.5,28.42,180,0.2842
F7,27.0,0.0,0.0,7.5,SMCC,44.5,34.5,36.4,240,0.364
F7,27.0,0.0,0.0,7.5,SMCC,44.5,34.5,44.43,300,0.4443
F7,27.0,0.0,0.0,7.5,SMCC,44.5,34.5,51.59,360,0.5159
F7,27.0,0.0,0.0,7.5,SMCC,44.5,34.5,58.24,420,0.5824
F70,37.8,12.2,0.0,0.0,SMCC,29.0,50.0,2.67,15,0.026699999999999998
F70,37.8,12.2,0.0,0.0,SMCC,29.0,50.0,4.69,30,0.046900000000000004
F70,37.8,12.2,0.0,0.0,SMCC,29.0,50.0,9.43,60,0.0943
F70,37.8,12.2,0.0,0.0,SMCC,29.0,50.0,20.86,120,0.2086
F70,37.8,12.2,0.0,0.0,SMCC,29.0,50.0,33.47,180,0.3347
F70,37.8,12.2,0.0,0.0,SMCC,29.0,50.0,45.71,240,0.4571
F70,37.8,12.2,0.0,0.0,SMCC,29.0,50.0,57.51,300,0.5751
F70,37.8,12.2,0.0,0.0,SMCC,29.0,50.0,68.27,360,0.6827
F70,37.8,12.2,0.0,0.0,SMCC,29.0,50.0,78.25,420,0.7825
F71,39.36,10.64,0.0,0.0,SMCC,29.0,50.0,3.05,15,0.0305
F71,39.36,10.64,0.0,0.0,SMCC,29.0,50.0,5.48,30,0.0548
F71,39.36,10.64,0.0,0.0,SMCC,29.0,50.0,11.14,60,0.1114
F71,39.36,10.64,0.0,0.0,SMCC,29.0,50.0,24.91,120,0.2491
F71,39.36,10.64,0.0,0.0,SMCC,29.0,50.0,39.42,180,0.3942
F71,39.36,10.64,0.0,0.0,SMCC,29.0,50.0,53.37,240,0.5337
F71,39.36,10.64,0.0,0.0,SMCC,29.0,50.0,67.06,300,0.6706
F71,39.36,10.64,0.0,0.0,SMCC,29.0,50.0,78.06,360,0.7806000000000001
F71,39.36,10.64,0.0,0.0,SMCC,29.0,50.0,86.62,420,0.8662000000000001
F72,24.0,0.0,0.0,16.0,MD-IT12,39.0,40.0,3.35,15,0.0335
F72,24.0,0.0,0.0,16.0,MD-IT12,39.0,40.0,5.64,30,0.0564
F72,24.0,0.0,0.0,16.0,MD-IT12,39.0,40.0,10.02,60,0.1002
F72,24.0,0.0,0.0,16.0,MD-IT12,39.0,40.0,18.91,120,0.1891
F72,24.0,0.0,0.0,16.0,MD-IT12,39.0,40.0,27.93,180,0.2793
F72,24.0,0.0,0.0,16.0,MD-IT12,39.0,40.0,37.6,240,0.376
F72,24.0,0.0,0.0,16.0,MD-IT12,39.0,40.0,46.92,300,0.4692
F72,24.0,0.0,0.0,16.0,MD-IT12,39.0,40.0,56.9,360,0.569
F72,24.0,0.0,0.0,16.0,MD-IT12,39.0,40.0,67.21,420,0.6720999999999999
F73,30.0,0.0,0.0,10.0,MD-IT12,39.0,40.0,3.03,15,0.030299999999999997
F73,30.0,0.0,0.0,10.0,MD-IT12,39.0,40.0,6.06,30,0.060599999999999994
F73,30.0,0.0,0.0,10.0,MD-IT12,39.0,40.0,11.87,60,0.11869999999999999
F73,30.0,0.0,0.0,10.0,MD-IT12,39.0,40.0,25.58,120,0.25579999999999997
F73,30.0,0.0,0.0,10.0,MD-IT12,39.0,40.0,38.75,180,0.3875
F73,30.0,0.0,0.0,10.0,MD-IT12,39.0,40.0,52.81,240,0.5281
F73,30.0,0.0,0.0,10.0,MD-IT12,39.0,40.0,66.92,300,0.6692
F73,30.0,0.0,0.0,10.0,MD-IT12,39.0,40.0,78.17,360,0.7817000000000001
F73,30.0,0.0,0.0,10.0,MD-IT12,39.0,40.0,86.17,420,0.8617
F74,32.73,0.0,0.0,7.27,MD-IT12,39.0,40.0,3.17,15,0.0317
F74,32.73,0.0,0.0,7.27,MD-IT12,39.0,40.0,5.95,30,0.059500000000000004
F74,32.73,0.0,0.0,7.27,MD-IT12,39.0,40.0,12.05,60,0.12050000000000001
F74,32.73,0.0,0.0,7.27,MD-IT12,39.0,40.0,25.56,120,0.2556
F74,32.73,0.0,0.0,7.27,MD-IT12,39.0,40.0,39.68,180,0.3968
F74,32.73,0.0,0.0,7.27,MD-IT12,39.0,40.0,54.01,240,0.5401
F74,32.73,0.0,0.0,7.27,MD-IT12,39.0,40.0,69.59,300,0.6959000000000001
F74,32.73,0.0,0.0,7.27,MD-IT12,39.0,40.0,84.1,360,0.841
F74,32.73,0.0,0.0,7.27,MD-IT12,39.0,40.0,94.2,420,0.9420000000000001
F75,24.0,0.0,0.0,16.0,G721,39.0,40.0,3.68,15,0.0368
F75,24.0,0.0,0.0,16.0,G721,39.0,40.0,6.21,30,0.0621
F75,24.0,0.0,0.0,16.0,G721,39.0,40.0,10.99,60,0.1099
F75,24.0,0.0,0.0,16.0,G721,39.0,40.0,20.34,120,0.2034
F75,24.0,0.0,0.0,16.0,G721,39.0,40.0,30.51,180,0.30510000000000004
F75,24.0,0.0,0.0,16.0,G721,39.0,40.0,41.38,240,0.4138
F75,24.0,0.0,0.0,16.0,G721,39.0,40.0,52.74,300,0.5274
F75,24.0,0.0,0.0,16.0,G721,39.0,40.0,64.13,360,0.6413
F75,24.0,0.0,0.0,16.0,G721,39.0,40.0,74.1,420,0.741
F76,30.0,0.0,0.0,10.0,G721,39.0,40.0,3.36,15,0.0336
F76,30.0,0.0,0.0,10.0,G721,39.0,40.0,5.89,30,0.058899999999999994
F76,30.0,0.0,0.0,10.0,G721,39.0,40.0,11.32,60,0.11320000000000001
F76,30.0,0.0,0.0,10.0,G721,39.0,40.0,20.46,120,0.2046
F76,30.0,0.0,0.0,10.0,G721,39.0,40.0,35.45,180,0.35450000000000004
F76,30.0,0.0,0.0,10.0,G721,39.0,40.0,49.72,240,0.4972
F76,30.0,0.0,0.0,10.0,G721,39.0,40.0,65.03,300,0.6503
F76,30.0,0.0,0.0,10.0,G721,39.0,40.0,78.98,360,0.7898000000000001
F76,30.0,0.0,0.0,10.0,G721,39.0,40.0,90.64,420,0.9064
F77,32.73,0.0,0.0,7.27,G721,39.0,40.0,3.33,15,0.0333
F77,32.73,0.0,0.0,7.27,G721,39.0,40.0,5.9,30,0.059000000000000004
F77,32.73,0.0,0.0,7.27,G721,39.0,40.0,11.82,60,0.1182
F77,32.73,0.0,0.0,7.27,G721,39.0,40.0,26.29,120,0.26289999999999997
F77,32.73,0.0,0.0,7.27,G721,39.0,40.0,41.78,180,0.4178
F77,32.73,0.0,0.0,7.27,G721,39.0,40.0,59.29,240,0.5929
F77,32.73,0.0,0.0,7.27,G721,39.0,40.0,77.46,300,0.7746
F77,32.73,0.0,0.0,7.27,G721,39.0,40.0,91.14,360,0.9114
F77,32.73,0.0,0.0,7.27,G721,39.0,40.0,96.68,420,0.9668000000000001
F78,31.11,0.0,0.0,8.89,MD-IT12,39.0,40.0,2.43,15,0.024300000000000002
F78,31.11,0.0,0.0,8.89,MD-IT12,39.0,40.0,4.63,30,0.0463
F78,31.11,0.0,0.0,8.89,MD-IT12,39.0,40.0,9.96,60,0.09960000000000001
F78,31.11,0.0,0.0,8.89,MD-IT12,39.0,40.0,21.29,120,0.21289999999999998
F78,31.11,0.0,0.0,8.89,MD-IT12,39.0,40.0,32.88,180,0.32880000000000004
F78,31.11,0.0,0.0,8.89,MD-IT12,39.0,40.0,44.87,240,0.4487
F78,31.11,0.0,0.0,8.89,MD-IT12,39.0,40.0,58.28,300,0.5828
F78,31.11,0.0,0.0,8.89,MD-IT12,39.0,40.0,70.03,360,0.7003
F78,31.11,0.0,0.0,8.89,MD-IT12,39.0,40.0,79.98,420,0.7998000000000001
F79,32.0,0.0,0.0,8.0,MD-IT12,39.0,40.0,2.84,15,0.028399999999999998
F79,32.0,0.0,0.0,8.0,MD-IT12,39.0,40.0,5.19,30,0.0519
F79,32.0,0.0,0.0,8.0,MD-IT12,39.0,40.0,10.48,60,0.1048
F79,32.0,0.0,0.0,8.0,MD-IT12,39.0,40.0,22.22,120,0.22219999999999998
F79,32.0,0.0,0.0,8.0,MD-IT12,39.0,40.0,34.25,180,0.3425
F79,32.0,0.0,0.0,8.0,MD-IT12,39.0,40.0,47.07,240,0.4707
F79,32.0,0.0,0.0,8.0,MD-IT12,39.0,40.0,60.06,300,0.6006
F79,32.0,0.0,0.0,8.0,MD-IT12,39.0,40.0,72.89,360,0.7289
F79,32.0,0.0,0.0,8.0,MD-IT12,39.0,40.0,84.18,420,0.8418000000000001
F8,7.5,0.0,0.0,7.5,SMCC,64.0,15.0,21.25,15,0.2125
F8,7.5,0.0,0.0,7.5,SMCC,64.0,15.0,25.66,30,0.2566
F8,7.5,0.0,0.0,7.5,SMCC,64.0,15.0,32.39,60,0.3239
F8,7.5,0.0,0.0,7.5,SMCC,64.0,15.0,41.49,120,0.41490000000000005
F8,7.5,0.0,0.0,7.5,SMCC,64.0,15.0,50.32,180,0.5032
F8,7.5,0.0,0.0,7.5,SMCC,64.0,15.0,57.79,240,0.5779
F8,7.5,0.0,0.0,7.5,SMCC,64.0,15.0,64.63,300,0.6463
F8,7.5,0.0,0.0,7.5,SMCC,64.0,15.0,70.56,360,0.7056
F8,7.5,0.0,0.0,7.5,SMCC,64.0,15.0,76.07,420,0.7606999999999999
F80,30.0,0.0,0.0,0.0,G721,49.0,30.0,2.84,15,0.028399999999999998
F80,30.0,0.0,0.0,0.0,G721,49.0,30.0,5.21,30,0.0521
F80,30.0,0.0,0.0,0.0,G721,49.0,30.0,9.88,60,0.09880000000000001
F80,30.0,0.0,0.0,0.0,G721,49.0,30.0,19.9,120,0.19899999999999998
F80,30.0,0.0,0.0,0.0,G721,49.0,30.0,30.2,180,0.302
F80,30.0,0.0,0.0,0.0,G721,49.0,30.0,40.74,240,0.40740000000000004
F80,30.0,0.0,0.0,0.0,G721,49.0,30.0,51.92,300,0.5192
F80,30.0,0.0,0.0,0.0,G721,49.0,30.0,63.73,360,0.6373
F80,30.0,0.0,0.0,0.0,G721,49.0,30.0,76.88,420,0.7687999999999999
F81,31.67,0.0,0.0,8.33,G721,39.0,40.0,2.71,15,0.0271
F81,31.67,0.0,0.0,8.33,G721,39.0,40.0,5.17,30,0.051699999999999996
F81,31.67,0.0,0.0,8.33,G721,39.0,40.0,10.74,60,0.1074
F81,31.67,0.0,0.0,8.33,G721,39.0,40.0,23.59,120,0.2359
F81,31.67,0.0,0.0,8.33,G721,39.0,40.0,37.02,180,0.37020000000000003
F81,31.67,0.0,0.0,8.33,G721,39.0,40.0,50.22,240,0.5022
F81,31.67,0.0,0.0,8.33,G721,39.0,40.0,66.7,300,0.667
F81,31.67,0.0,0.0,8.33,G721,39.0,40.0,83.67,360,0.8367
F81,31.67,0.0,0.0,8.33,G721,39.0,40.0,95.22,420,0.9521999999999999
F82,29.47,0.0,0.0,10.53,G721,39.0,40.0,3.47,15,0.0347
F82,29.47,0.0,0.0,10.53,G721,39.0,40.0,6.32,30,0.0632
F82,29.47,0.0,0.0,10.53,G721,39.0,40.0,12.65,60,0.1265
F82,29.47,0.0,0.0,10.53,G721,39.0,40.0,26.24,120,0.26239999999999997
F82,29.47,0.0,0.0,10.53,G721,39.0,40.0,41.32,180,0.4132
F82,29.47,0.0,0.0,10.53,G721,39.0,40.0,57.16,240,0.5716
F82,29.47,0.0,0.0,10.53,G721,39.0,40.0,70.77,300,0.7077
F82,29.47,0.0,0.0,10.53,G721,39.0,40.0,80.63,360,0.8062999999999999
F82,29.47,0.0,0.0,10.53,G721,39.0,40.0,87.44,420,0.8744
F83,30.0,0.0,0.0,10.0,G721,39.0,40.0,3.02,15,0.0302
F83,30.0,0.0,0.0,10.0,G721,39.0,40.0,5.65,30,0.0565
F83,30.0,0.0,0.0,10.0,G721,39.0,40.0,10.53,60,0.10529999999999999
F83,30.0,0.0,0.0,10.0,G721,39.0,40.0,20.92,120,0.20920000000000002
F83,30.0,0.0,0.0,10.0,G721,39.0,40.0,32.56,180,0.3256
F83,30.0,0.0,0.0,10.0,G721,39.0,40.0,44.52,240,0.44520000000000004
F83,30.0,0.0,0.0,10.0,G721,39.0,40.0,58.57,300,0.5857
F83,30.0,0.0,0.0,10.0,G721,39.0,40.0,70.36,360,0.7036
F83,30.0,0.0,0.0,10.0,G721,39.0,40.0,83.18,420,0.8318000000000001
F84,30.48,0.0,0.0,9.52,G721,39.0,40.0,3.26,15,0.0326
F84,30.48,0.0,0.0,9.52,G721,39.0,40.0,5.96,30,0.0596
F84,30.48,0.0,0.0,9.52,G721,39.0,40.0,11.08,60,0.1108
F84,30.48,0.0,0.0,9.52,G721,39.0,40.0,22.61,120,0.2261
F84,30.48,0.0,0.0,9.52,G721,39.0,40.0,35.11,180,0.35109999999999997
F84,30.48,0.0,0.0,9.52,G721,39.0,40.0,46.99,240,0.46990000000000004
F84,30.48,0.0,0.0,9.52,G721,39.0,40.0,59.74,300,0.5974
F84,30.48,0.0,0.0,9.52,G721,39.0,40.0,71.89,360,0.7189
F84,30.48,0.0,0.0,9.52,G721,39.0,40.0,84.22,420,0.8422
F85,21.0,49.0,0.0,0.0,SMCC,11.8,70.0,1.99,15,0.0199
F85,21.0,49.0,0.0,0.0,SMCC,11.8,70.0,3.66,30,0.0366
F85,21.0,49.0,0.0,0.0,SMCC,11.8,70.0,6.95,60,0.0695
F85,21.0,49.0,0.0,0.0,SMCC,11.8,70.0,15.21,120,0.1521
F85,21.0,49.0,0.0,0.0,SMCC,11.8,70.0,24.64,180,0.2464
F85,21.0,49.0,0.0,0.0,SMCC,11.8,70.0,33.92,240,0.3392
F85,21.0,49.0,0.0,0.0,SMCC,11.8,70.0,42.88,300,0.4288
F85,21.0,49.0,0.0,0.0,SMCC,11.8,70.0,51.6,360,0.516
F85,21.0,49.0,0.0,0.0,SMCC,11.8,70.0,59.95,420,0.5995
F86,28.0,42.0,0.0,0.0,SMCC,11.8,70.0,2.08,15,0.0208
F86,28.0,42.0,0.0,0.0,SMCC,11.8,70.0,3.6,30,0.036000000000000004
F86,28.0,42.0,0.0,0.0,SMCC,11.8,70.0,7.17,60,0.0717
F86,28.0,42.0,0.0,0.0,SMCC,11.8,70.0,15.89,120,0.1589
F86,28.0,42.0,0.0,0.0,SMCC,11.8,70.0,25.9,180,0.259
F86,28.0,42.0,0.0,0.0,SMCC,11.8,70.0,36.2,240,0.36200000000000004
F86,28.0,42.0,0.0,0.0,SMCC,11.8,70.0,46.43,300,0.4643
F86,28.0,42.0,0.0,0.0,SMCC,11.8,70.0,56.51,360,0.5650999999999999
F86,28.0,42.0,0.0,0.0,SMCC,11.8,70.0,65.86,420,0.6586
F87,19.5,45.5,0.0,0.0,SMCC,16.8,65.0,2.3,15,0.023
F87,19.5,45.5,0.0,0.0,SMCC,16.8,65.0,4.06,30,0.0406
F87,19.5,45.5,0.0,0.0,SMCC,16.8,65.0,7.72,60,0.07719999999999999
F87,19.5,45.5,0.0,0.0,SMCC,16.8,65.0,15.93,120,0.1593
F87,19.5,45.5,0.0,0.0,SMCC,16.8,65.0,25.15,180,0.2515
F87,19.5,45.5,0.0,0.0,SMCC,16.8,65.0,34.75,240,0.3475
F87,19.5,45.5,0.0,0.0,SMCC,16.8,65.0,44.72,300,0.4472
F87,19.5,45.5,0.0,0.0,SMCC,16.8,65.0,54.88,360,0.5488000000000001
F87,19.5,45.5,0.0,0.0,SMCC,16.8,65.0,65.11,420,0.6511
F88,24.0,36.0,0.0,0.0,SMCC,21.8,60.0,2.18,15,0.0218
F88,24.0,36.0,0.0,0.0,SMCC,21.8,60.0,3.92,30,0.0392
F88,24.0,36.0,0.0,0.0,SMCC,21.8,60.0,7.92,60,0.07919999999999999
F88,24.0,36.0,0.0,0.0,SMCC,21.8,60.0,17.91,120,0.1791
F88,24.0,36.0,0.0,0.0,SMCC,21.8,60.0,28.05,180,0.2805
F88,24.0,36.0,0.0,0.0,SMCC,21.8,60.0,38.0,240,0.38
F88,24.0,36.0,0.0,0.0,SMCC,21.8,60.0,48.0,300,0.48
F88,24.0,36.0,0.0,0.0,SMCC,21.8,60.0,58.06,360,0.5806
F88,24.0,36.0,0.0,0.0,SMCC,21.8,60.0,67.59,420,0.6759000000000001
F89,18.0,42.0,0.0,0.0,SMCC,21.8,60.0,2.29,15,0.0229
F89,18.0,42.0,0.0,0.0,SMCC,21.8,60.0,3.94,30,0.0394
F89,18.0,42.0,0.0,0.0,SMCC,21.8,60.0,7.46,60,0.0746
F89,18.0,42.0,0.0,0.0,SMCC,21.8,60.0,16.06,120,0.1606
F89,18.0,42.0,0.0,0.0,SMCC,21.8,60.0,25.22,180,0.2522
F89,18.0,42.0,0.0,0.0,SMCC,21.8,60.0,34.32,240,0.3432
F89,18.0,42.0,0.0,0.0,SMCC,21.8,60.0,43.62,300,0.4362
F89,18.0,42.0,0.0,0.0,SMCC,21.8,60.0,52.93,360,0.5293
F89,18.0,42.0,0.0,0.0,SMCC,21.8,60.0,61.74,420,0.6174000000000001
F9,40.0,0.0,0.0,20.0,SMCC,19.0,60.0,2.67,15,0.026699999999999998
F9,40.0,0.0,0.0,20.0,SMCC,19.0,60.0,4.32,30,0.0432
F9,40.0,0.0,0.0,20.0,SMCC,19.0,60.0,6.96,60,0.0696
F9,40.0,0.0,0.0,20.0,SMCC,19.0,60.0,11.93,120,0.1193
F9,40.0,0.0,0.0,20.0,SMCC,19.0,60.0,16.98,180,0.1698
F9,40.0,0.0,0.0,20.0,SMCC,19.0,60.0,22.53,240,0.2253
F9,40.0,0.0,0.0,20.0,SMCC,19.0,60.0,27.85,300,0.2785
F9,40.0,0.0,0.0,20.0,SMCC,19.0,60.0,32.97,360,0.3297
F9,40.0,0.0,0.0,20.0,SMCC,19.0,60.0,38.02,420,0.38020000000000004
F90,15.0,45.0,0.0,0.0,SMCC,21.8,60.0,2.32,15,0.0232
F90,15.0,45.0,0.0,0.0,SMCC,21.8,60.0,4.13,30,0.041299999999999996
F90,15.0,45.0,0.0,0.0,SMCC,21.8,60.0,7.82,60,0.0782
F90,15.0,45.0,0.0,0.0,SMCC,21.8,60.0,17.11,120,0.1711
F90,15.0,45.0,0.0,0.0,SMCC,21.8,60.0,26.98,180,0.2698
F90,15.0,45.0,0.0,0.0,SMCC,21.8,60.0,36.84,240,0.36840000000000006
F90,15.0,45.0,0.0,0.0,SMCC,21.8,60.0,46.32,300,0.4632
F90,15.0,45.0,0.0,0.0,SMCC,21.8,60.0,55.39,360,0.5539000000000001
F90,15.0,45.0,0.0,0.0,SMCC,21.8,60.0,63.89,420,0.6389
F91,17.5,52.5,0.0,0.0,SMCC,11.8,70.0,2.36,15,0.0236
F91,17.5,52.5,0.0,0.0,SMCC,11.8,70.0,4.05,30,0.0405
F91,17.5,52.5,0.0,0.0,SMCC,11.8,70.0,7.49,60,0.07490000000000001
F91,17.5,52.5,0.0,0.0,SMCC,11.8,70.0,15.36,120,0.1536
F91,17.5,52.5,0.0,0.0,SMCC,11.8,70.0,24.37,180,0.2437
F91,17.5,52.5,0.0,0.0,SMCC,11.8,70.0,34.3,240,0.34299999999999997
F91,17.5,52.5,0.0,0.0,SMCC,11.8,70.0,44.34,300,0.4434
F91,17.5,52.5,0.0,0.0,SMCC,11.8,70.0,54.56,360,0.5456
F91,17.5,52.5,0.0,0.0,SMCC,11.8,70.0,64.19,420,0.6419
