Scenario,BatchID,n_points,t_min,t_max,accept_frac,rmse_med_curve,lambda_q025,lambda_q16,lambda_med,lambda_q84,lambda_q975,beta_q025,beta_q16,beta_med,beta_q84,beta_q975,n_q025,n_q16,n_med,n_q84,n_q975,tau_q025,tau_q16,tau_med,tau_q84,tau_q975
S3_tau_fixed_1_n1,F1,10,0.0,420.0,0.6424861111111112,0.01084149926331241,0.0007203332969451128,0.0008488062634766445,0.0011170930551958587,0.001567733487528058,0.0022149751723170162,0.23469907051403205,1.3817743108279028,3.4384169604650214,6.03800094891163,8.646267206488861,1.0,1.0,1.0,1.0,1.0,1.0,1.0,1.0,1.0,1.0
S3_tau_fixed_1_n1,F10,10,0.0,420.0,0.6470694444444445,0.010404697697060166,0.0007577522802869486,0.000913884943942819,0.0012135695709396292,0.0017247355597791126,0.00244388377062528,0.3753099261186023,1.717611345483177,3.7933468636793046,6.383913218559824,8.91564823007748,1.0,1.0,1.0,1.0,1.0,1.0,1.0,1.0,1.0,1.0
S3_tau_fixed_1_n1,F11,10,0.0,420.0,0.7167152777777778,0.0462970629452479,0.010697588188950023,0.01273745775418488,0.01541638548409292,0.018811794894971208,0.02293985661300052,3.02273441569567,3.3562066274660514,3.72820805502249,4.124075668505842,4.530781350745751,1.0,1.0,1.0,1.0,1.0,1.0,1.0,1.0,1.0,1.0
S3_tau_fixed_1_n1,F12,10,0.0,420.0,0.6560486111111111,0.011330512646247229,0.0009879094190721758,0.0011876248776154822,0.001504987663309849,0.001990420407882252,0.0027204685374633,0.3814236210411992,1.4214021426195256,2.730845523754616,4.2934261749394915,6.120692793469633,1.0,1.0,1.0,1.0,1.0,1.0,1.0,1.0,1.0,1.0
S3_tau_fixed_1_n1,F13,10,0.0,420.0,0.6483541666666667,0.009358137779702463,0.0005639231852408918,0.0006928076291046141,0.0009496186124712076,0.0012980296406478427,0.0016475369276836426,0.4684950006453491,2.2552080721535277,5.300002671165384,8.266393961600926,9.687636749994052,1.0,1.0,1.0,1.0,1.0,1.0,1.0,1.0,1.0,1.0
S3_tau_fixed_1_n1,F14,10,0.0,420.0,0.6808055555555557,0.018983545370327693,0.0022848745441398726,0.0023790566732936136,0.002509497930899317,0.0026627673474261394,0.0028251737513979845,0.020457219623824033,0.08197622283010195,0.16943328049114814,0.27131205609091047,0.3761756334833369,1.0,1.0,1.0,1.0,1.0,1.0,1.0,1.0,1.0,1.0
S3_tau_fixed_1_n1,F15,10,0.0,420.0,0.7134930555555555,0.02717940196091662,0.0031439609232418496,0.0033933214076396715,0.0036944245678374394,0.0040346980305327905,0.004436017929148117,0.5117517970662598,0.643679002158342,0.7892727692859324,0.9482913770598713,1.1179826982410834,1.0,1.0,1.0,1.0,1.0,1.0,1.0,1.0,1.0,1.0
S3_tau_fixed_1_n1,F16,10,0.0,420.0,0.6903194444444445,0.0073037474506786335,0.00208067185709539,0.002230192446754964,0.0024073925037632928,0.0026185133830778284,0.002843718136225879,0.11140552187774286,0.2568999319646868,0.4168231810643225,0.5960948723757042,0.7794357357680137,1.0,1.0,1.0,1.0,1.0,1.0,1.0,1.0,1.0,1.0
S3_tau_fixed_1_n1,F17,10,0.0,420.0,0.7042361111111112,0.003624646317529177,0.0024269329394834374,0.002590161473033766,0.002780564593393187,0.0029921059513500323,0.003230735395948257,0.16262956068093085,0.27546877153097116,0.4001473653117504,0.5367372429745041,0.6821693495263591,1.0,1.0,1.0,1.0,1.0,1.0,1.0,1.0,1.0,1.0
S3_tau_fixed_1_n1,F18,10,0.0,420.0,0.6884652777777779,0.01756792214416392,0.0017468322955473156,0.0017965975634012298,0.0018584366260472219,0.001943078451723524,0.0020633218980711907,0.0038663386790320064,0.02038518263547607,0.0775483645740346,0.18588203584657723,0.33395723440231695,1.0,1.0,1.0,1.0,1.0,1.0,1.0,1.0,1.0,1.0
S3_tau_fixed_1_n1,F19,10,0.0,420.0,0.675048611111111,0.009419136888780037,0.002131828766553669,0.0022150273013564242,0.002343714040583339,0.002505294881701844,0.002684284602929503,0.017361907912225708,0.0776633557048545,0.18016054279504248,0.30730705474880937,0.4458467159002446,1.0,1.0,1.0,1.0,1.0,1.0,1.0,1.0,1.0,1.0
S3_tau_fixed_1_n1,F2,10,0.0,420.0,0.6609513888888888,0.009804588195226758,0.001004335228641037,0.001138517439732882,0.0013726017668104036,0.0017243391277250888,0.002219926399975032,0.23917753380166287,0.839708178838896,1.8130905723438446,3.0251471105607615,4.40057867375864,1.0,1.0,1.0,1.0,1.0,1.0,1.0,1.0,1.0,1.0
S3_tau_fixed_1_n1,F20,10,0.0,420.0,0.7041875000000001,0.01301884350721728,0.0034309165262407376,0.0036751779494224902,0.003941476765127271,0.004217619521194632,0.00450871449051851,0.21329880790405248,0.3215029331164269,0.4345727605273919,0.5365195120129539,0.6333612462444549,1.0,1.0,1.0,1.0,1.0,1.0,1.0,1.0,1.0,1.0
S3_tau_fixed_1_n1,F21,10,0.0,420.0,0.6696319444444446,0.024064171970902607,0.0019259030828338586,0.0020164486689389677,0.0021558927992429804,0.0023328123104507286,0.002540865146872391,0.024597018662283192,0.10978035775297226,0.2585301239898189,0.4381455614778616,0.6357157773721632,1.0,1.0,1.0,1.0,1.0,1.0,1.0,1.0,1.0,1.0
S3_tau_fixed_1_n1,F22,10,0.0,420.0,0.7149027777777777,0.043567173163715375,0.005435912686034248,0.005946121756367672,0.0065529419666251875,0.007242740342759411,0.008013203057574452,0.8477361716148425,0.9688441847434529,1.1040922652972487,1.2486844153133208,1.393932811188665,1.0,1.0,1.0,1.0,1.0,1.0,1.0,1.0,1.0,1.0
S3_tau_fixed_1_n1,F23,10,0.0,420.0,0.6939513888888889,0.005785617696222675,0.002144840220503998,0.0022958510662346577,0.0024770314724665435,0.0026846751834888253,0.002915113725784566,0.11042781851653206,0.24798459278169818,0.4027042203313468,0.5695115635750363,0.7472689078400201,1.0,1.0,1.0,1.0,1.0,1.0,1.0,1.0,1.0,1.0
S3_tau_fixed_1_n1,F24,10,0.0,420.0,0.6708541666666666,0.007605973208986319,0.0019443935292969069,0.0020275861942315627,0.0021553722770366237,0.0023192301490534027,0.002502223214652611,0.018341433623442115,0.08989320302080682,0.21864130581442204,0.3789810800587503,0.5492315192950554,1.0,1.0,1.0,1.0,1.0,1.0,1.0,1.0,1.0,1.0
S3_tau_fixed_1_n1,F25,10,0.0,420.0,0.6221875,0.013618099426966181,2.500672428181754,15.036620118343162,48.54654814076189,83.28851990283684,97.32326534520446,0.44028486267185135,2.2127820650079495,3.0802008449335316,3.5515637621643474,3.8970288179034687,1.0,1.0,1.0,1.0,1.0,1.0,1.0,1.0,1.0,1.0
S3_tau_fixed_1_n1,F26,10,0.0,420.0,0.6107569444444444,0.014889756480435468,2.775053246060705,16.001437047152823,49.97871216913874,84.20575751644475,97.46069293275028,0.2537421467974515,1.62845768651922,2.845549207478597,3.3789428370450776,3.7575917227556683,1.0,1.0,1.0,1.0,1.0,1.0,1.0,1.0,1.0,1.0
S3_tau_fixed_1_n1,F27,10,0.0,420.0,0.7136944444444445,0.02105074254967373,0.004072850045500003,0.004358482752557973,0.004682138121232933,0.005038566608046598,0.005426008390063783,0.3822883646982226,0.48255581147506166,0.5830922738859136,0.6844656936873216,0.7877279582884419,1.0,1.0,1.0,1.0,1.0,1.0,1.0,1.0,1.0,1.0
S3_tau_fixed_1_n1,F28,10,0.0,420.0,0.6991180555555555,0.014858381471037038,0.003136917510497179,0.003336180263733019,0.0035596941634521914,0.0037956829596152396,0.004037247994501878,0.1119151096192069,0.2181340324941496,0.3199486302850842,0.4214906546822377,0.5139649408995034,1.0,1.0,1.0,1.0,1.0,1.0,1.0,1.0,1.0,1.0
S3_tau_fixed_1_n1,F29,10,0.0,420.0,0.6620694444444445,0.010844118038069842,0.0011978657397938254,0.0012671223447758347,0.0013822840069087363,0.0015578859941877906,0.0017954094205128483,0.027803369343146717,0.1625096976439237,0.5001145965499052,0.9919763594561036,1.5961187416664,1.0,1.0,1.0,1.0,1.0,1.0,1.0,1.0,1.0,1.0
S3_tau_fixed_1_n1,F3,10,0.0,420.0,0.6473819444444445,0.011076240934171287,0.0007244746901777805,0.0008687818506709234,0.00117129323087492,0.0016671557609030847,0.002303201303614592,0.39086886613203625,1.7077948634305844,3.980389446303258,6.743283927024788,9.094247014506974,1.0,1.0,1.0,1.0,1.0,1.0,1.0,1.0,1.0,1.0
S3_tau_fixed_1_n1,F30,10,0.0,420.0,0.6776805555555555,0.01425458558854156,0.0012829942528627511,0.0013391478238736836,0.0014137893022632302,0.001526573539582399,0.0016980912181452639,0.009542973824354747,0.0612141612559249,0.22198251881450937,0.511098860308789,0.8990674124086744,1.0,1.0,1.0,1.0,1.0,1.0,1.0,1.0,1.0,1.0
S3_tau_fixed_1_n1,F31,10,0.0,420.0,0.6531597222222222,0.010919509797768241,0.00107997967114079,0.0011486295548030164,0.0012652324088817334,0.0014557381051722134,0.0017320439719853257,0.025665943387555172,0.1852355015879305,0.6129465026903707,1.2552831759302063,2.07429041723069,1.0,1.0,1.0,1.0,1.0,1.0,1.0,1.0,1.0,1.0
S3_tau_fixed_1_n1,F32,10,0.0,420.0,0.6561180555555556,0.010905552140334663,0.0010943072612911197,0.0011913181470536716,0.0013616361295445988,0.0016203789109509126,0.0019719404005161985,0.08901220610806743,0.40491293472419365,1.01433513800496,1.8332895990964673,2.7614841400076937,1.0,1.0,1.0,1.0,1.0,1.0,1.0,1.0,1.0,1.0
S3_tau_fixed_1_n1,F33,10,0.0,420.0,0.6583541666666667,0.008651343356280117,0.0013235258562537364,0.001399410181293537,0.0015287416861232298,0.0017250387688114621,0.001979685846224172,0.03154073924734956,0.170690888592109,0.4817170046474418,0.9245971590320813,1.444952848776893,1.0,1.0,1.0,1.0,1.0,1.0,1.0,1.0,1.0,1.0
S3_tau_fixed_1_n1,F34,10,0.0,420.0,0.712326388888889,0.03143933442957967,0.0027100977943062938,0.0029717605602680177,0.0032917195917282864,0.0036656327079841447,0.0041073785467022955,0.5730985396200243,0.7562865173906402,0.9681300100571575,1.1953859796178101,1.4401296810196278,1.0,1.0,1.0,1.0,1.0,1.0,1.0,1.0,1.0,1.0
S3_tau_fixed_1_n1,F35,10,0.0,420.0,0.6737986111111112,0.0071013055198085396,0.0018026229501067166,0.0019283871015541966,0.0021048709709308596,0.002321302937718275,0.0025769133570244054,0.06619481773512842,0.23733537043658215,0.45458737775908475,0.7033290132368615,0.969011866250668,1.0,1.0,1.0,1.0,1.0,1.0,1.0,1.0,1.0,1.0
S3_tau_fixed_1_n1,F36,10,0.0,420.0,0.6690694444444444,0.007030283156354873,0.0018529169723030176,0.0019454535403170081,0.00208689023140812,0.0022657409307457396,0.0024703590405540147,0.02745530329943035,0.1260385267007333,0.28899635207697905,0.48137034435716475,0.6881285248041401,1.0,1.0,1.0,1.0,1.0,1.0,1.0,1.0,1.0,1.0
S3_tau_fixed_1_n1,F37,10,0.0,420.0,0.7172638888888888,0.030310886715556536,0.06761531960769553,0.07889762504880343,0.09425674735460601,0.11424061139566631,0.14177598636351246,2.592706890482178,2.771255167910899,2.9646408030483125,3.1771605853920715,3.406991895050769,1.0,1.0,1.0,1.0,1.0,1.0,1.0,1.0,1.0,1.0
S3_tau_fixed_1_n1,F38,10,0.0,420.0,0.6585416666666667,0.011992387044445276,2.5430376011536127,13.651599402819155,46.35686228862613,82.36073560798498,97.21299240041188,2.3050614473250866,3.0084010547319235,3.505800217197623,3.89061241268616,4.200408113323857,1.0,1.0,1.0,1.0,1.0,1.0,1.0,1.0,1.0,1.0
S3_tau_fixed_1_n1,F39,10,0.0,420.0,0.6671805555555554,0.020816165390088695,0.001447597180470821,0.0015987070684483904,0.001819088188016505,0.0021065350690267523,0.0024654899702576684,0.1376523299572112,0.4730659118629728,0.9124849183879409,1.41664435034413,1.9873478936707345,1.0,1.0,1.0,1.0,1.0,1.0,1.0,1.0,1.0,1.0
S3_tau_fixed_1_n1,F4,10,0.0,420.0,0.6698194444444444,0.006012333355368829,0.001607009737266869,0.001743190149333959,0.001935813555125593,0.0021726157870358654,0.002460273500400563,0.0987138605230107,0.3288762954034687,0.6388374462807127,0.981218637965998,1.3568151656150667,1.0,1.0,1.0,1.0,1.0,1.0,1.0,1.0,1.0,1.0
S3_tau_fixed_1_n1,F40,10,0.0,420.0,0.6492777777777777,0.009525174489575683,0.0009478667644429378,0.0010235521800842004,0.0011637314800737844,0.001400431469098414,0.0017458249774419319,0.05413728241451352,0.32143761829676565,0.9936534000028447,1.9930292425910483,3.211275056168375,1.0,1.0,1.0,1.0,1.0,1.0,1.0,1.0,1.0,1.0
S3_tau_fixed_1_n1,F41,10,0.0,420.0,0.6575694444444444,0.008569215495605926,0.0015082062132299955,0.001586719718829398,0.0017159559193832253,0.0018992679631584647,0.002127216596498113,0.02535512095245288,0.13551561445158727,0.37608804965021203,0.6918047214727356,1.0525664803054686,1.0,1.0,1.0,1.0,1.0,1.0,1.0,1.0,1.0,1.0
S3_tau_fixed_1_n1,F42,10,0.0,420.0,0.6584444444444445,0.009107543857647775,0.001067128096290659,0.001138256769259883,0.0012588416311367819,0.0014555692403322997,0.0017324248778882755,0.03757658524791381,0.22744183148568792,0.6772043957027306,1.3595851757504416,2.1921020998030625,1.0,1.0,1.0,1.0,1.0,1.0,1.0,1.0,1.0,1.0
S3_tau_fixed_1_n1,F43,10,0.0,420.0,0.6682361111111111,0.00877809939929279,0.0014327442236425302,0.0014959820132127446,0.0015920015276848,0.0017367387430549683,0.0019279918909057467,0.01289519748010654,0.0804834166875634,0.2680422963151735,0.5556284619306764,0.9008743711571222,1.0,1.0,1.0,1.0,1.0,1.0,1.0,1.0,1.0,1.0
S3_tau_fixed_1_n1,F44,10,0.0,420.0,0.6845902777777777,0.006602817329671888,0.001918395064358933,0.002063125418500237,0.002241623973660708,0.0024565733688846243,0.0027102484486064542,0.10433331983291931,0.2706306499563076,0.4629676912252057,0.6823533274114769,0.9172283837520968,1.0,1.0,1.0,1.0,1.0,1.0,1.0,1.0,1.0,1.0
S3_tau_fixed_1_n1,F45,10,0.0,420.0,0.6649305555555556,0.011341519131147108,0.001093091668326796,0.0011580163132644972,0.001256276823503251,0.001418789916939573,0.0016466890177490366,0.023869168819957667,0.1437477854849809,0.4765225644170664,1.0306064668705357,1.7220820791245872,1.0,1.0,1.0,1.0,1.0,1.0,1.0,1.0,1.0,1.0
S3_tau_fixed_1_n1,F46,10,0.0,420.0,0.7081805555555555,0.032779347789193565,0.002591943814899051,0.002911302880186737,0.003322387471181713,0.003841941861728921,0.004455977944512361,0.8485068876218568,1.12481449057153,1.449074172074332,1.7982716082679806,2.1742378526781607,1.0,1.0,1.0,1.0,1.0,1.0,1.0,1.0,1.0,1.0
S3_tau_fixed_1_n1,F47,10,0.0,420.0,0.6561180555555556,0.011489393604840999,0.0012416679840296394,0.0013232710132590807,0.001465734181532378,0.0016751984815549662,0.0019621358029423617,0.04083220016466383,0.23574355972331865,0.6307030083723604,1.160646714328391,1.788527125912255,1.0,1.0,1.0,1.0,1.0,1.0,1.0,1.0,1.0,1.0
S3_tau_fixed_1_n1,F48,10,0.0,420.0,0.6522152777777778,0.009953900491272977,0.0011185047810137532,0.0011980680670946422,0.001339540905417205,0.0015575529984981618,0.001848855265789787,0.0425605848203804,0.25754790259451943,0.7450599907958513,1.4121897528803058,2.2120959045072306,1.0,1.0,1.0,1.0,1.0,1.0,1.0,1.0,1.0,1.0
S3_tau_fixed_1_n1,F49,10,0.0,420.0,0.6277222222222222,0.02342239323763098,0.4231436879882457,1.1247284917031182,8.524844798891394,52.207468662024944,90.56392215857481,2.1118031311545957,2.686650121337784,3.628643774328693,4.380497908677738,4.7838478585130355,1.0,1.0,1.0,1.0,1.0,1.0,1.0,1.0,1.0,1.0
S3_tau_fixed_1_n1,F5,10,0.0,420.0,0.6477361111111111,0.01063326373258852,0.0007233478615120988,0.0008506437430884576,0.001116060262333123,0.0015718174116131716,0.0021941816073237958,0.2929753772092815,1.3921769550569734,3.4179667192610927,6.002433657533853,8.652763955200086,1.0,1.0,1.0,1.0,1.0,1.0,1.0,1.0,1.0,1.0
S3_tau_fixed_1_n1,F50,10,0.0,420.0,0.7054027777777779,0.009894754923136583,0.1077442075435578,0.13455251716107045,0.17551375343881986,0.24124356048082837,0.35698581444506333,1.2798034397823064,1.5337090696042464,1.798629093741471,2.075582319685939,2.3684481893979967,1.0,1.0,1.0,1.0,1.0,1.0,1.0,1.0,1.0,1.0
S3_tau_fixed_1_n1,F51,10,0.0,420.0,0.6825763888888888,0.01496775747921338,0.0015859430915185295,0.0016395962558018778,0.0017085126185976433,0.0018084768009080329,0.0019447144614330232,0.005872616115156138,0.03379900562900716,0.12096119469001654,0.28096503121159455,0.49219017306127255,1.0,1.0,1.0,1.0,1.0,1.0,1.0,1.0,1.0,1.0
S3_tau_fixed_1_n1,F52,10,0.0,420.0,0.6766805555555555,0.011806611455141973,0.001582056091629217,0.0016384577968243622,0.001714617488890815,0.001828609565690729,0.001981633208049604,0.0068819122904671005,0.0417511720010236,0.14793023759767226,0.3291404552924911,0.5620025303085951,1.0,1.0,1.0,1.0,1.0,1.0,1.0,1.0,1.0,1.0
S3_tau_fixed_1_n1,F53,10,0.0,420.0,0.6797430555555556,0.014612058176297073,0.0015759405415746008,0.0016303996973254507,0.0016973323506577136,0.0017965797637311165,0.0019324873903501017,0.005415171093956366,0.031465746259385224,0.11646333901621278,0.2758283041267565,0.4900396498808664,1.0,1.0,1.0,1.0,1.0,1.0,1.0,1.0,1.0,1.0
S3_tau_fixed_1_n1,F54,10,0.0,420.0,0.6672569444444445,0.00899445253381149,0.0018312994448228806,0.0018983145549831466,0.0019975214322685477,0.00213849262799693,0.002304350009582856,0.009025668154763156,0.05195225733806072,0.16788069641534004,0.32816454829601627,0.5090782213345997,1.0,1.0,1.0,1.0,1.0,1.0,1.0,1.0,1.0,1.0
S3_tau_fixed_1_n1,F55,10,0.0,420.0,0.6824583333333333,0.014642262982148213,0.0015190728483715128,0.0015737516528367493,0.0016429257532220272,0.0017435343435333378,0.0018794452261840626,0.006404090257657782,0.03721949199647658,0.13467197924493501,0.3089942912342344,0.5450919085790905,1.0,1.0,1.0,1.0,1.0,1.0,1.0,1.0,1.0,1.0
S3_tau_fixed_1_n1,F56,10,0.0,420.0,0.6695625,0.00834430658700652,0.0017300314448271618,0.001792037226265199,0.001880020201758984,0.0020144128959100186,0.002186876969701856,0.008113444647029691,0.04952013752132882,0.16319718399043914,0.335619194069303,0.551181201413728,1.0,1.0,1.0,1.0,1.0,1.0,1.0,1.0,1.0,1.0
S3_tau_fixed_1_n1,F57,10,0.0,420.0,0.6714027777777778,0.00834439896874654,0.0017524888457200237,0.0018175579250752495,0.0019122189567153396,0.002052597303253947,0.0022177810555494763,0.009739510429346749,0.05406837344796213,0.16878162128718532,0.34187373671042626,0.5489093940167851,1.0,1.0,1.0,1.0,1.0,1.0,1.0,1.0,1.0,1.0
S3_tau_fixed_1_n1,F58,10,0.0,420.0,0.6652013888888889,0.006548900847877485,0.0017634310430968815,0.0018363402000167186,0.0019484101576059975,0.002107249127292836,0.002290925417705533,0.013286774056923264,0.07619762086728936,0.22071643472196595,0.41405907832066147,0.6295345985435516,1.0,1.0,1.0,1.0,1.0,1.0,1.0,1.0,1.0,1.0
S3_tau_fixed_1_n1,F59,10,0.0,420.0,0.6734166666666667,0.007975251289643158,0.0020153467884057074,0.0021143192474041253,0.0022588278132321875,0.0024314531580606996,0.0026310637402290602,0.02617960871959886,0.11526871582542657,0.24936190401994,0.4066112513416653,0.5738909382458146,1.0,1.0,1.0,1.0,1.0,1.0,1.0,1.0,1.0,1.0
S3_tau_fixed_1_n1,F6,10,0.0,420.0,0.6731597222222222,0.013563600460516306,0.0010227037726285827,0.001273017742301034,0.0016928590740311548,0.002351123318314158,0.0033574389682002673,0.9717812407332359,2.2263746403272364,3.887251399345237,5.874330293923841,7.9804035382499,1.0,1.0,1.0,1.0,1.0,1.0,1.0,1.0,1.0,1.0
S3_tau_fixed_1_n1,F60,10,0.0,420.0,0.6790694444444444,0.011442871103116753,0.001835410152198597,0.0018934494088284042,0.0019721510369846247,0.0020855097944382883,0.0022285918664686354,0.005896266532230903,0.0343986201405853,0.11358485540881272,0.2443344586266601,0.40652469757378673,1.0,1.0,1.0,1.0,1.0,1.0,1.0,1.0,1.0,1.0
S3_tau_fixed_1_n1,F61,10,0.0,420.0,0.6767708333333333,0.009363278493637371,0.001831623810396497,0.0018889421373446732,0.001969213776132811,0.002085784617778957,0.002242910448650719,0.006365818083930932,0.035194918769426334,0.11782052627343334,0.25211284649348886,0.41870443988478506,1.0,1.0,1.0,1.0,1.0,1.0,1.0,1.0,1.0,1.0
S3_tau_fixed_1_n1,F62,10,0.0,420.0,0.6738472222222222,0.009630992690501067,0.0018772930011650346,0.001939443863793722,0.0020275989097097275,0.002155005802239851,0.0023148958813315845,0.006983546439422242,0.04056528353241699,0.13044727676065943,0.26852757711518643,0.432858163046268,1.0,1.0,1.0,1.0,1.0,1.0,1.0,1.0,1.0,1.0
S3_tau_fixed_1_n1,F63,10,0.0,420.0,0.6758402777777778,0.010994219007567783,0.0017256520027380024,0.0017833920325183933,0.0018634653014397947,0.001983810694397745,0.002140274679412882,0.006995115453553544,0.040489204710923786,0.1362901480532716,0.2912257167834083,0.48719212181336446,1.0,1.0,1.0,1.0,1.0,1.0,1.0,1.0,1.0,1.0
S3_tau_fixed_1_n1,F64,10,0.0,420.0,0.6714166666666666,0.005690787824513584,0.002027981957971814,0.0021188995921503514,0.0022566100024431486,0.002423763494802267,0.0026189104389937744,0.021550662433987792,0.09781902444035624,0.2259419939258735,0.37778584953107547,0.542999738651646,1.0,1.0,1.0,1.0,1.0,1.0,1.0,1.0,1.0,1.0
S3_tau_fixed_1_n1,F65,10,0.0,420.0,0.6810069444444444,0.00771379865728299,0.0021462251523052555,0.0022533901993819438,0.002399703415931341,0.002569395134841889,0.0027640603021770517,0.032846704563330116,0.11780009075379597,0.2353860311325065,0.369550013983261,0.5105391867743505,1.0,1.0,1.0,1.0,1.0,1.0,1.0,1.0,1.0,1.0
S3_tau_fixed_1_n1,F66,10,0.0,420.0,0.680125,0.006648603961151567,0.0021044420094086026,0.002199499377137,0.002339627257055161,0.0025104656476646146,0.0027027729198951128,0.030899465418066843,0.10651522585216233,0.2225825145342412,0.36056752290591937,0.5104752003027602,1.0,1.0,1.0,1.0,1.0,1.0,1.0,1.0,1.0,1.0
S3_tau_fixed_1_n1,F67,10,0.0,420.0,0.6731597222222222,0.008715398522621367,0.002032350361742533,0.0021084410402592876,0.002217843225593855,0.0023654374107095026,0.0025340228462145016,0.01185435152985033,0.06181123079012776,0.16156652252321338,0.29251980046424153,0.43617453115071386,1.0,1.0,1.0,1.0,1.0,1.0,1.0,1.0,1.0,1.0
S3_tau_fixed_1_n1,F68,10,0.0,420.0,0.6837847222222222,0.014086447647693909,0.0016154663398213437,0.001667969269111054,0.0017361452367783282,0.0018320254131845997,0.0019629858670967546,0.005302989085364655,0.029984556315252642,0.10920406884326865,0.25859533768889464,0.4548464984441386,1.0,1.0,1.0,1.0,1.0,1.0,1.0,1.0,1.0,1.0
S3_tau_fixed_1_n1,F69,10,0.0,420.0,0.6782777777777778,0.010183693969215844,0.0019500327073731461,0.0020079064560553387,0.002087656156101253,0.0022015330261119393,0.0023429377481466447,0.005561157128623251,0.031298167212212645,0.10210787950055872,0.215252684286815,0.35172059696739477,1.0,1.0,1.0,1.0,1.0,1.0,1.0,1.0,1.0,1.0
S3_tau_fixed_1_n1,F7,10,0.0,420.0,0.6810347222222223,0.012588579915835167,0.001579849089937739,0.001755608719281295,0.001992670096230203,0.0022842526865077583,0.0026387695086832596,0.23089036885967337,0.5532295160298676,0.9479880639578759,1.3925373817243116,1.8699242934000624,1.0,1.0,1.0,1.0,1.0,1.0,1.0,1.0,1.0,1.0
S3_tau_fixed_1_n1,F70,10,0.0,420.0,0.6759305555555555,0.010485817405377315,0.0018819090808127486,0.0019458065521465225,0.0020339289170142466,0.0021613179575234887,0.0023187850962836046,0.00846883762966375,0.04494350721419958,0.13616335539195504,0.2726203709424224,0.43600666970603236,1.0,1.0,1.0,1.0,1.0,1.0,1.0,1.0,1.0,1.0
S3_tau_fixed_1_n1,F71,10,0.0,420.0,0.6811527777777778,0.012342107526513041,0.0021870066733694076,0.0022774028692189984,0.0024034261956254665,0.002555934177478938,0.0027290252729944026,0.020762892852704322,0.07987840309846718,0.17617994399464026,0.2883063012051815,0.4114602762217124,1.0,1.0,1.0,1.0,1.0,1.0,1.0,1.0,1.0,1.0
S3_tau_fixed_1_n1,F72,10,0.0,420.0,0.6625694444444444,0.010530257682624411,0.0015787983733640267,0.0016417456197574732,0.0017350520834513274,0.001880413913060837,0.0020710456791416415,0.010195234525086732,0.0628698441966598,0.2118944781289455,0.4432973876588079,0.7213298099523138,1.0,1.0,1.0,1.0,1.0,1.0,1.0,1.0,1.0,1.0
S3_tau_fixed_1_n1,F73,10,0.0,420.0,0.6780833333333334,0.011013314208302176,0.002181442060441994,0.002271121582917886,0.0023995792666584737,0.0025558961838099397,0.0027346208113652407,0.02017938876422728,0.08049637139476362,0.17944281252693575,0.29469779606977764,0.42142354527428344,1.0,1.0,1.0,1.0,1.0,1.0,1.0,1.0,1.0,1.0
S3_tau_fixed_1_n1,F74,10,0.0,420.0,0.6804930555555556,0.012795561011754527,0.0022808999377742453,0.0023384003293492705,0.0024163988471538993,0.0025266276318335083,0.0026600252096097886,0.0041275291298572495,0.020955413519091873,0.06706741222822588,0.13891475489103838,0.2254785053230043,1.0,1.0,1.0,1.0,1.0,1.0,1.0,1.0,1.0,1.0
S3_tau_fixed_1_n1,F75,10,0.0,420.0,0.6693055555555555,0.011567104004686584,0.0017550827633469991,0.001815711055415905,0.001902530871655794,0.0020335972919333233,0.0021986854316479593,0.0073811603576614294,0.04441523123020099,0.14941913865145143,0.3146717898744935,0.5131840724347663,1.0,1.0,1.0,1.0,1.0,1.0,1.0,1.0,1.0,1.0
S3_tau_fixed_1_n1,F76,10,0.0,420.0,0.6944583333333334,0.02166346466671279,0.0021211149970071824,0.0021720644119482364,0.0022324231888567834,0.002310229512700938,0.0024148179387222988,0.002860592257400568,0.012862312458954462,0.045190255524828846,0.10681473315523697,0.18936271507417743,1.0,1.0,1.0,1.0,1.0,1.0,1.0,1.0,1.0,1.0
S3_tau_fixed_1_n1,F77,10,0.0,420.0,0.6918541666666665,0.023294057062903963,0.0024763424657825543,0.002541150099466603,0.002616411507947013,0.0027162680533168587,0.002847450128286438,0.0028075460271072693,0.014116021295258166,0.049740485302184445,0.11808767925657439,0.19904591167069255,1.0,1.0,1.0,1.0,1.0,1.0,1.0,1.0,1.0,1.0
S3_tau_fixed_1_n1,F78,10,0.0,420.0,0.6795277777777778,0.012076992936555953,0.0019013380145766119,0.001957542239383563,0.0020348010145525156,0.002146010591724077,0.0022820529304868847,0.005312028927982674,0.02946794995699508,0.09951632036055216,0.21501971433792055,0.35802061295467014,1.0,1.0,1.0,1.0,1.0,1.0,1.0,1.0,1.0,1.0
S3_tau_fixed_1_n1,F79,10,0.0,420.0,0.684625,0.01166833976052559,0.0019835334924046648,0.002039301808665132,0.0021112432922166277,0.002214293068032661,0.0023472736769391584,0.004556245880606395,0.02357375227099786,0.07912443841274358,0.1766130179102385,0.30040693513404215,1.0,1.0,1.0,1.0,1.0,1.0,1.0,1.0,1.0,1.0
S3_tau_fixed_1_n1,F8,10,0.0,420.0,0.7155208333333333,0.04951009145109903,0.009121172116262415,0.010762727154096596,0.012860931411827679,0.015522617603306458,0.01873228710520362,2.5439404623010184,2.8528167869216583,3.1839751375040355,3.5414650547982784,3.90758737900783,1.0,1.0,1.0,1.0,1.0,1.0,1.0,1.0,1.0,1.0
S3_tau_fixed_1_n1,F80,10,0.0,420.0,0.6857361111111112,0.014878822241236522,0.0017480705284508543,0.001801144553987196,0.0018665839192742095,0.001960252876523746,0.0020900389392385535,0.00450926922801293,0.02462238334094554,0.08660772374117295,0.2028991037215707,0.36436214242063075,1.0,1.0,1.0,1.0,1.0,1.0,1.0,1.0,1.0,1.0
S3_tau_fixed_1_n1,F81,10,0.0,420.0,0.6991319444444445,0.022596894217192093,0.0022133150196510434,0.0022629695391667903,0.002319690027045434,0.0023903488832321654,0.002479204956570738,0.002166289510338264,0.009108729934228165,0.032244078732848375,0.07976904435118666,0.14519916121553056,1.0,1.0,1.0,1.0,1.0,1.0,1.0,1.0,1.0,1.0
S3_tau_fixed_1_n1,F82,10,0.0,420.0,0.694375,0.015863048261037193,0.0023391874838634926,0.0024692999298860222,0.0026199604448341176,0.002793121959877802,0.0029823781662531718,0.06480160168598363,0.15121538340442106,0.25239892755042004,0.36381562743063434,0.4822974204368746,1.0,1.0,1.0,1.0,1.0,1.0,1.0,1.0,1.0,1.0
S3_tau_fixed_1_n1,F83,10,0.0,420.0,0.6876805555555556,0.015613057444027975,0.0019227512998802414,0.0019757046388518226,0.0020400303457357325,0.002129964299254374,0.00225061252574341,0.003690469362281385,0.01935619162803109,0.0680296600116182,0.15810446291189298,0.27917719416309195,1.0,1.0,1.0,1.0,1.0,1.0,1.0,1.0,1.0,1.0
S3_tau_fixed_1_n1,F84,10,0.0,420.0,0.67875,0.009522620204750792,0.001984396605064661,0.0020403676491452484,0.002116856012304628,0.002226965556684159,0.0023700228897590553,0.005113114889438371,0.02659192845724237,0.0900367048659691,0.1953697670690427,0.3271044865981589,1.0,1.0,1.0,1.0,1.0,1.0,1.0,1.0,1.0,1.0
S3_tau_fixed_1_n1,F85,10,0.0,420.0,0.6755625000000002,0.011098911273637418,0.00140088845688242,0.0014615543952968013,0.001543036209775369,0.0016685633142626763,0.0018364014861271497,0.012369928715578671,0.06708471339642544,0.21970162014542877,0.47743574873833194,0.7992525019930997,1.0,1.0,1.0,1.0,1.0,1.0,1.0,1.0,1.0,1.0
S3_tau_fixed_1_n1,F86,10,0.0,420.0,0.6850902777777778,0.015115088994351494,0.0015229571920857474,0.0015765094378059588,0.001645709874000543,0.0017479924843663423,0.0018831319090178305,0.007199261148534225,0.03906699907905428,0.1376762492230489,0.31313520957374597,0.5402823952889929,1.0,1.0,1.0,1.0,1.0,1.0,1.0,1.0,1.0,1.0
S3_tau_fixed_1_n1,F87,10,0.0,420.0,0.6851666666666668,0.014916904897121414,0.0014827321562546274,0.0015363052075758631,0.001604368928699237,0.0017033282923726994,0.0018388678052663932,0.0063814258174509095,0.036569677625162965,0.13668021697418506,0.32080676185687157,0.558997658220272,1.0,1.0,1.0,1.0,1.0,1.0,1.0,1.0,1.0,1.0
S3_tau_fixed_1_n1,F88,10,0.0,420.0,0.6741875,0.010299323437997384,0.0015858153744954626,0.0016436734687085076,0.0017243673615637463,0.00184654059420864,0.0020051266080669005,0.008248365505358962,0.048355376679304486,0.16488999531277,0.35747041504750815,0.597587466998727,1.0,1.0,1.0,1.0,1.0,1.0,1.0,1.0,1.0,1.0
S3_tau_fixed_1_n1,F89,10,0.0,420.0,0.6727222222222222,0.010690892980338856,0.0014381789569776222,0.001496942931524042,0.0015773992119268842,0.0017034765743980187,0.0018747763010971744,0.01018527613082705,0.058713245843621954,0.20066733987614194,0.4489803296211886,0.759742026720117,1.0,1.0,1.0,1.0,1.0,1.0,1.0,1.0,1.0,1.0
S3_tau_fixed_1_n1,F9,10,0.0,420.0,0.648125,0.009902371672162156,0.0009392086058918955,0.0010401309614967557,0.00122557331154333,0.0015226023887369756,0.001989595430069011,0.09307794284086132,0.5901810207590186,1.5022560004316685,2.7281424794572633,4.200578555573625,1.0,1.0,1.0,1.0,1.0,1.0,1.0,1.0,1.0,1.0
S3_tau_fixed_1_n1,F90,10,0.0,420.0,0.6746180555555555,0.009224622898739362,0.001519511162313326,0.0015832908614086439,0.0016753329052056236,0.0018125568230385853,0.001984271221701216,0.012432956584239289,0.07150250805066255,0.22849439855069523,0.4648968806774457,0.7452090492532651,1.0,1.0,1.0,1.0,1.0,1.0,1.0,1.0,1.0,1.0
S3_tau_fixed_1_n1,F91,10,0.0,420.0,0.6851597222222221,0.016062580806406976,0.0014625452732178362,0.001516614124872028,0.0015830391511434247,0.0016798461913308759,0.0018171451868299541,0.0065922147549996295,0.036679127813534135,0.13445479160228346,0.3191452660704743,0.5641808787526399,1.0,1.0,1.0,1.0,1.0,1.0,1.0,1.0,1.0,1.0
