BatchID,param,grid_value,grid_log,nll_prof,nll_min,nll_thresh_95,sse_min,n_fixed
F14,lambda,9.999999999999997e-06,-11.512925464970229,7.253337339249974,-32.67218338939456,-30.75218338939456,0.0008504638501247252,1.0
F14,lambda,1.2660983406193906e-05,-11.276985466050672,7.241378262263871,-32.67218338939456,-30.75218338939456,0.0008504638501247252,1.0
F14,lambda,1.6030050081191778e-05,-11.041045467131113,7.226216414640827,-32.67218338939456,-30.75218338939456,0.0008504638501247252,1.0
F14,lambda,2.0295619807842675e-05,-10.805105468211554,7.206987093794895,-32.67218338939456,-30.75218338939456,0.0008504638501247252,1.0
F14,lambda,2.56962505605517e-05,-10.569165469291995,7.182587888322727,-32.67218338939456,-30.75218338939456,0.0008504638501247252,1.0
F14,lambda,3.25339801948546e-05,-10.333225470372438,7.15161072358311,-32.67218338939456,-30.75218338939456,0.0008504638501247252,1.0
F14,lambda,4.119121833844954e-05,-10.097285471452881,7.1122528742774085,-32.67218338939456,-30.75218338939456,0.0008504638501247252,1.0
F14,lambda,5.215213318640208e-05,-9.861345472533323,7.062199444429638,-32.67218338939456,-30.75218338939456,0.0008504638501247252,1.0
F14,lambda,6.602972928706525e-05,-9.625405473613764,6.998466537206809,-32.67218338939456,-30.75218338939456,0.0008504638501247252,1.0
F14,lambda,8.360013068190106e-05,-9.389465474694205,6.917189263233682,-32.67218338939456,-30.75218338939456,0.0008504638501247252,1.0
F14,lambda,0.00010584598673191915,-9.153525475774648,6.813330655546879,-32.67218338939456,-30.75218338939456,0.0008504638501247252,1.0
F14,lambda,0.00013401142816250514,-8.91758547685509,6.680274281031437,-32.67218338939456,-30.75218338939456,0.0008504638501247252,1.0
F14,lambda,0.00016967164682058248,-8.681645477935533,6.509240743435393,-32.67218338939456,-30.75218338939456,0.0008504638501247252,1.0
F14,lambda,0.00021482099048969922,-8.445705479015974,6.288428274469766,-32.67218338939456,-30.75218338939456,0.0008504638501247252,1.0
F14,lambda,0.0002719844995892226,-8.209765480096415,6.0017035107920425,-32.67218338939456,-30.75218338939456,0.0008504638501247252,1.0
F14,lambda,0.0003443591236041105,-7.973825481176857,5.626523756745781,-32.67218338939456,-30.75218338939456,0.0008504638501247252,1.0
F14,lambda,0.00043599251497231236,-7.737885482257299,5.130470428355627,-32.67218338939456,-30.75218338939456,0.0008504638501247252,1.0
F14,lambda,0.0005520093997289201,-7.5019454833377415,4.465094065695327,-32.67218338939456,-30.75218338939456,0.0008504638501247252,1.0
F14,lambda,0.0006988981850030924,-7.266005484418184,3.5540831540336044,-32.67218338939456,-30.75218338939456,0.0008504638501247252,1.0
F14,lambda,0.0008848738322943209,-7.030065485498625,2.2679999111153784,-32.67218338939456,-30.75218338939456,0.0008504638501247252,1.0
F14,lambda,0.0011203372907253619,-6.794125486579067,0.3617637810938734,-32.67218338939456,-30.75218338939456,0.0008504638501247252,1.0
F14,lambda,0.001418457184721406,-6.558185487659509,-2.719165926173689,-32.67218338939456,-30.75218338939456,0.0008504638501247252,1.0
F14,lambda,0.0017959062878154283,-6.32224548873995,-8.737297827511249,-32.67218338939456,-30.75218338939456,0.0008504638501247252,1.0
F14,lambda,0.002273793970911046,-6.0863054898203925,-23.604433896051766,-32.67218338939456,-30.75218338939456,0.0008504638501247252,1.0
F14,lambda,0.0028788467734808536,-5.850365490900835,-29.851686810502294,-32.67218338939456,-30.75218338939456,0.0008504638501247252,1.0
F14,lambda,0.0036449031228015993,-5.614425491981277,-32.67218338939456,-32.67218338939456,-30.75218338939456,0.0008504638501247252,1.0
F14,lambda,0.005019497288724917,-5.2944254919812765,-30.31309180778098,-32.67218338939456,-30.75218338939456,0.0008504638501247252,1.0
F14,lambda,0.0069124890793121375,-4.974425491981277,-27.812713869063835,-32.67218338939456,-30.75218338939456,0.0008504638501247252,1.0
F14,lambda,0.009519380631789845,-4.654425491981277,-26.235236885462673,-32.67218338939456,-30.75218338939456,0.0008504638501247252,1.0
F14,lambda,0.013109403367319765,-4.334425491981277,-25.246667423027283,-32.67218338939456,-30.75218338939456,0.0008504638501247252,1.0
F14,lambda,0.01805332335101534,-4.014425491981276,-24.61233025932089,-32.67218338939456,-30.75218338939456,0.0008504638501247252,1.0
F14,lambda,0.02486173282521787,-3.694425491981277,-24.197197483610662,-32.67218338939456,-30.75218338939456,0.0008504638501247252,1.0
F14,lambda,0.03423778254311017,-3.3744254919812766,-23.921354057873266,-32.67218338939456,-30.75218338939456,0.0008504638501247252,1.0
F14,lambda,0.04714980092941396,-3.0544254919812768,-23.735709110158915,-32.67218338939456,-30.75218338939456,0.0008504638501247252,1.0
F14,lambda,0.06493129994280927,-2.734425491981277,-23.609312958199034,-32.67218338939456,-30.75218338939456,0.0008504638501247252,1.0
F14,lambda,0.08941869592566841,-2.4144254919812767,-23.52232113018507,-32.67218338939456,-30.75218338939456,0.0008504638501247252,1.0
F14,lambda,0.12314096880995248,-2.094425491981277,-23.46185032023207,-32.67218338939456,-30.75218338939456,0.0008504638501247252,1.0
F14,lambda,0.16958084707541365,-1.774425491981277,-23.41944071769644,-32.67218338939456,-30.75218338939456,0.0008504638501247252,1.0
F14,lambda,0.2335344928071623,-1.4544254919812767,-23.389470822598053,-32.67218338939456,-30.75218338939456,0.0008504638501247252,1.0
F14,lambda,0.3216068339748592,-1.1344254919812764,-23.36815807798571,-32.67218338939456,-30.75218338939456,0.0008504638501247252,1.0
F14,lambda,0.44289370026696284,-0.814425491981277,-22.18521102193156,-32.67218338939456,-30.75218338939456,0.0008504638501247252,1.0
F14,lambda,0.6099212112871222,-0.4944254919812767,-17.403420140134212,-32.67218338939456,-30.75218338939456,0.0008504638501247252,1.0
F14,lambda,0.8399394341209138,-0.17442549198127644,-13.909158419224072,-32.67218338939456,-30.75218338939456,0.0008504638501247252,1.0
F14,lambda,1.156703915088542,0.14557450801872296,-11.509398177629711,-32.67218338939456,-30.75218338939456,0.0008504638501247252,1.0
F14,lambda,1.5929290765845332,0.46557450801872324,-9.748553400415865,-32.67218338939456,-30.75218338939456,0.0008504638501247252,1.0
F14,lambda,2.1936668579825995,0.7855745080187235,-8.379657348756242,-32.67218338939456,-30.75218338939456,0.0008504638501247252,1.0
F14,lambda,3.0209595358314587,1.105574508018723,-7.269965776809062,-32.67218338939456,-30.75218338939456,0.0008504638501247252,1.0
F14,lambda,4.160247251728968,1.4255745080187232,-6.343634845861312,-32.67218338939456,-30.75218338939456,0.0008504638501247252,1.0
F14,lambda,5.729191996858326,1.7455745080187235,-5.553838293285631,-32.67218338939456,-30.75218338939456,0.0008504638501247252,1.0
F14,lambda,7.889829366084959,2.065574508018723,-4.869935843540979,-32.67218338939456,-30.75218338939456,0.0008504638501247252,1.0
F14,lambda,10.865303075908765,2.385574508018723,-4.271131722780172,-32.67218338939456,-30.75218338939456,0.0008504638501247252,1.0
F14,tau,0.008398505692879494,-4.779701482662653,-24.283022990133652,-32.67218338939456,-30.75218338939456,0.0008504638501247252,1.0
F14,tau,0.01156581536859795,-4.459701482662653,-24.290832091457656,-32.67218338939456,-30.75218338939456,0.0008504638501247252,1.0
F14,tau,0.015927605461279738,-4.1397014826626535,-24.30110109942964,-32.67218338939456,-30.75218338939456,0.0008504638501247252,1.0
F14,tau,0.021934347700117353,-3.819701482662653,-24.314577067185695,-32.67218338939456,-30.75218338939456,0.0008504638501247252,1.0
F14,tau,0.030206399210430158,-3.499701482662653,-24.332222341171633,-32.67218338939456,-30.75218338939456,0.0008504638501247252,1.0
F14,tau,0.04159807101329908,-3.1797014826626535,-24.35527177424788,-32.67218338939456,-30.75218338939456,0.0008504638501247252,1.0
F14,tau,0.05728585853523296,-2.8597014826626532,-24.385303324341272,-32.67218338939456,-30.75218338939456,0.0008504638501247252,1.0
F14,tau,0.07888994629269129,-2.539701482662653,-24.424324300957572,-32.67218338939456,-30.75218338939456,0.0008504638501247252,1.0
F14,tau,0.10864153536663772,-2.2197014826626527,-24.474875796028932,-32.67218338939456,-30.75218338939456,0.0008504638501247252,1.0
F14,tau,0.1496132747134835,-1.8997014826626533,-24.540157774548724,-32.67218338939456,-30.75218338939456,0.0008504638501247252,1.0
F14,tau,0.206036594521161,-1.579701482662653,-24.62417715169426,-32.67218338939456,-30.75218338939456,0.0008504638501247252,1.0
F14,tau,0.2837387147843204,-1.2597014826626536,-24.73192063206693,-32.67218338939456,-30.75218338939456,0.0008504638501247252,1.0
F14,tau,0.390744461946489,-0.9397014826626533,-24.869552796404726,-32.67218338939456,-30.75218338939456,0.0008504638501247252,1.0
F14,tau,0.538105047307025,-0.619701482662653,-25.044637726870967,-32.67218338939456,-30.75218338939456,0.0008504638501247252,1.0
F14,tau,0.741039400775818,-0.29970148266265273,-25.26637721409287,-32.67218338939456,-30.75218338939456,0.0008504638501247252,1.0
F14,tau,1.0205059332752588,0.020298517337346667,-25.545848598861667,-32.67218338939456,-30.75218338939456,0.0008504638501247252,1.0
F14,tau,1.405367054382937,0.34029851733734695,-25.89620244933457,-32.67218338939456,-30.75218338939456,0.0008504638501247252,1.0
F14,tau,1.9353699896737842,0.6602985173373472,-26.332729008738557,-32.67218338939456,-30.75218338939456,0.0008504638501247252,1.0
F14,tau,2.6652517470423613,0.9802985173373466,-26.872581670673476,-32.67218338939456,-30.75218338939456,0.0008504638501247252,1.0
F14,tau,3.6703921797969516,1.300298517337347,-27.533656907114228,-32.67218338939456,-30.75218338939456,0.0008504638501247252,1.0
F14,tau,5.054598976799958,1.6202985173373472,-28.331437727971327,-32.67218338939456,-30.75218338939456,0.0008504638501247252,1.0
F14,tau,6.960828588535338,1.9402985173373466,-29.271012615853394,-32.67218338939456,-30.75218338939456,0.0008504638501247252,1.0
F14,tau,9.585950312055488,2.260298517337347,-30.328306012599604,-32.67218338939456,-30.75218338939456,0.0008504638501247252,1.0
F14,tau,13.201078322276548,2.580298517337347,-31.411266853554643,-32.67218338939456,-30.75218338939456,0.0008504638501247252,1.0
F14,tau,18.17957147678056,2.9002985173373466,-32.304187900372305,-32.67218338939456,-30.75218338939456,0.0008504638501247252,1.0
F14,tau,25.03559262440455,3.220298517337347,-32.67218338939456,-32.67218338939456,-30.75218338939456,0.0008504638501247252,1.0
F14,tau,31.813801069166676,3.4599001915229004,-32.447138879209604,-32.67218338939456,-30.75218338939456,0.0008504638501247252,1.0
F14,tau,40.427161188183895,3.699501865708454,-31.816085787519075,-32.67218338939456,-30.75218338939456,0.0008504638501247252,1.0
F14,tau,51.37252723062342,3.939103539894007,-30.91417493328364,-32.67218338939456,-30.75218338939456,0.0008504638501247252,1.0
F14,tau,65.28127319591556,4.178705214079561,-29.896391997380714,-32.67218338939456,-30.75218338939456,0.0008504638501247252,1.0
F14,tau,82.95571309833034,4.418306888265114,-28.87965651660593,-32.67218338939456,-30.75218338939456,0.0008504638501247252,1.0
F14,tau,105.41538175886964,4.657908562450668,-27.933093757124006,-32.67218338939456,-30.75218338939456,0.0008504638501247252,1.0
F14,tau,133.95584579203475,4.897510236636221,-27.090161654418438,-32.67218338939456,-30.75218338939456,0.0008504638501247252,1.0
F14,tau,170.22343724851683,5.137111910821774,-26.362322395180378,-32.67218338939456,-30.75218338939456,0.0008504638501247252,1.0
F14,tau,216.310220859527,5.376713585007328,-25.748508234060576,-32.67218338939456,-30.75218338939456,0.0008504638501247252,1.0
F14,tau,274.8746729863428,5.6163152591928815,-25.240796718512726,-32.67218338939456,-30.75218338939456,0.0008504638501247252,1.0
F14,tau,349.2950335361887,5.855916933378435,-24.827747145400284,-32.67218338939456,-30.75218338939456,0.0008504638501247252,1.0
F14,tau,443.8641768174447,6.095518607563989,-24.4964547758487,-32.67218338939456,-30.75218338939456,0.0008504638501247252,1.0
F14,tau,564.0372422913822,6.335120281749543,-24.233890167080126,-32.67218338939456,-30.75218338939456,0.0008504638501247252,1.0
F14,tau,716.7463095867562,6.574721955935095,-24.027781637314384,-32.67218338939456,-30.75218338939456,0.0008504638501247252,1.0
F14,tau,910.8002695340533,6.814323630120649,-23.867153478289712,-32.67218338939456,-30.75218338939456,0.0008504638501247252,1.0
F14,tau,1157.3929574350925,7.053925304306203,-23.74258636227909,-32.67218338939456,-30.75218338939456,0.0008504638501247252,1.0
F14,tau,1470.7488597973727,7.293526978491756,-23.64626316737013,-32.67218338939456,-30.75218338939456,0.0008504638501247252,1.0
F14,tau,1868.9436415691862,7.533128652677309,-23.571867723536766,-32.67218338939456,-30.75218338939456,0.0008504638501247252,1.0
F14,tau,2374.9468252813213,7.772730326862863,-23.514400525559868,-32.67218338939456,-30.75218338939456,0.0008504638501247252,1.0
F14,tau,3017.9467681423007,8.012332001048417,-23.469963028776036,-32.67218338939456,-30.75218338939456,0.0008504638501247252,1.0
F14,tau,3835.0343672480667,8.251933675233971,-23.43554559104679,-32.67218338939456,-30.75218338939456,0.0008504638501247252,1.0
F14,tau,4873.3426159888695,8.491535349419523,-23.408838554258395,-32.67218338939456,-30.75218338939456,0.0008504638501247252,1.0
F14,tau,6192.765430119291,8.731137023605076,-23.388074214583806,-32.67218338939456,-30.75218338939456,0.0008504638501247252,1.0
F14,tau,7869.412576628129,8.97073869779063,-23.37190006001368,-32.67218338939456,-30.75218338939456,0.0008504638501247252,1.0
F14,tau,10000.00000000001,9.210340371976184,-23.359279872008468,-32.67218338939456,-30.75218338939456,0.0008504638501247252,1.0
F14,beta,0.0010000000000000002,-6.907755278982137,-22.95974866709818,-32.67218338939456,-30.75218338939456,0.0008504638501247252,1.0
F14,beta,0.0012731793841950726,-6.666238054805658,-22.96740555242556,-32.67218338939456,-30.75218338939456,0.0008504638501247252,1.0
F14,beta,0.001620985744339344,-6.4247208306291785,-22.977155478350184,-32.67218338939456,-30.75218338939456,0.0008504638501247252,1.0
F14,beta,0.002063805631766957,-6.183203606452699,-22.989571058162163,-32.67218338939456,-30.75218338939456,0.0008504638501247252,1.0
F14,beta,0.0026275947833513764,-5.94168638227622,-23.00538186016556,-32.67218338939456,-30.75218338939456,0.0008504638501247252,1.0
F14,beta,0.00334539950818149,-5.700169158099741,-23.02551762345258,-32.67218338939456,-30.75218338939456,0.0008504638501247252,1.0
F14,beta,0.004259293685713004,-5.458651933923263,-23.05116349434105,-32.67218338939456,-30.75218338939456,0.0008504638501247252,1.0
F14,beta,0.0054228449118820425,-5.217134709746784,-23.08383071158859,-32.67218338939456,-30.75218338939456,0.0008504638501247252,1.0
F14,beta,0.00690425434549536,-4.975617485570305,-23.12544720939476,-32.67218338939456,-30.75218338939456,0.0008504638501247252,1.0
F14,beta,0.008790354295923935,-4.7341002613938254,-23.178473953946185,-32.67218338939456,-30.75218338939456,0.0008504638501247252,1.0
F14,beta,0.011191697869340943,-4.492583037217346,-23.246054737748224,-32.67218338939456,-30.75218338939456,0.0008504638501247252,1.0
F14,beta,0.014249039001384807,-4.251065813040867,-23.332209646500463,-32.67218338939456,-30.75218338939456,0.0008504638501247252,1.0
F14,beta,0.018141582701154676,-4.009548588864388,-23.442085922083578,-32.67218338939456,-30.75218338939456,0.0008504638501247252,1.0
F14,beta,0.02309748909178009,-3.768031364687909,-23.582284807408787,-32.67218338939456,-30.75218338939456,0.0008504638501247252,1.0
F14,beta,0.02940724693832496,-3.52651414051143,-23.761289514313646,-32.67218338939456,-30.75218338939456,0.0008504638501247252,1.0
F14,beta,0.037440700547809,-3.284996916334951,-23.990028207388075,-32.67218338939456,-30.75218338939456,0.0008504638501247252,1.0
F14,beta,0.047668728067291576,-3.043479692158472,-24.28261606397552,-32.67218338939456,-30.75218338939456,0.0008504638501247252,1.0
F14,beta,0.06069084184607662,-2.801962467981993,-24.65732779344078,-32.67218338939456,-30.75218338939456,0.0008504638501247252,1.0
F14,beta,0.07727032864786836,-2.560445243805514,-25.137839067499584,-32.67218338939456,-30.75218338939456,0.0008504638501247252,1.0
F14,beta,0.0983789894444439,-2.318928019629035,-25.754678886998832,-32.67218338939456,-30.75218338939456,0.0008504638501247252,1.0
F14,beta,0.1252541011986106,-2.077410795452556,-26.546429645683922,-32.67218338939456,-30.75218338939456,0.0008504638501247252,1.0
F14,beta,0.1594709394319543,-1.8358935712760767,-27.558675788395863,-32.67218338939456,-30.75218338939456,0.0008504638501247252,1.0
F14,beta,0.20303511246298528,-1.5943763470995975,-28.83299530477212,-32.67218338939456,-30.75218338939456,0.0008504638501247252,1.0
F14,beta,0.25850011945560086,-1.3528591229231184,-30.357920569825986,-32.67218338939456,-30.75218338939456,0.0008504638501247252,1.0
F14,beta,0.32911702290283457,-1.1113418987466392,-31.899050359296428,-32.67218338939456,-30.75218338939456,0.0008504638501247252,1.0
F14,beta,0.4190250085475464,-0.8698246745701602,-32.67218338939456,-32.67218338939456,-30.75218338939456,0.0008504638501247252,1.0
F14,beta,0.47571883413325533,-0.7429282838675919,-32.40604120839932,-32.67218338939456,-30.75218338939456,0.0008504638501247252,1.0
F14,beta,0.5400832994038939,-0.6160318931650237,-31.639223473805874,-32.67218338939456,-30.75218338939456,0.0008504638501247252,1.0
F14,beta,0.6131562371846093,-0.48913550246245546,-30.519130017170358,-32.67218338939456,-30.75218338939456,0.0008504638501247252,1.0
F14,beta,0.6961158984426066,-0.3622391117598872,-29.233129144405552,-32.67218338939456,-30.75218338939456,0.0008504638501247252,1.0
F14,beta,0.7902999507752876,-0.23534272105731902,-27.927075239431794,-32.67218338939456,-30.75218338939456,0.0008504638501247252,1.0
F14,beta,0.897227047382135,-0.10844633035475071,-26.690993145832916,-32.67218338939456,-30.75218338939456,0.0008504638501247252,1.0
F14,beta,1.018621314305207,0.0184500603478176,-25.576460801709658,-32.67218338939456,-30.75218338939456,0.0008504638501247252,1.0
F14,beta,1.156440150778191,0.1453464510503858,-24.616370555994372,-32.67218338939456,-30.75218338939456,0.0008504638501247252,1.0
F14,beta,1.3129057909455615,0.272242841752954,-23.839730388525332,-32.67218338939456,-30.75218338939456,0.0008504638501247252,1.0
F14,beta,1.490541135862902,0.3991392324555222,-23.280704876490734,-32.67218338939456,-30.75218338939456,0.0008504638501247252,1.0
F14,beta,1.6922104335448023,0.5260356231580906,-21.970611005219087,-32.67218338939456,-30.75218338939456,0.0008504638501247252,1.0
F14,beta,1.9211654629981814,0.6529320138606588,-19.780149257310804,-32.67218338939456,-30.75218338939456,0.0008504638501247252,1.0
F14,beta,2.1810979669268766,0.779828404563227,-17.491400707609156,-32.67218338939456,-30.75218338939456,0.0008504638501247252,1.0
F14,beta,2.4761991785488697,0.9067247952657954,-15.395865718756028,-32.67218338939456,-30.75218338939456,0.0008504638501247252,1.0
F14,beta,2.81122740235522,1.0336211859683635,-13.542850513147354,-32.67218338939456,-30.75218338939456,0.0008504638501247252,1.0
F14,beta,3.1915847385040674,1.160517576670932,-11.910972975064013,-32.67218338939456,-30.75218338939456,0.0008504638501247252,1.0
F14,beta,3.6234041879778784,1.2874139673735003,-10.465168494731659,-32.67218338939456,-30.75218338939456,0.0008504638501247252,1.0
F14,beta,4.113648543014829,1.4143103580760683,-9.172367492086373,-32.67218338939456,-30.75218338939456,0.0008504638501247252,1.0
F14,beta,4.670222657354656,1.5412067487786367,-8.005498048547361,-32.67218338939456,-30.75218338939456,0.0008504638501247252,1.0
F14,beta,5.302100906579599,1.6681031394812047,-6.94397647609422,-32.67218338939456,-30.75218338939456,0.0008504638501247252,1.0
F14,beta,6.019471893761013,1.7949995301837731,-5.972583127717397,-32.67218338939456,-30.75218338939456,0.0008504638501247252,1.0
F14,beta,6.8339027336908,1.9218959208863415,-5.079933271521872,-32.67218338939456,-30.75218338939456,0.0008504638501247252,1.0
F14,beta,7.758525564668208,2.0487923115889095,-4.257568727315473,-32.67218338939456,-30.75218338939456,0.0008504638501247252,1.0
F14,beta,8.808249295216509,2.175688702291478,-3.4995774535990787,-32.67218338939456,-30.75218338939456,0.0008504638501247252,1.0
F14,beta,10.000000000000002,2.302585092994046,-2.8024547314644863,-32.67218338939456,-30.75218338939456,0.0008504638501247252,1.0
F11,lambda,9.999999999999997e-06,-11.512925464970229,6.831606129981895,-17.197126722746575,-15.277126722746575,0.018784610816243587,1.0
F11,lambda,1.3295312450578338e-05,-11.228099032185659,6.816762154550373,-17.197126722746575,-15.277126722746575,0.018784610816243587,1.0
F11,lambda,1.767653331585031e-05,-10.94327259940109,6.796995415109536,-17.197126722746575,-15.277126722746575,0.018784610816243587,1.0
F11,lambda,2.3501503347728746e-05,-10.658446166616521,6.770659566462113,-17.197126722746575,-15.277126722746575,0.018784610816243587,1.0
F11,lambda,3.124598300663666e-05,-10.373619733831951,6.735546961994109,-17.197126722746575,-15.277126722746575,0.018784610816243587,1.0
F11,lambda,4.154251068986956e-05,-10.088793301047382,6.688688932601208,-17.197126722746575,-15.277126722746575,0.018784610816243587,1.0
F11,lambda,5.523206596033066e-05,-9.803966868262812,6.626078458240048,-17.197126722746575,-15.277126722746575,0.018784610816243587,1.0
F11,lambda,7.343275742335483e-05,-9.519140435478242,6.542279955031369,-17.197126722746575,-15.277126722746575,0.018784610816243587,1.0
F11,lambda,9.763114540510286e-05,-9.234314002693672,6.429870906683748,-17.197126722746575,-15.277126722746575,0.018784610816243587,1.0
F11,lambda,0.0001298036583068686,-8.949487569909104,6.278625724576803,-17.197126722746575,-15.277126722746575,0.018784610816243587,1.0
F11,lambda,0.00017257801944179269,-8.664661137124535,6.074290832026258,-17.197126722746575,-15.277126722746575,0.018784610816243587,1.0
F11,lambda,0.00022944786905806173,-8.379834704339965,5.796685392109525,-17.197126722746575,-15.277126722746575,0.018784610816243587,1.0
F11,lambda,0.0003050581110246317,-8.095008271555395,5.41663808028261,-17.197126722746575,-15.277126722746575,0.018784610816243587,1.0
F11,lambda,0.0004055842901655692,-7.810181838770826,4.890810657807326,-17.197126722746575,-15.277126722746575,0.018784610816243587,1.0
F11,lambda,0.0005392369862797271,-7.525355405986256,4.1524748047200415,-17.197126722746575,-15.277126722746575,0.018784610816243587,1.0
F11,lambda,0.0007169324217497191,-7.2405289732016875,3.094185017685521,-17.197126722746575,-15.277126722746575,0.018784610816243587,1.0
F11,lambda,0.0009531840553112322,-6.955702540417118,1.534543920288674,-17.197126722746575,-15.277126722746575,0.018784610816243587,1.0
F11,lambda,0.001267287983827218,-6.670876107632548,-0.8314698671059273,-17.197126722746575,-15.277126722746575,0.018784610816243587,1.0
F11,lambda,0.0016848989709846319,-6.386049674847979,-4.232321702123576,-17.197126722746575,-15.277126722746575,0.018784610816243587,1.0
F11,lambda,0.002240125826689861,-6.101223242063409,-6.707491908269388,-17.197126722746575,-15.277126722746575,0.018784610816243587,1.0
F11,lambda,0.0029783172794451782,-5.8163968092788405,-8.758898277644091,-17.197126722746575,-15.277126722746575,0.018784610816243587,1.0
F11,lambda,0.003959765880718009,-5.531570376494271,-10.843655794371793,-17.197126722746575,-15.277126722746575,0.018784610816243587,1.0
F11,lambda,0.005264632461528545,-5.246743943709701,-12.959300185734984,-17.197126722746575,-15.277126722746575,0.018784610816243587,1.0
F11,lambda,0.006999493351347931,-4.961917510925132,-14.993636507458643,-17.197126722746575,-15.277126722746575,0.018784610816243587,1.0
F11,lambda,0.009306045110191645,-4.677091078140562,-16.587833674209417,-17.197126722746575,-15.277126722746575,0.018784610816243587,1.0
F11,lambda,0.012372677741917457,-4.3922646453559935,-17.197126722746575,-17.197126722746575,-15.277126722746575,0.018784610816243587,1.0
F11,lambda,0.017038758037576048,-4.072264645355993,-16.54243025679335,-17.197126722746575,-15.277126722746575,0.018784610816243587,1.0
F11,lambda,0.02346454676334842,-3.7522646453559934,-15.662334612966603,-17.197126722746575,-15.277126722746575,0.018784610816243587,1.0
F11,lambda,0.032313678825366524,-3.4322646453559935,-15.068266284162771,-17.197126722746575,-15.277126722746575,0.018784610816243587,1.0
F11,lambda,0.04450006427824717,-3.1122646453559932,-14.665597487378214,-17.197126722746575,-15.277126722746575,0.018784610816243587,1.0
F11,lambda,0.061282274032308896,-2.7922646453559934,-14.404109398807115,-17.197126722746575,-15.277126722746575,0.018784610816243587,1.0
F11,lambda,0.08439352103153702,-2.4722646453559936,-14.249071925418317,-17.197126722746575,-15.277126722746575,0.018784610816243587,1.0
F11,lambda,0.11622066094260018,-2.1522646453559933,-14.174496564272257,-17.197126722746575,-15.277126722746575,0.018784610816243587,1.0
F11,lambda,0.16005069897353025,-1.8322646453559934,-14.16005111908625,-17.197126722746575,-15.277126722746575,0.018784610816243587,1.0
F11,lambda,0.22041026125782492,-1.5122646453559936,-14.189312526982768,-17.197126722746575,-15.277126722746575,0.018784610816243587,1.0
F11,lambda,0.30353309032269277,-1.1922646453559933,-14.248723036228881,-17.197126722746575,-15.277126722746575,0.018784610816243587,1.0
F11,lambda,0.41800384607807395,-0.8722646453559935,-14.32699931624455,-17.197126722746575,-15.277126722746575,0.018784610816243587,1.0
F11,lambda,0.5756447020333294,-0.5522646453559936,-14.414840509019173,-17.197126722746575,-15.277126722746575,0.018784610816243587,1.0
F11,lambda,0.7927363015629972,-0.23226464535599334,-14.504810217248032,-17.197126722746575,-15.277126722746575,0.018784610816243587,1.0
F11,lambda,1.091699170679406,0.08773535464400695,-14.591285071943327,-17.197126722746575,-15.277126722746575,0.018784610816243587,1.0
F11,lambda,1.5034092382451476,0.40773535464400634,-14.670384446262377,-17.197126722746575,-15.277126722746575,0.018784610816243587,1.0
F11,lambda,2.070386603146565,0.7277353546440066,-14.739826105007694,-17.197126722746575,-15.277126722746575,0.018784610816243587,1.0
F11,lambda,2.8511868741023463,1.047735354644007,-14.798689831306337,-17.197126722746575,-15.277126722746575,0.018784610816243587,1.0
F11,lambda,3.9264486056365877,1.3677353546440063,-14.847107695628248,-17.197126722746575,-15.277126722746575,0.018784610816243587,1.0
F11,lambda,5.407221390060352,1.6877353546440066,-14.885925190570045,-17.197126722746575,-15.277126722746575,0.018784610816243587,1.0
F11,lambda,7.446434704163381,2.007735354644007,-14.916384031922332,-17.197126722746575,-15.277126722746575,0.018784610816243587,1.0
F11,lambda,10.254691976418194,2.3277353546440063,-14.93986569088273,-17.197126722746575,-15.277126722746575,0.018784610816243587,1.0
F11,lambda,14.122021035438669,2.6477353546440066,-14.957713025705548,-17.197126722746575,-15.277126722746575,0.018784610816243587,1.0
F11,lambda,19.447827256439016,2.967735354644007,-14.971126816897522,-17.197126722746575,-15.277126722746575,0.018784610816243587,1.0
F11,lambda,26.78214287085174,3.2877353546440062,-14.941403323543124,-17.197126722746575,-15.277126722746575,0.018784610816243587,1.0
F11,lambda,36.88243253586226,3.6077353546440065,-14.673218998617097,-17.197126722746575,-15.277126722746575,0.018784610816243587,1.0
F11,tau,9.999999999999997e-06,-11.512925464970229,-17.19712672303168,-17.197126722746575,-15.277126722746575,0.018784610816243587,1.0
F11,tau,1.0000000000000016e-05,-11.512925464970227,-17.197126722746575,-17.197126722746575,-15.277126722746575,0.018784610816243587,1.0
F11,tau,1.3771277643359596e-05,-11.192925464970227,-17.197114827985473,-17.197126722746575,-15.277126722746575,0.018784610816243587,1.0
F11,tau,1.8964808793049556e-05,-10.872925464970226,-17.197098779879774,-17.197126722746575,-15.277126722746575,0.018784610816243587,1.0
F11,tau,2.611696473423124e-05,-10.552925464970226,-17.197077184145808,-17.197126722746575,-15.277126722746575,0.018784610816243587,1.0
F11,tau,3.596639725569285e-05,-10.232925464970227,-17.197048182650974,-17.197126722746575,-15.277126722746575,0.018784610816243587,1.0
F11,tau,4.953032424395121e-05,-9.912925464970227,-17.19700930083382,-17.197126722746575,-15.277126722746575,0.018784610816243587,1.0
F11,tau,6.82095846929076e-05,-9.592925464970227,-17.19695723882218,-17.197126722746575,-15.277126722746575,0.018784610816243587,1.0
F11,tau,9.3933312874428e-05,-9.272925464970227,-17.196887602707665,-17.197126722746575,-15.277126722746575,0.018784610816243587,1.0
F11,tau,0.00012935817315543104,-8.952925464970226,-17.196794551292207,-17.197126722746575,-15.277126722746575,0.018784610816243587,1.0
F11,tau,0.0001781427317961221,-8.632925464970228,-17.196670329938154,-17.197126722746575,-15.277126722746575,0.018784610816243587,1.0
F11,tau,0.0002453253019710937,-8.312925464970228,-17.196504663773045,-17.197126722746575,-15.277126722746575,0.018784610816243587,1.0
F11,tau,0.00033784428463849595,-7.992925464970227,-17.196283961649055,-17.197126722746575,-15.277126722746575,0.018784610816243587,1.0
F11,tau,0.00046525474439789273,-7.672925464970227,-17.195990269270855,-17.197126722746575,-15.277126722746575,0.018784610816243587,1.0
F11,tau,0.0006407152259993674,-7.352925464970227,-17.195599923129695,-17.197126722746575,-15.277126722746575,0.018784610816243587,1.0
F11,tau,0.0008823467267565165,-7.032925464970226,-17.195081777095965,-17.197126722746575,-15.277126722746575,0.018784610816243587,1.0
F11,tau,0.0012151041751873506,-6.712925464970227,-17.19439494714881,-17.197126722746575,-15.277126722746575,0.018784610816243587,1.0
F11,tau,0.0016733536962110437,-6.392925464970227,-17.19348587690829,-17.197126722746575,-15.277126722746575,0.018784610816243587,1.0
F11,tau,0.0023044218346064253,-6.0729254649702265,-17.192284587675587,-17.197126722746575,-15.277126722746575,0.018784610816243587,1.0
F11,tau,0.0031734832891785096,-5.752925464970227,-17.19069990351396,-17.197126722746575,-15.277126722746575,0.018784610816243587,1.0
F11,tau,0.004370291947183922,-5.432925464970227,-17.188613387585438,-17.197126722746575,-15.277126722746575,0.018784610816243587,1.0
F11,tau,0.006018450378720832,-5.1129254649702265,-17.185871732750563,-17.197126722746575,-15.277126722746575,0.018784610816243587,1.0
F11,tau,0.008288175114814708,-4.792925464970227,-17.18227723616828,-17.197126722746575,-15.277126722746575,0.018784610816243587,1.0
F11,tau,0.011413876066289698,-4.472925464970227,-17.177576029506664,-17.197126722746575,-15.277126722746575,0.018784610816243587,1.0
F11,tau,0.015718365629577225,-4.1529254649702265,-17.17144368314149,-17.197126722746575,-15.277126722746575,0.018784610816243587,1.0
F11,tau,0.021646197718474817,-3.832925464970227,-17.163467819680136,-17.197126722746575,-15.277126722746575,0.018784610816243587,1.0
F11,tau,0.02980957987041733,-3.512925464970227,-17.153127513298937,-17.197126722746575,-15.277126722746575,0.018784610816243587,1.0
F11,beta,0.0011335810148399965,-6.782373617399187,-5.861203561700085,-17.197126722746575,-15.277126722746575,0.018784610816243587,1.0
F11,beta,0.00156108588866029,-6.462373617399186,-5.862964074302777,-17.197126722746575,-15.277126722746575,0.018784610816243587,1.0
F11,beta,0.0021498147197871547,-6.142373617399187,-5.8653885224187,-17.197126722746575,-15.277126722746575,0.018784610816243587,1.0
F11,beta,0.002960569538797017,-5.822373617399187,-5.868727291759786,-17.197126722746575,-15.277126722746575,0.018784610816243587,1.0
F11,beta,0.0040770825101246735,-5.502373617399186,-5.873325192269981,-17.197126722746575,-15.277126722746575,0.018784610816243587,1.0
F11,beta,0.00561466352218122,-5.182373617399187,-5.879657064233143,-17.197126722746575,-15.277126722746575,0.018784610816243587,1.0
F11,beta,0.007732109023800076,-4.862373617399187,-5.888376807286981,-17.197126722746575,-15.277126722746575,0.018784610816243587,1.0
F11,beta,0.010648102013547682,-4.542373617399186,-5.900384887293524,-17.197126722746575,-15.277126722746575,0.018784610816243587,1.0
F11,beta,0.014663796920338125,-4.222373617399186,-5.916921271966766,-17.197126722746575,-15.277126722746575,0.018784610816243587,1.0
F11,beta,0.020193921869581723,-3.9023736173991868,-5.939693341963903,-17.197126722746575,-15.277126722746575,0.018784610816243587,1.0
F11,beta,0.027809610477432075,-3.5823736173991865,-5.9710518620699204,-17.197126722746575,-15.277126722746575,0.018784610816243587,1.0
F11,beta,0.03829738670383982,-3.262373617399187,-6.014232881895403,-17.197126722746575,-15.277126722746575,0.018784610816243587,1.0
F11,beta,0.052740394531368556,-2.942373617399187,-6.073689823944559,-17.197126722746575,-15.277126722746575,0.018784610816243587,1.0
F11,beta,0.07263026161117994,-2.6223736173991865,-6.155548379780136,-17.197126722746575,-15.277126722746575,0.018784610816243587,1.0
F11,beta,0.10002114979573994,-2.3023736173991862,-6.2682274987521165,-17.197126722746575,-15.277126722746575,0.018784610816243587,1.0
F11,beta,0.13774190240451914,-1.9823736173991868,-6.423283072673913,-17.197126722746575,-15.277126722746575,0.018784610816243587,1.0
F11,beta,0.1896881981137171,-1.6623736173991865,-6.636548116952097,-17.197126722746575,-15.277126722746575,0.018784610816243587,1.0
F11,beta,0.2612248841892594,-1.3423736173991863,-6.929669962212099,-17.197126722746575,-15.277126722746575,0.018784610816243587,1.0
F11,beta,0.35974004075247384,-1.0223736173991869,-7.332201564441219,-17.197126722746575,-15.277126722746575,0.018784610816243587,1.0
F11,beta,0.49540799806358055,-0.7023736173991866,-7.884547591304427,-17.197126722746575,-15.277126722746575,0.018784610816243587,1.0
F11,beta,0.6822401088074511,-0.3823736173991863,-8.642414795527834,-17.197126722746575,-15.277126722746575,0.018784610816243587,1.0
F11,beta,0.9395317957823246,-0.0623736173991869,-9.684038140315005,-17.197126722746575,-15.277126722746575,0.018784610816243587,1.0
F11,beta,1.29385532144826,0.2576263826008134,-11.1208642026736,-17.197126722746575,-15.277126722746575,0.018784610816243587,1.0
F11,beta,1.781804086200224,0.5776263826008137,-13.094556778316369,-17.197126722746575,-15.277126722746575,0.018784610816243587,1.0
F11,beta,2.453771877713586,0.8976263826008131,-15.585156513121671,-17.197126722746575,-15.277126722746575,0.018784610816243587,1.0
F11,beta,3.379157380146155,1.2176263826008134,-17.197126722746575,-17.197126722746575,-15.277126722746575,0.018784610816243587,1.0
F11,beta,3.5290359477183997,1.2610247310165426,-17.155893659412968,-17.197126722746575,-15.277126722746575,0.018784610816243587,1.0
F11,beta,3.685562203601787,1.304423079432272,-17.03162463353529,-17.197126722746575,-15.277126722746575,0.018784610816243587,1.0
F11,beta,3.849030998224886,1.3478214278480012,-16.826957856367105,-17.197126722746575,-15.277126722746575,0.018784610816243587,1.0
F11,beta,4.0197502597616666,1.3912197762637306,-16.5487491005455,-17.197126722746575,-15.277126722746575,0.018784610816243587,1.0
F11,beta,4.198041574179576,1.4346181246794598,-16.207042445941294,-17.197126722746575,-15.277126722746575,0.018784610816243587,1.0
F11,beta,4.384240791014973,1.478016473095189,-15.851103749654003,-17.197126722746575,-15.277126722746575,0.018784610816243587,1.0
F11,beta,4.5786986560170195,1.5214148215109184,-15.530224863671872,-17.197126722746575,-15.277126722746575,0.018784610816243587,1.0
F11,beta,4.781781471851751,1.5648131699266479,-15.237863666196155,-17.197126722746575,-15.277126722746575,0.018784610816243587,1.0
F11,beta,4.993871788110901,1.608211518342377,-14.973844338218674,-17.197126722746575,-15.277126722746575,0.018784610816243587,1.0
F11,beta,5.215369121925265,1.6516098667581063,-14.739557540461572,-17.197126722746575,-15.277126722746575,0.018784610816243587,1.0
F11,beta,5.446690710540019,1.6950082151738357,-14.53756811864566,-17.197126722746575,-15.277126722746575,0.018784610816243587,1.0
F11,beta,5.688272297269632,1.738406563589565,-14.371750217036288,-17.197126722746575,-15.277126722746575,0.018784610816243587,1.0
F11,beta,5.9405689523129,1.7818049120052941,-14.247754187202059,-17.197126722746575,-15.277126722746575,0.018784610816243587,1.0
F11,beta,6.204055929974267,1.8252032604210235,-14.173987399054482,-17.197126722746575,-15.277126722746575,0.018784610816243587,1.0
F11,beta,6.479229563906173,1.868601608836753,-14.163766874530507,-17.197126722746575,-15.277126722746575,0.018784610816243587,1.0
F11,beta,6.766608202058857,1.9119999572524822,-14.240942714068026,-17.197126722746575,-15.277126722746575,0.018784610816243587,1.0
F11,beta,7.066733183098751,1.9553983056682114,-14.460331371448532,-17.197126722746575,-15.277126722746575,0.018784610816243587,1.0
F11,beta,7.380169856134763,1.9987966540839408,-14.727635981001976,-17.197126722746575,-15.277126722746575,0.018784610816243587,1.0
F11,beta,7.707508645673324,2.0421950024996702,-14.90387112632373,-17.197126722746575,-15.277126722746575,0.018784610816243587,1.0
F11,beta,8.049366163808285,2.085593350915399,-14.975310190404763,-17.197126722746575,-15.277126722746575,0.018784610816243587,1.0
F11,beta,8.406386371740686,2.1289916993311286,-14.93559441493314,-17.197126722746575,-15.277126722746575,0.018784610816243587,1.0
F11,beta,8.779241792816352,2.172390047746858,-14.78732359982362,-17.197126722746575,-15.277126722746575,0.018784610816243587,1.0
F11,beta,9.168634779366382,2.215788396162587,-14.54153770593005,-17.197126722746575,-15.277126722746575,0.018784610816243587,1.0
F11,beta,9.57529883573687,2.2591867445783165,-14.215322922923582,-17.197126722746575,-15.277126722746575,0.018784610816243587,1.0
F11,beta,10.000000000000002,2.302585092994046,-13.828564004759231,-17.197126722746575,-15.277126722746575,0.018784610816243587,1.0
F25,lambda,0.00023509136396516667,-8.35553633654608,13.039834077581695,-45.25623259507561,-43.33623259507561,6.864663165504666e-05,1.0
F25,lambda,0.00032375084447204083,-8.03553633654608,12.86057823186402,-45.25623259507561,-43.33623259507561,6.864663165504666e-05,1.0
F25,lambda,0.00044584627664965985,-7.71553633654608,12.611629502968054,-45.25623259507561,-43.33623259507561,6.864663165504666e-05,1.0
F25,lambda,0.0006139872862000569,-7.39553633654608,12.265304315662322,-45.25623259507561,-43.33623259507561,6.864663165504666e-05,1.0
F25,lambda,0.000845538938775386,-7.0755363365460795,11.783326122916687,-45.25623259507561,-43.33623259507561,6.864663165504666e-05,1.0
F25,lambda,0.0011644151484147443,-6.75553633654608,11.115620346633692,-45.25623259507561,-43.33623259507561,6.864663165504666e-05,1.0
F25,lambda,0.001603548430095319,-6.43553633654608,10.210061516433107,-45.25623259507561,-43.33623259507561,6.864663165504666e-05,1.0
F25,lambda,0.002208291064541601,-6.1155363365460795,9.076760840861585,-45.25623259507561,-43.33623259507561,6.864663165504666e-05,1.0
F25,lambda,0.0030410989367152465,-5.795536336546079,7.922194357196722,-45.25623259507561,-43.33623259507561,6.864663165504666e-05,1.0
F25,lambda,0.004187981779843121,-5.47553633654608,6.809255124091475,-45.25623259507561,-43.33623259507561,6.864663165504666e-05,1.0
F25,lambda,0.005767385985555082,-5.15553633654608,5.703207308076051,-45.25623259507561,-43.33623259507561,6.864663165504666e-05,1.0
F25,lambda,0.007942427368349995,-4.83553633654608,4.506092557754098,-45.25623259507561,-43.33623259507561,6.864663165504666e-05,1.0
F25,lambda,0.010937737245176552,-4.51553633654608,3.145398062324156,-45.25623259507561,-43.33623259507561,6.864663165504666e-05,1.0
F25,lambda,0.015062661639344119,-4.19553633654608,1.3433736184847878,-45.25623259507561,-43.33623259507561,6.864663165504666e-05,1.0
F25,lambda,0.020743209548338953,-3.8755363365460793,-0.7762661285411465,-45.25623259507561,-43.33623259507561,6.864663165504666e-05,1.0
F25,lambda,0.028566049790456283,-3.55553633654608,-4.004290992298731,-45.25623259507561,-43.33623259507561,6.864663165504666e-05,1.0
F25,lambda,0.03933910028384071,-3.2355363365460796,-8.095750555717157,-45.25623259507561,-43.33623259507561,6.864663165504666e-05,1.0
F25,lambda,0.05417496722487359,-2.9155363365460794,-18.31842906449168,-45.25623259507561,-43.33623259507561,6.864663165504666e-05,1.0
F25,lambda,0.07460585149736387,-2.59553633654608,-29.641388046735365,-45.25623259507561,-43.33623259507561,6.864663165504666e-05,1.0
F25,lambda,0.10274178947894515,-2.2755363365460797,-29.641388046735372,-45.25623259507561,-43.33623259507561,6.864663165504666e-05,1.0
F25,lambda,0.1414885708490153,-1.9555363365460796,-29.780779316644363,-45.25623259507561,-43.33623259507561,6.864663165504666e-05,1.0
F25,lambda,0.194847839252394,-1.6355363365460802,-31.77832804496566,-45.25623259507561,-43.33623259507561,6.864663165504666e-05,1.0
F25,lambda,0.26833036925534137,-1.31553633654608,-34.743631237548016,-45.25623259507561,-43.33623259507561,6.864663165504666e-05,1.0
F25,lambda,0.3695252015160502,-0.9955363365460796,-38.50376907891566,-45.25623259507561,-43.33623259507561,6.864663165504666e-05,1.0
F25,lambda,0.5088834146295919,-0.6755363365460803,-42.815604806512574,-45.25623259507561,-43.33623259507561,6.864663165504666e-05,1.0
F25,lambda,0.700797479096498,-0.3555363365460799,-45.25623259507561,-45.25623259507561,-43.33623259507561,6.864663165504666e-05,1.0
F25,lambda,0.9650876656404349,-0.035536336546079905,-45.15819820939497,-45.25623259507561,-43.33623259507561,6.864663165504666e-05,1.0
F25,lambda,1.3290490193716198,0.2844636634539201,-44.977336566995646,-45.25623259507561,-43.33623259507561,6.864663165504666e-05,1.0
F25,lambda,1.8302703047401347,0.60446366345392,-44.778506519632515,-45.25623259507561,-43.33623259507561,6.864663165504666e-05,1.0
F25,lambda,2.520516052897273,0.9244636634539201,-44.59369312430464,-45.25623259507561,-43.33623259507561,6.864663165504666e-05,1.0
F25,lambda,3.4710726368993123,1.2444636634539201,-44.43884321608402,-45.25623259507561,-43.33623259507561,6.864663165504666e-05,1.0
F25,lambda,4.780110500300864,1.56446366345392,-44.32081820044254,-45.25623259507561,-43.33623259507561,6.864663165504666e-05,1.0
F25,lambda,6.582822886558165,1.8844636634539202,-44.24128677340355,-45.25623259507561,-43.33623259507561,6.864663165504666e-05,1.0
F25,lambda,9.065388164785418,2.2044636634539203,-44.19892930033416,-45.25623259507561,-43.33623259507561,6.864663165504666e-05,1.0
F25,lambda,12.484197736208586,2.52446366345392,-44.19067854227981,-45.25623259507561,-43.33623259507561,6.864663165504666e-05,1.0
F25,lambda,17.19233531799295,2.8444636634539204,-44.21241785395189,-45.25623259507561,-43.33623259507561,6.864663165504666e-05,1.0
F25,lambda,23.676042300181745,3.1644636634539203,-44.25938466230854,-45.25623259507561,-43.33623259507561,6.864663165504666e-05,1.0
F25,lambda,32.60493520117283,3.48446366345392,-44.32642847875237,-45.25623259507561,-43.33623259507561,6.864663165504666e-05,1.0
F25,lambda,44.901161519909905,3.8044636634539204,-44.40820741138821,-45.25623259507561,-43.33623259507561,6.864663165504666e-05,1.0
F25,lambda,61.83463618000125,4.124463663453921,-44.4993783470996,-45.25623259507561,-43.33623259507561,6.864663165504666e-05,1.0
F25,lambda,85.15419428109234,4.44446366345392,-44.59480981568416,-45.25623259507561,-43.33623259507561,6.864663165504666e-05,1.0
F25,lambda,117.26820519415048,4.76446366345392,-44.68981864148425,-45.25623259507561,-43.33623259507561,6.864663165504666e-05,1.0
F25,lambda,161.4933012467108,5.084463663453921,-44.780413764968145,-45.25623259507561,-43.33623259507561,6.864663165504666e-05,1.0
F25,lambda,222.3969089011159,5.40446366345392,-44.863508077043406,-45.25623259507561,-43.33623259507561,6.864663165504666e-05,1.0
F25,lambda,306.26895795022136,5.72446366345392,-44.937049991566056,-45.25623259507561,-43.33623259507561,6.864663165504666e-05,1.0
F25,lambda,421.7714853474917,6.044463663453921,-45.00003731731815,-45.25623259507561,-43.33623259507561,6.864663165504666e-05,1.0
F25,lambda,580.8332226772468,6.36446366345392,-45.05240416123604,-45.25623259507561,-43.33623259507561,6.864663165504666e-05,1.0
F25,lambda,799.8815573975662,6.68446366345392,-45.094808221238736,-45.25623259507561,-43.33623259507561,6.864663165504666e-05,1.0
F25,lambda,1101.5391008724741,7.004463663453921,-45.12837202028521,-45.25623259507561,-43.33623259507561,6.864663165504666e-05,1.0
F25,lambda,1516.9600793131497,7.32446366345392,-45.15443558293228,-45.25623259507561,-43.33623259507561,6.864663165504666e-05,1.0
F25,lambda,2089.0478426114146,7.64446366345392,-45.17436120151103,-45.25623259507561,-43.33623259507561,6.864663165504666e-05,1.0
F25,tau,9.999999999999997e-06,-11.512925464970229,-45.25623112453958,-45.25623259507561,-43.33623259507561,6.864663165504666e-05,1.0
F25,tau,1.1290177341694407e-05,-11.391577472070056,-45.25623116370822,-45.25623259507561,-43.33623259507561,6.864663165504666e-05,1.0
F25,tau,1.2746810440690958e-05,-11.270229479169885,-45.25623119385404,-45.25623259507561,-43.33623259507561,6.864663165504666e-05,1.0
F25,tau,1.4391375041636278e-05,-11.148881486269712,-45.25623123499681,-45.25623259507561,-43.33623259507561,6.864663165504666e-05,1.0
F25,tau,1.6248117641090833e-05,-11.027533493369539,-45.2562312658382,-45.25623259507561,-43.33623259507561,6.864663165504666e-05,1.0
F25,tau,1.834441296366286e-05,-10.906185500469368,-45.25623129909866,-45.25623259507561,-43.33623259507561,6.864663165504666e-05,1.0
F25,tau,2.071116755890316e-05,-10.784837507569195,-45.25623133929079,-45.25623259507561,-43.33623259507561,6.864663165504666e-05,1.0
F25,tau,2.3383275469356435e-05,-10.663489514669024,-45.256231372017865,-45.25623259507561,-43.33623259507561,6.864663165504666e-05,1.0
F25,tau,2.640013268787267e-05,-10.542141521768851,-45.25623140776322,-45.25623259507561,-43.33623259507561,6.864663165504666e-05,1.0
F25,tau,2.9806217989034595e-05,-10.420793528868678,-45.25623145228692,-45.25623259507561,-43.33623259507561,6.864663165504666e-05,1.0
F25,tau,3.365174869814021e-05,-10.299445535968507,-45.25623150724215,-45.25623259507561,-43.33623259507561,6.864663165504666e-05,1.0
F25,tau,3.799342106601369e-05,-10.178097543068334,-45.256231578721966,-45.25623259507561,-43.33623259507561,6.864663165504666e-05,1.0
F25,tau,4.289524616529628e-05,-10.056749550168162,-45.25623164031376,-45.25623259507561,-43.33623259507561,6.864663165504666e-05,1.0
F25,tau,4.842949363218312e-05,-9.93540155726799,-45.25623171311152,-45.25623259507561,-43.33623259507561,6.864663165504666e-05,1.0
F25,tau,5.467775716758075e-05,-9.814053564367818,-45.25623179449341,-45.25623259507561,-43.33623259507561,6.864663165504666e-05,1.0
F25,tau,6.173215750680892e-05,-9.692705571467645,-45.25623188175689,-45.25623259507561,-43.33623259507561,6.864663165504666e-05,1.0
F25,tau,6.969670059372833e-05,-9.571357578567474,-45.25623197213769,-45.25623259507561,-43.33623259507561,6.864663165504666e-05,1.0
F25,tau,7.868881098341707e-05,-9.450009585667301,-45.256232063637924,-45.25623259507561,-43.33623259507561,6.864663165504666e-05,1.0
F25,tau,8.88410630809848e-05,-9.32866159276713,-45.25623212554098,-45.25623259507561,-43.33623259507561,6.864663165504666e-05,1.0
F25,tau,0.00010030313574089783,-9.207313599866957,-45.256232219327224,-45.25623259507561,-43.33623259507561,6.864663165504666e-05,1.0
F25,tau,0.00011324401904427832,-9.085965606966784,-45.25623231058472,-45.25623259507561,-43.33623259507561,6.864663165504666e-05,1.0
F25,tau,0.00012785450578961212,-8.964617614066611,-45.25623239478406,-45.25623259507561,-43.33623259507561,6.864663165504666e-05,1.0
F25,tau,0.0001443500044299413,-8.84326962116644,-45.25623244865359,-45.25623259507561,-43.33623259507561,6.864663165504666e-05,1.0
F25,tau,0.00016297371492884108,-8.721921628266267,-45.25623252837876,-45.25623259507561,-43.33623259507561,6.864663165504666e-05,1.0
F25,tau,0.0001840002143581362,-8.600573635366096,-45.256232578373535,-45.25623259507561,-43.33623259507561,6.864663165504666e-05,1.0
F25,tau,0.00020773950510131437,-8.479225642465924,-45.25623259507561,-45.25623259507561,-43.33623259507561,6.864663165504666e-05,1.0
F25,tau,0.0002860838402244313,-8.159225642465923,-45.256232490976565,-45.25623259507561,-43.33623259507561,6.864663165504666e-05,1.0
F25,tau,0.00039397399930091593,-7.839225642465924,-45.25623205606874,-45.25623259507561,-43.33623259507561,6.864663165504666e-05,1.0
F25,tau,0.0005425525328637664,-7.519225642465924,-45.25623105251039,-45.25623259507561,-43.33623259507561,6.864663165504666e-05,1.0
F25,tau,0.0007471641566174898,-7.199225642465923,-45.25622909336903,-45.25623259507561,-43.33623259507561,6.864663165504666e-05,1.0
F25,tau,0.001028940504594604,-6.879225642465924,-45.2562255412697,-45.25623259507561,-43.33623259507561,6.864663165504666e-05,1.0
F25,tau,0.001416982536727079,-6.559225642465924,-45.256219433870726,-45.25623259507561,-43.33623259507561,6.864663165504666e-05,1.0
F25,tau,0.001951365992906056,-6.239225642465923,-45.25620919518174,-45.25623259507561,-43.33623259507561,6.864663165504666e-05,1.0
F25,tau,0.002687280287211933,-5.919225642465923,-45.25619265251811,-45.25623259507561,-43.33623259507561,6.864663165504666e-05,1.0
F25,tau,0.0037007282940722556,-5.599225642465924,-45.256166230899176,-45.25623259507561,-43.33623259507561,6.864663165504666e-05,1.0
F25,tau,0.005096375682030547,-5.279225642465923,-45.25612425756866,-45.25623259507561,-43.33623259507561,6.864663165504666e-05,1.0
F25,tau,0.007018360449210862,-4.959225642465924,-45.25605853578877,-45.25623259507561,-43.33623259507561,6.864663165504666e-05,1.0
F25,tau,0.00966517903472566,-4.639225642465924,-45.25595599782883,-45.25623259507561,-43.33623259507561,6.864663165504666e-05,1.0
F25,tau,0.013310186395998515,-4.319225642465923,-45.25579678313087,-45.25623259507561,-43.33623259507561,6.864663165504666e-05,1.0
F25,tau,0.01832982723441631,-3.999225642465923,-45.25555044443226,-45.25623259507561,-43.33623259507561,6.864663165504666e-05,1.0
F25,tau,0.02524251399999606,-3.6792256424659238,-45.25517060863542,-45.25623259507561,-43.33623259507561,6.864663165504666e-05,1.0
F25,tau,0.03476216687103368,-3.3592256424659235,-45.25458623849752,-45.25623259507561,-43.33623259507561,6.864663165504666e-05,1.0
F25,tau,0.047871945146580094,-3.039225642465923,-45.25368969719901,-45.25623259507561,-43.33623259507561,6.864663165504666e-05,1.0
F25,tau,0.06592578479412338,-2.719225642465924,-45.252318382866775,-45.25623259507561,-43.33623259507561,6.864663165504666e-05,1.0
F25,tau,0.09078822862562459,-2.3992256424659235,-45.250228890411464,-45.25623259507561,-43.33623259507561,6.864663165504666e-05,1.0
F25,tau,0.12502699031522815,-2.0792256424659232,-45.247059899201325,-45.25623259507561,-43.33623259507561,6.864663165504666e-05,1.0
F25,tau,0.1721781396544634,-1.7592256424659238,-45.2422829842437,-45.25623259507561,-43.33623259507561,6.864663165504666e-05,1.0
F25,tau,0.23711129652987548,-1.4392256424659235,-45.235138186168946,-45.25623259507561,-43.33623259507561,6.864663165504666e-05,1.0
F25,tau,0.3265325496889877,-1.1192256424659233,-45.2245559912197,-45.25623259507561,-43.33623259507561,6.864663165504666e-05,1.0
F25,tau,0.44967704013611515,-0.7992256424659239,-45.20907523927838,-45.25623259507561,-43.33623259507561,6.864663165504666e-05,1.0
F25,tau,0.6192627369558589,-0.4792256424659236,-45.18677415241341,-45.25623259507561,-43.33623259507561,6.864663165504666e-05,1.0
F25,beta,0.0010000000000000002,-6.907755278982137,-29.641388046735372,-45.25623259507561,-43.33623259507561,6.864663165504666e-05,1.0
F25,beta,0.001352055251715389,-6.606129435542989,-29.641388046735372,-45.25623259507561,-43.33623259507561,6.864663165504666e-05,1.0
F25,beta,0.0018280534036911652,-6.304503592103841,-29.641388046735372,-45.25623259507561,-43.33623259507561,6.864663165504666e-05,1.0
F25,beta,0.0024716292048768316,-6.002877748664694,-29.641388046735372,-45.25623259507561,-43.33623259507561,6.864663165504666e-05,1.0
F25,beta,0.0033417792467468504,-5.701251905225546,-29.641388046735372,-45.25623259507561,-43.33623259507561,6.864663165504666e-05,1.0
F25,beta,0.004518270180637579,-5.399626061786398,-29.641388046735372,-45.25623259507561,-43.33623259507561,6.864663165504666e-05,1.0
F25,beta,0.006108950926400077,-5.09800021834725,-29.641388046735372,-45.25623259507561,-43.33623259507561,6.864663165504666e-05,1.0
F25,beta,0.00825963918251082,-4.796374374908102,-29.641388046735372,-45.25623259507561,-43.33623259507561,6.864663165504666e-05,1.0
F25,beta,0.011167488533987954,-4.494748531468955,-29.641388046735372,-45.25623259507561,-43.33623259507561,6.864663165504666e-05,1.0
F25,beta,0.015099061520849801,-4.193122688029807,-29.641388046735372,-45.25623259507561,-43.33623259507561,6.864663165504666e-05,1.0
F25,beta,0.020414765425238738,-3.891496844590659,-29.641388046735372,-45.25623259507561,-43.33623259507561,6.864663165504666e-05,1.0
F25,beta,0.027601890805731777,-3.5898710011515114,-29.641388046735372,-45.25623259507561,-43.33623259507561,6.864663165504666e-05,1.0
F25,beta,0.03731928142116435,-3.288245157712364,-29.64138804673537,-45.25623259507561,-43.33623259507561,6.864663165504666e-05,1.0
F25,beta,0.05045773043572984,-2.9866193142732156,-29.64138804673537,-45.25623259507561,-43.33623259507561,6.864663165504666e-05,1.0
F25,beta,0.06822163942526793,-2.684993470834068,-29.64138804673537,-45.25623259507561,-43.33623259507561,6.864663165504666e-05,1.0
F25,beta,0.09223942586556722,-2.38336762739492,-29.641388046735372,-45.25623259507561,-43.33623259507561,6.864663165504666e-05,1.0
F25,beta,0.12471280015675242,-2.0817417839557724,-29.641388046735372,-45.25623259507561,-43.33623259507561,6.864663165504666e-05,1.0
F25,beta,0.1686185964080688,-1.7801159405166251,-29.641388046735372,-45.25623259507561,-43.33623259507561,6.864663165504666e-05,1.0
F25,beta,0.22798165881040722,-1.4784900970774768,-29.641388046735372,-45.25623259507561,-43.33623259507561,6.864663165504666e-05,1.0
F25,beta,0.30824379908939703,-1.1768642536383294,-29.641388046735372,-45.25623259507561,-43.33623259507561,6.864663165504666e-05,1.0
F25,beta,0.4167626473675228,-0.875238410199181,-29.641388046735372,-45.25623259507561,-43.33623259507561,6.864663165504666e-05,1.0
F25,beta,0.5634861260920678,-0.5736125667600336,-29.641388046735372,-45.25623259507561,-43.33623259507561,6.864663165504666e-05,1.0
F25,beta,0.76186437605154,-0.27198672332088614,-29.644047986929458,-45.25623259507561,-43.33623259507561,6.864663165504666e-05,1.0
F25,beta,1.0300827307353533,0.029639120118262197,-31.024510147609185,-45.25623259507561,-43.33623259507561,6.864663165504666e-05,1.0
F25,beta,1.392728765792063,0.33126496355740964,-35.61308543530878,-45.25623259507561,-43.33623259507561,6.864663165504666e-05,1.0
F25,beta,1.8830462420042506,0.6328908069965571,-45.25623259507561,-45.25623259507561,-43.33623259507561,6.864663165504666e-05,1.0
F25,beta,2.0131055479377378,0.6996785784364566,-45.052149079110976,-45.25623259507561,-43.33623259507561,6.864663165504666e-05,1.0
F25,beta,2.152147863784936,0.7664663498763562,-44.67596792192375,-45.25623259507561,-43.33623259507561,6.864663165504666e-05,1.0
F25,beta,2.3007936331698566,0.8332541213162558,-44.336239014011454,-45.25623259507561,-43.33623259507561,6.864663165504666e-05,1.0
F25,beta,2.4597061528686597,0.9000418927561553,-44.189758524398314,-45.25623259507561,-43.33623259507561,6.864663165504666e-05,1.0
F25,beta,2.6295945326154717,0.9668296641960549,-44.39311899696909,-45.25623259507561,-43.33623259507561,6.864663165504666e-05,1.0
F25,beta,2.811216859337754,1.0336174356359544,-45.15625709985216,-45.25623259507561,-43.33623259507561,6.864663165504666e-05,1.0
F25,beta,3.0053835799408692,1.100405207075854,-44.4633704796593,-45.25623259507561,-43.33623259507561,6.864663165504666e-05,1.0
F25,beta,3.212961117736739,1.1671929785157535,-42.15977258512282,-45.25623259507561,-43.33623259507561,6.864663165504666e-05,1.0
F25,beta,3.434875738654039,1.233980749955653,-39.61826690256455,-45.25623259507561,-43.33623259507561,6.864663165504666e-05,1.0
F25,beta,3.672117684482001,1.3007685213955527,-37.32991195728931,-45.25623259507561,-43.33623259507561,6.864663165504666e-05,1.0
F25,beta,3.92574559159143,1.3675562928354523,-35.30386503994188,-45.25623259507561,-43.33623259507561,6.864663165504666e-05,1.0
F25,beta,4.196891214850465,1.4343440642753518,-33.41035978255918,-45.25623259507561,-43.33623259507561,6.864663165504666e-05,1.0
F25,beta,4.486764477814428,1.5011318357152512,-31.473789140860298,-45.25623259507561,-43.33623259507561,6.864663165504666e-05,1.0
F25,beta,4.796658871725044,1.5679196071551509,-29.34121363639639,-45.25623259507561,-43.33623259507561,6.864663165504666e-05,1.0
F25,beta,5.127957227410806,1.6347073785950503,-26.970657618665395,-45.25623259507561,-43.33623259507561,6.864663165504666e-05,1.0
F25,beta,5.482137885844235,1.70149515003495,-24.445680573363365,-45.25623259507561,-43.33623259507561,6.864663165504666e-05,1.0
F25,beta,5.860781294890675,1.7682829214748497,-21.72594097927435,-45.25623259507561,-43.33623259507561,6.864663165504666e-05,1.0
F25,beta,6.265577061685085,1.8350706929147491,-18.940423766878123,-45.25623259507561,-43.33623259507561,6.864663165504666e-05,1.0
F25,beta,6.698331492106395,1.9018584643546486,-16.345127936653107,-45.25623259507561,-43.33623259507561,6.864663165504666e-05,1.0
F25,beta,7.160975650992544,1.9686462357945482,-13.996238636266812,-45.25623259507561,-43.33623259507561,6.864663165504666e-05,1.0
F25,beta,7.65557397906302,2.035434007234448,-11.882401347823485,-45.25623259507561,-43.33623259507561,6.864663165504666e-05,1.0
F25,beta,8.184333504999902,2.1022217786743473,-9.976533267276867,-45.25623259507561,-43.33623259507561,6.864663165504666e-05,1.0
F25,beta,8.749613693794153,2.1690095501142466,-8.251300249215332,-45.25623259507561,-43.33623259507561,6.864663165504666e-05,1.0
F25,beta,9.353936975303052,2.2357973215541467,-6.6829257479270865,-45.25623259507561,-43.33623259507561,6.864663165504666e-05,1.0
F25,beta,10.000000000000002,2.302585092994046,-5.2515606719428165,-45.25623259507561,-43.33623259507561,6.864663165504666e-05,1.0
F37,lambda,2.3273915216907447e-05,-10.668177343109315,11.141523256539113,-21.631739734722256,-19.711739734722258,0.007737784130949513,1.0
F37,lambda,3.2051154830004376e-05,-10.348177343109315,11.11744803294874,-21.631739734722256,-19.711739734722258,0.007737784130949513,1.0
F37,lambda,4.4138535195429475e-05,-10.028177343109316,11.084221113277088,-21.631739734722256,-19.711739734722258,0.007737784130949513,1.0
F37,lambda,6.078440229474576e-05,-9.708177343109316,11.038326012662722,-21.631739734722256,-19.711739734722258,0.007737784130949513,1.0
F37,lambda,8.370788803866068e-05,-9.388177343109316,10.974861156577411,-21.631739734722256,-19.711739734722258,0.007737784130949513,1.0
F37,lambda,0.00011527645671196542,-9.068177343109316,10.886963872008693,-21.631739734722256,-19.711739734722258,0.007737784130949513,1.0
F37,lambda,0.00015875040911231971,-8.748177343109315,10.764967848455367,-21.631739734722256,-19.711739734722258,0.007737784130949513,1.0
F37,lambda,0.00021861959598826745,-8.428177343109315,10.595147819715645,-21.631739734722256,-19.711739734722258,0.007737784130949513,1.0
F37,lambda,0.00030106711546335304,-8.108177343109315,10.357807912379247,-21.631739734722256,-19.711739734722258,0.007737784130949513,1.0
F37,lambda,0.0004146078836331222,-7.788177343109316,10.024301227097364,-21.631739734722256,-19.711739734722258,0.007737784130949513,1.0
F37,lambda,0.0005709680278637443,-7.468177343109316,9.552293359459487,-21.631739734722256,-19.711739734722258,0.007737784130949513,1.0
F37,lambda,0.000786295923719309,-7.148177343109316,8.878274664768426,-21.631739734722256,-19.711739734722258,0.007737784130949513,1.0
F37,lambda,0.0010828299475380485,-6.828177343109315,7.906998100472517,-21.631739734722256,-19.711739734722258,0.007737784130949513,1.0
F37,lambda,0.0014911951848090947,-6.508177343109315,6.507167913962091,-21.631739734722256,-19.711739734722258,0.007737784130949513,1.0
F37,lambda,0.0020535662910446937,-6.188177343109315,4.6019325305868115,-21.631739734722256,-19.711739734722258,0.007737784130949513,1.0
F37,lambda,0.002828023155302058,-5.868177343109316,2.65929355050176,-21.631739734722256,-19.711739734722258,0.007737784130949513,1.0
F37,lambda,0.0038945492053514435,-5.548177343109316,0.9421356314570928,-21.631739734722256,-19.711739734722258,0.007737784130949513,1.0
F37,lambda,0.005363291840262014,-5.228177343109316,-0.4088152116264909,-21.631739734722256,-19.711739734722258,0.007737784130949513,1.0
F37,lambda,0.00738593810146131,-4.908177343109315,-1.9124216578307551,-21.631739734722256,-19.711739734722258,0.007737784130949513,1.0
F37,lambda,0.01017138042518918,-4.588177343109315,-3.741566575480597,-21.631739734722256,-19.711739734722258,0.007737784130949513,1.0
F37,lambda,0.014007290385151295,-4.268177343109315,-5.90060632394766,-21.631739734722256,-19.711739734722258,0.007737784130949513,1.0
F37,lambda,0.01928982849250793,-3.948177343109316,-8.495746756958734,-21.631739734722256,-19.711739734722258,0.007737784130949513,1.0
F37,lambda,0.0265645583863115,-3.6281773431093156,-11.654290663183236,-21.631739734722256,-19.711739734722258,0.007737784130949513,1.0
F37,lambda,0.03658279090111317,-3.3081773431093153,-15.468378993482714,-21.631739734722256,-19.711739734722258,0.007737784130949513,1.0
F37,lambda,0.05037917704681973,-2.988177343109316,-19.560959099476424,-21.631739734722256,-19.711739734722258,0.007737784130949513,1.0
F37,lambda,0.06937856345557225,-2.6681773431093156,-21.631739734722256,-21.631739734722256,-19.711739734722258,0.007737784130949513,1.0
F37,lambda,0.09554314598441252,-2.348177343109316,-20.746018487815054,-21.631739734722256,-19.711739734722258,0.007737784130949513,1.0
F37,lambda,0.13157511902713803,-2.0281773431093155,-19.997894782011237,-21.631739734722256,-19.711739734722258,0.007737784130949513,1.0
F37,lambda,0.18119574950808,-1.7081773431093157,-19.463114548375092,-21.631739734722256,-19.711739734722258,0.007737784130949513,1.0
F37,lambda,0.24952969742724035,-1.3881773431093156,-19.090557193629294,-21.631739734722256,-19.711739734722258,0.007737784130949513,1.0
F37,lambda,0.3436342743534033,-1.0681773431093156,-18.845658095087607,-21.631739734722256,-19.711739734722258,0.007737784130949513,1.0
F37,lambda,0.4732282999895112,-0.7481773431093157,-18.70282195265051,-21.631739734722256,-19.711739734722258,0.007737784130949513,1.0
F37,lambda,0.6516958307850613,-0.42817734310931543,-18.642036446822395,-21.631739734722256,-19.711739734722258,0.007737784130949513,1.0
F37,lambda,0.8974684224760956,-0.1081773431093156,-18.646912883392034,-21.631739734722256,-19.711739734722258,0.007737784130949513,1.0
F37,lambda,1.2359286822066236,0.21182265689068425,-18.70345289076214,-21.631739734722256,-19.711739734722258,0.007737784130949513,1.0
F37,lambda,1.7020317030058936,0.5318226568906845,-18.799257828083526,-21.631739734722256,-19.711739734722258,0.007737784130949513,1.0
F37,lambda,2.3439151139894276,0.8518226568906844,-18.92305498181175,-21.631739734722256,-19.711739734722258,0.007737784130949513,1.0
F37,lambda,3.2278705807215196,1.1718226568906842,-19.064484797897535,-21.631739734722256,-19.711739734722258,0.007737784130949513,1.0
F37,lambda,4.445190196394836,1.4918226568906845,-19.214116239829163,-21.631739734722256,-19.711739734722258,0.007737784130949513,1.0
F37,lambda,6.121594837209336,1.8118226568906848,-19.363642654362682,-21.631739734722256,-19.711739734722258,0.007737784130949513,1.0
F37,lambda,8.430218212336625,2.131822656890684,-19.50617771774652,-21.631739734722256,-19.711739734722258,0.007737784130949513,1.0
F37,lambda,11.609487559619406,2.4518226568906845,-19.636539693600213,-21.631739734722256,-19.711739734722258,0.007737784130949513,1.0
F37,lambda,15.987747648064785,2.7718226568906847,-19.75140884397841,-21.631739734722256,-19.711739734722258,0.007737784130949513,1.0
F37,lambda,22.0171711753469,3.091822656890684,-19.849281008112413,-21.631739734722256,-19.711739734722258,0.007737784130949513,1.0
F37,lambda,30.320457717707562,3.4118226568906844,-19.930210060359407,-21.631739734722256,-19.711739734722258,0.007737784130949513,1.0
F37,lambda,41.755144150429544,3.7318226568906847,-19.99540199710756,-21.631739734722256,-19.711739734722258,0.007737784130949513,1.0
F37,lambda,57.50216831340659,4.051822656890684,-20.046761236752975,-21.631739734722256,-19.711739734722258,0.007737784130949513,1.0
F37,lambda,79.18783249391156,4.371822656890684,-20.086483165386216,-21.631739734722256,-19.711739734722258,0.007737784130949513,1.0
F37,lambda,109.0517627249507,4.691822656890684,-20.116749651281964,-21.631739734722256,-19.711739734722258,0.007737784130949513,1.0
F37,lambda,150.17821019830666,5.0118226568906845,-20.13954092555413,-21.631739734722256,-19.711739734722258,0.007737784130949513,1.0
F37,lambda,206.81458286236955,5.331822656890685,-20.15654676199891,-21.631739734722256,-19.711739734722258,0.007737784130949513,1.0
F37,tau,9.999999999999997e-06,-11.512925464970229,-21.63173973472229,-21.631739734722256,-19.711739734722258,0.007737784130949513,1.0
F37,tau,1.0000000000004084e-05,-11.51292546496982,-21.63173973472226,-21.631739734722256,-19.711739734722258,0.007737784130949513,1.0
F37,tau,1.000000000000817e-05,-11.512925464969411,-21.63173973472235,-21.631739734722256,-19.711739734722258,0.007737784130949513,1.0
F37,tau,1.0000000000012256e-05,-11.512925464969003,-21.631739734722267,-21.631739734722256,-19.711739734722258,0.007737784130949513,1.0
F37,tau,1.000000000001634e-05,-11.512925464968594,-21.631739734722316,-21.631739734722256,-19.711739734722258,0.007737784130949513,1.0
F37,tau,1.0000000000020426e-05,-11.512925464968186,-21.631739734722245,-21.631739734722256,-19.711739734722258,0.007737784130949513,1.0
F37,tau,1.0000000000024512e-05,-11.512925464967777,-21.63173973472228,-21.631739734722256,-19.711739734722258,0.007737784130949513,1.0
F37,tau,1.0000000000028597e-05,-11.512925464967369,-21.63173973472229,-21.631739734722256,-19.711739734722258,0.007737784130949513,1.0
F37,tau,1.0000000000032683e-05,-11.51292546496696,-21.63173973472231,-21.631739734722256,-19.711739734722258,0.007737784130949513,1.0
F37,tau,1.0000000000036769e-05,-11.512925464966552,-21.631739734722334,-21.631739734722256,-19.711739734722258,0.007737784130949513,1.0
F37,tau,1.0000000000040855e-05,-11.512925464966143,-21.631739734722288,-21.631739734722256,-19.711739734722258,0.007737784130949513,1.0
F37,tau,1.000000000004494e-05,-11.512925464965734,-21.63173973472224,-21.631739734722256,-19.711739734722258,0.007737784130949513,1.0
F37,tau,1.0000000000049025e-05,-11.512925464965326,-21.631739734722313,-21.631739734722256,-19.711739734722258,0.007737784130949513,1.0
F37,tau,1.0000000000053093e-05,-11.512925464964919,-21.63173973472231,-21.631739734722256,-19.711739734722258,0.007737784130949513,1.0
F37,tau,1.0000000000057179e-05,-11.51292546496451,-21.6317397347223,-21.631739734722256,-19.711739734722258,0.007737784130949513,1.0
F37,tau,1.0000000000061265e-05,-11.512925464964102,-21.631739734722327,-21.631739734722256,-19.711739734722258,0.007737784130949513,1.0
F37,tau,1.000000000006535e-05,-11.512925464963693,-21.631739734722345,-21.631739734722256,-19.711739734722258,0.007737784130949513,1.0
F37,tau,1.0000000000069435e-05,-11.512925464963285,-21.631739734722224,-21.631739734722256,-19.711739734722258,0.007737784130949513,1.0
F37,tau,1.0000000000073522e-05,-11.512925464962876,-21.631739734722267,-21.631739734722256,-19.711739734722258,0.007737784130949513,1.0
F37,tau,1.0000000000077608e-05,-11.512925464962468,-21.631739734722267,-21.631739734722256,-19.711739734722258,0.007737784130949513,1.0
F37,tau,1.0000000000081692e-05,-11.51292546496206,-21.631739734722352,-21.631739734722256,-19.711739734722258,0.007737784130949513,1.0
F37,tau,1.0000000000085778e-05,-11.51292546496165,-21.63173973472231,-21.631739734722256,-19.711739734722258,0.007737784130949513,1.0
F37,tau,1.0000000000089864e-05,-11.512925464961242,-21.6317397347223,-21.631739734722256,-19.711739734722258,0.007737784130949513,1.0
F37,tau,1.000000000009395e-05,-11.512925464960833,-21.631739734722302,-21.631739734722256,-19.711739734722258,0.007737784130949513,1.0
F37,tau,1.0000000000098035e-05,-11.512925464960425,-21.631739734722338,-21.631739734722256,-19.711739734722258,0.007737784130949513,1.0
F37,tau,1.000000000010212e-05,-11.512925464960016,-21.631739734722256,-21.631739734722256,-19.711739734722258,0.007737784130949513,1.0
F37,tau,1.3771277643500209e-05,-11.192925464960016,-21.631724029205742,-21.631739734722256,-19.711739734722258,0.007737784130949513,1.0
F37,tau,1.8964808793243194e-05,-10.872925464960016,-21.631702936741803,-21.631739734722256,-19.711739734722258,0.007737784130949513,1.0
F37,tau,2.6116964734497907e-05,-10.552925464960015,-21.631674631634652,-21.631739734722256,-19.711739734722258,0.007737784130949513,1.0
F37,tau,3.5966397256060086e-05,-10.232925464960017,-21.631636716747042,-21.631739734722256,-19.711739734722258,0.007737784130949513,1.0
F37,tau,4.9530324244456936e-05,-9.912925464960017,-21.631585978078895,-21.631739734722256,-19.711739734722258,0.007737784130949513,1.0
F37,tau,6.820958469360405e-05,-9.592925464960016,-21.631518120881957,-21.631739734722256,-19.711739734722258,0.007737784130949513,1.0
F37,tau,9.39333128753871e-05,-9.272925464960016,-21.631427392528213,-21.631739734722256,-19.711739734722258,0.007737784130949513,1.0
F37,tau,0.00012935817315675184,-8.952925464960016,-21.631306277004363,-21.631739734722256,-19.711739734722258,0.007737784130949513,1.0
F37,tau,0.00017814273179794101,-8.632925464960017,-21.63114472303437,-21.631739734722256,-19.711739734722258,0.007737784130949513,1.0
F37,tau,0.0002453253019735986,-8.312925464960017,-21.630929431859144,-21.631739734722256,-19.711739734722258,0.007737784130949513,1.0
F37,tau,0.0003378442846419455,-7.992925464960017,-21.630642894087963,-21.631739734722256,-19.711739734722258,0.007737784130949513,1.0
F37,tau,0.0004652547444026432,-7.6729254649600165,-21.630261979634938,-21.631739734722256,-19.711739734722258,0.007737784130949513,1.0
F37,tau,0.0006407152260059094,-7.352925464960016,-21.629756233890003,-21.631739734722256,-19.711739734722258,0.007737784130949513,1.0
F37,tau,0.0008823467267655258,-7.032925464960016,-21.62908566273707,-21.631739734722256,-19.711739734722258,0.007737784130949513,1.0
F37,tau,0.0012151041751997573,-6.7129254649600165,-21.628197852455926,-21.631739734722256,-19.711739734722258,0.007737784130949513,1.0
F37,tau,0.0016733536962281294,-6.392925464960016,-21.627024286143982,-21.631739734722256,-19.711739734722258,0.007737784130949513,1.0
F37,tau,0.0023044218346299546,-6.072925464960016,-21.625475631432245,-21.631739734722256,-19.711739734722258,0.007737784130949513,1.0
F37,tau,0.003173483289210912,-5.7529254649600166,-21.623435765168523,-21.631739734722256,-19.711739734722258,0.007737784130949513,1.0
F37,tau,0.004370291947228544,-5.432925464960016,-21.620754240732687,-21.631739734722256,-19.711739734722258,0.007737784130949513,1.0
F37,tau,0.006018450378782283,-5.112925464960016,-21.617236855669333,-21.631739734722256,-19.711739734722258,0.007737784130949513,1.0
F37,tau,0.008288175114899335,-4.792925464960017,-21.612633933994637,-21.631739734722256,-19.711739734722258,0.007737784130949513,1.0
F37,tau,0.01141387606640624,-4.472925464960016,-21.60662594224249,-21.631739734722256,-19.711739734722258,0.007737784130949513,1.0
F37,tau,0.015718365629737715,-4.152925464960016,-21.598806057174823,-21.631739734722256,-19.711739734722258,0.007737784130949513,1.0
F37,tau,0.021646197718695838,-3.8329254649600166,-21.58865931677861,-21.631739734722256,-19.711739734722258,0.007737784130949513,1.0
F37,tau,0.0298095798707217,-3.5129254649600163,-21.57553814034046,-21.631739734722256,-19.711739734722258,0.007737784130949513,1.0
F37,beta,0.0010000000000000002,-6.907755278982137,-3.9563970679622615,-21.631739734722256,-19.711739734722258,0.007737784130949513,1.0
F37,beta,0.0013724648111654236,-6.591147023404398,-3.957190528478096,-21.631739734722256,-19.711739734722258,0.007737784130949513,1.0
F37,beta,0.0018836596578873399,-6.27453876782666,-3.9582797200824213,-21.631739734722256,-19.711739734722258,0.007737784130949513,1.0
F37,beta,0.0025852565966622736,-5.957930512248921,-3.959774964024567,-21.631739734722256,-19.711739734722258,0.007737784130949513,1.0
F37,beta,0.0035481737067522526,-5.641322256671182,-3.9618278234398687,-21.631739734722256,-19.711739734722258,0.007737784130949513,1.0
F37,beta,0.004869743556419846,-5.324714001093444,-3.9646465968528966,-21.631739734722256,-19.711739734722258,0.007737784130949513,1.0
F37,beta,0.006683551670585801,-5.008105745515705,-3.9685176975359115,-21.631739734722256,-19.711739734722258,0.007737784130949513,1.0
F37,beta,0.009172939481484892,-4.691497489937966,-3.9738352096257046,-21.631739734722256,-19.711739734722258,0.007737784130949513,1.0
F37,beta,0.012589536653288018,-4.374889234360227,-3.9811418473212843,-21.631739734722256,-19.711739734722258,0.007737784130949513,1.0
F37,beta,0.0172786960455151,-4.058280978782489,-3.991185891504129,-21.631739734722256,-19.711739734722258,0.007737784130949513,1.0
F37,beta,0.023714402305292627,-3.7416727232047498,-4.005000634629445,-21.631739734722256,-19.711739734722258,0.007737784130949513,1.0
F37,beta,0.03254718268183429,-3.4250644676270117,-4.024015710113085,-21.631739734722256,-19.711739734722258,0.007737784130949513,1.0
F37,beta,0.04466986293339024,-3.1084562120492727,-4.050213773720239,-21.631739734722256,-19.711739734722258,0.007737784130949513,1.0
F37,beta,0.06130781499566078,-2.7918479564715337,-4.086351633792139,-21.631739734722256,-19.711739734722258,0.007737784130949513,1.0
F37,beta,0.08414281873098428,-2.4752397008937947,-4.136271671141312,-21.631739734722256,-19.711739734722258,0.007737784130949513,1.0
F37,beta,0.11548305782054669,-2.1586314453160567,-4.205333760542212,-21.631739734722256,-19.711739734722258,0.007737784130949513,1.0
F37,beta,0.1584964331444823,-1.8420231897383175,-4.30098471981195,-21.631739734722256,-19.711739734722258,0.007737784130949513,1.0
F37,beta,0.21753077718603503,-1.5254149341605785,-4.433402351689465,-21.631739734722256,-19.711739734722258,0.007737784130949513,1.0
F37,beta,0.2985533370332991,-1.2088066785828404,-4.615849922974034,-21.631739734722256,-19.711739734722258,0.007737784130949513,1.0
F37,beta,0.40975394933421383,-0.8921984230051014,-4.8635535658414755,-21.631739734722256,-19.711739734722258,0.007737784130949513,1.0
F37,beta,0.5623728766972682,-0.5755901674273625,-5.188649639297251,-21.631739734722256,-19.711739734722258,0.007737784130949513,1.0
F37,beta,0.7718369840208714,-0.2589819118496244,-5.742190598600696,-21.631739734722256,-19.711739734722258,0.007737784130949513,1.0
F37,beta,1.0593191005246951,0.05762634372811459,-7.054854760815683,-21.631739734722256,-19.711739734722258,0.007737784130949513,1.0
F37,beta,1.4538781892655517,0.37423459930585357,-9.931557696827817,-21.631739734722256,-19.711739734722258,0.007737784130949513,1.0
F37,beta,1.9953966544878714,0.6908428548835917,-15.312664137592122,-21.631739734722256,-19.711739734722258,0.007737784130949513,1.0
F37,beta,2.738611692601814,1.0074511104613306,-21.631739734722256,-21.631739734722256,-19.711739734722258,0.007737784130949513,1.0
F37,beta,2.8842256828101402,1.0592564697626392,-21.31312228028049,-21.631739734722256,-19.711739734722258,0.007737784130949513,1.0
F37,beta,3.037582075565593,1.1110618290639478,-20.63436261714438,-21.631739734722256,-19.711739734722258,0.007737784130949513,1.0
F37,beta,3.199092540084269,1.1628671883652564,-20.04656661327028,-21.631739734722256,-19.711739734722258,0.007737784130949513,1.0
F37,beta,3.3691906343361047,1.2146725476665652,-19.55211158838198,-21.631739734722256,-19.711739734722258,0.007737784130949513,1.0
F37,beta,3.548332968885954,1.2664779069678738,-19.153340891744108,-21.631739734722256,-19.711739734722258,0.007737784130949513,1.0
F37,beta,3.737000432616952,1.3182832662691824,-18.85794048107456,-21.631739734722256,-19.711739734722258,0.007737784130949513,1.0
F37,beta,3.9356994836264874,1.370088625570491,-18.67981144524333,-21.631739734722256,-19.711739734722258,0.007737784130949513,1.0
F37,beta,4.1449635087600525,1.4218939848717995,-18.642793294186756,-21.631739734722256,-19.711739734722258,0.007737784130949513,1.0
F37,beta,4.365354255432518,1.473699344173108,-18.7897816649522,-21.631739734722256,-19.711739734722258,0.007737784130949513,1.0
F37,beta,4.5974633395803775,1.5255047034744167,-19.211275060032836,-21.631739734722256,-19.711739734722258,0.007737784130949513,1.0
F37,beta,4.841913833792933,1.5773100627757253,-19.914161820448687,-21.631739734722256,-19.711739734722258,0.007737784130949513,1.0
F37,beta,5.0993619398855685,1.6291154220770339,-20.156715239305832,-21.631739734722256,-19.711739734722258,0.007737784130949513,1.0
F37,beta,5.370498750404975,1.6809207813783424,-19.82924730400075,-21.631739734722256,-19.711739734722258,0.007737784130949513,1.0
F37,beta,5.656052103794899,1.7327261406796512,-19.071632309038712,-21.631739734722256,-19.711739734722258,0.007737784130949513,1.0
F37,beta,5.956788538202405,1.7845314999809598,-18.08926638810153,-21.631739734722256,-19.711739734722258,0.007737784130949513,1.0
F37,beta,6.2735153491694655,1.8363368592822684,-17.04326959397686,-21.631739734722256,-19.711739734722258,0.007737784130949513,1.0
F37,beta,6.6070827567335035,1.888142218583577,-16.02568613040034,-21.631739734722256,-19.711739734722258,0.007737784130949513,1.0
F37,beta,6.958386187754265,1.9399475778848856,-15.078546009156192,-21.631739734722256,-19.711739734722258,0.007737784130949513,1.0
F37,beta,7.328368679593692,1.9917529371861944,-14.216010681000746,-21.631739734722256,-19.711739734722258,0.007737784130949513,1.0
F37,beta,7.71802341160119,2.043558296487503,-13.438654638199147,-21.631739734722256,-19.711739734722258,0.007737784130949513,1.0
F37,beta,8.12839637119986,2.0953636557888116,-12.741113306374746,-21.631739734722256,-19.711739734722258,0.007737784130949513,1.0
F37,beta,8.560589161730455,2.14716901509012,-12.115861741093703,-21.631739734722256,-19.711739734722258,0.007737784130949513,1.0
F37,beta,9.015761959590472,2.1989743743914287,-11.544638975443043,-21.631739734722256,-19.711739734722258,0.007737784130949513,1.0
F37,beta,9.495136628606495,2.2507797336927373,-11.011401230930353,-21.631739734722256,-19.711739734722258,0.007737784130949513,1.0
F37,beta,10.000000000000002,2.302585092994046,-10.510326440383617,-21.631739734722256,-19.711739734722258,0.007737784130949513,1.0
F54,lambda,9.999999999999997e-06,-11.512925464970229,5.2292221916094315,-37.70090961440808,-35.78090961440808,0.000311075815330405,1.0
F54,lambda,1.2393511196641209e-05,-11.29833751291104,5.216038107698981,-37.70090961440808,-35.78090961440808,0.000311075815330405,1.0
F54,lambda,1.535991197812713e-05,-11.08374956085185,5.1996742675147765,-37.70090961440808,-35.78090961440808,0.000311075815330405,1.0
F54,lambda,1.9036324108034172e-05,-10.869161608792663,5.179356535578389,-37.70090961440808,-35.78090961440808,0.000311075815330405,1.0
F54,lambda,2.3592689597581292e-05,-10.654573656733472,5.154118374939237,-37.70090961440808,-35.78090961440808,0.000311075815330405,1.0
F54,lambda,2.923962626865044e-05,-10.439985704674283,5.122750880517488,-37.70090961440808,-35.78090961440808,0.000311075815330405,1.0
F54,lambda,3.623816355461237e-05,-10.225397752615095,5.083738658032152,-37.70090961440808,-35.78090961440808,0.000311075815330405,1.0
F54,lambda,4.491180857598047e-05,-10.010809800555904,5.035176894036627,-37.70090961440808,-35.78090961440808,0.000311075815330405,1.0
F54,lambda,5.5661500244781973e-05,-9.796221848496717,4.974663082454331,-37.70090961440808,-35.78090961440808,0.000311075815330405,1.0
F54,lambda,6.89841426505554e-05,-9.581633896437527,4.899154047197593,-37.70090961440808,-35.78090961440808,0.000311075815330405,1.0
F54,lambda,8.54955744330353e-05,-9.367045944378338,4.804774548072305,-37.70090961440808,-35.78090961440808,0.000311075815330405,1.0
F54,lambda,0.0001059590358999095,-9.15245799231915,4.686556873359539,-37.70090961440808,-35.78090961440808,0.000311075815330405,1.0
F54,lambda,0.0001313204497810839,-8.93787004025996,4.5380796103828605,-37.70090961440808,-35.78090961440808,0.000311075815330405,1.0
F54,lambda,0.0001627521464709823,-8.72328208820077,4.350954912872061,-37.70090961440808,-35.78090961440808,0.000311075815330405,1.0
F54,lambda,0.00020170705495655095,-8.508694136141582,4.114080606088065,-37.70090961440808,-35.78090961440808,0.000311075815330405,1.0
F54,lambda,0.00024998586440455383,-8.294106184082393,3.812513309582359,-37.70090961440808,-35.78090961440808,0.000311075815330405,1.0
F54,lambda,0.00030982026094998697,-8.079518232023204,3.42570330919345,-37.70090961440808,-35.78090961440808,0.000311075815330405,1.0
F54,lambda,0.0003839760873029968,-7.864930279964015,2.9245965961369516,-37.70090961440808,-35.78090961440808,0.000311075815330405,1.0
F54,lambda,0.0004758811937232179,-7.650342327904825,2.266593295771912,-37.70090961440808,-35.78090961440808,0.000311075815330405,1.0
F54,lambda,0.0005897838902679686,-7.435754375845637,1.3861105830122977,-37.70090961440808,-35.78090961440808,0.000311075815330405,1.0
F54,lambda,0.000730949324763468,-7.221166423786448,0.1751389974095613,-37.70090961440808,-35.78090961440808,0.000311075815330405,1.0
F54,lambda,0.0009059028640633382,-7.006578471727258,-1.5624898131059606,-37.70090961440808,-35.78090961440808,0.000311075815330405,1.0
F54,lambda,0.0011227317288838323,-6.79199051966807,-4.242202090702943,-37.70090961440808,-35.78090961440808,0.000311075815330405,1.0
F54,lambda,0.001391458825274612,-6.577402567608881,-9.027316689427012,-37.70090961440808,-35.78090961440808,0.000311075815330405,1.0
F54,lambda,0.0017245060530706147,-6.362814615549691,-22.86588322925322,-37.70090961440808,-35.78090961440808,0.000311075815330405,1.0
F54,lambda,0.0021372685077406207,-6.148226663490503,-37.70090961440808,-37.70090961440808,-35.78090961440808,0.000311075815330405,1.0
F54,lambda,0.0029432918018504886,-5.8282266634905024,-31.778873459562476,-37.70090961440808,-35.78090961440808,0.000311075815330405,1.0
F54,lambda,0.004053288858870712,-5.508226663490503,-28.07595732605683,-37.70090961440808,-35.78090961440808,0.000311075815330405,1.0
F54,lambda,0.005581896624424468,-5.188226663490503,-26.14949649955228,-37.70090961440808,-35.78090961440808,0.000311075815330405,1.0
F54,lambda,0.007686984819148095,-4.8682266634905025,-25.02992987908865,-37.70090961440808,-35.78090961440808,0.000311075815330405,1.0
F54,lambda,0.01058596021847785,-4.548226663490503,-24.34084250728281,-37.70090961440808,-35.78090961440808,0.000311075815330405,1.0
F54,lambda,0.014578219729021787,-4.228226663490503,-23.904081838372782,-37.70090961440808,-35.78090961440808,0.000311075815330405,1.0
F54,lambda,0.020076071143426123,-3.9082266634905025,-23.622809784211146,-37.70090961440808,-35.78090961440808,0.000311075815330405,1.0
F54,lambda,0.027647314970396034,-3.5882266634905027,-23.43980681028142,-37.70090961440808,-35.78090961440808,0.000311075815330405,1.0
F54,lambda,0.03807388505507352,-3.268226663490503,-23.319689538949966,-37.70090961440808,-35.78090961440808,0.000311075815330405,1.0
F54,lambda,0.052432604205477615,-2.9482266634905026,-23.24010499381654,-37.70090961440808,-35.78090961440808,0.000311075815330405,1.0
F54,lambda,0.07220639500780149,-2.6282266634905027,-23.186814873267032,-37.70090961440808,-35.78090961440808,0.000311075815330405,1.0
F54,lambda,0.09943743132785265,-2.308226663490503,-23.15072044027753,-37.70090961440808,-35.78090961440808,0.000311075815330405,1.0
F54,lambda,0.13693804749583602,-1.9882266634905026,-23.125987752727326,-37.70090961440808,-35.78090961440808,0.000311075815330405,1.0
F54,lambda,0.18858118720047182,-1.6682266634905023,-23.108853239676762,-37.70090961440808,-35.78090961440808,0.000311075815330405,1.0
F54,lambda,0.25970038872520623,-1.348226663490503,-23.09686568715859,-37.70090961440808,-35.78090961440808,0.000311075815330405,1.0
F54,lambda,0.3576406157223223,-1.0282266634905026,-22.469339897269172,-37.70090961440808,-35.78090961440808,0.000311075815330405,1.0
F54,lambda,0.49251682156541704,-0.7082266634905023,-18.96881253253577,-37.70090961440808,-35.78090961440808,0.000311075815330405,1.0
F54,lambda,0.6782585893802339,-0.38822666349050294,-15.89647701086288,-37.70090961440808,-35.78090961440808,0.000311075815330405,1.0
F54,lambda,0.9340487348348616,-0.06822666349050266,-13.64557184931952,-37.70090961440808,-35.78090961440808,0.000311075815330405,1.0
F54,lambda,1.2863044459839625,0.2517733365094976,-11.950065067026935,-37.70090961440808,-35.78090961440808,0.000311075815330405,1.0
F54,lambda,1.771405565953295,0.571773336509497,-10.616000186615167,-37.70090961440808,-35.78090961440808,0.000311075815330405,1.0
F54,lambda,2.4394517867735326,0.8917733365094973,-9.527698319932234,-37.70090961440808,-35.78090961440808,0.000311075815330405,1.0
F54,lambda,3.359436785324792,1.2117733365094976,-8.615348786877053,-37.70090961440808,-35.78090961440808,0.000311075815330405,1.0
F54,lambda,4.626373669602303,1.531773336509497,-7.834642374874276,-37.70090961440808,-35.78090961440808,0.000311075815330405,1.0
F54,lambda,6.371107628602158,1.8517733365094973,-7.156229005124883,-37.70090961440808,-35.78090961440808,0.000311075815330405,1.0
F54,tau,0.0018491078620987518,-6.293051992908795,-33.08798777900239,-37.70090961440808,-35.78090961440808,0.000311075815330405,1.0
F54,tau,0.002546457776148096,-5.973051992908795,-33.09133315298457,-37.70090961440808,-35.78090961440808,0.000311075815330405,1.0
F54,tau,0.003506797704242738,-5.653051992908796,-33.09577030993549,-37.70090961440808,-35.78090961440808,0.000311075815330405,1.0
F54,tau,0.004829308482422271,-5.333051992908795,-33.10164696530103,-37.70090961440808,-35.78090961440808,0.000311075815330405,1.0
F54,tau,0.006650574793686857,-5.013051992908795,-33.109417842975056,-37.70090961440808,-35.78090961440808,0.000311075815330405,1.0
F54,tau,0.009158691197179044,-4.693051992908796,-33.119675981054016,-37.70090961440808,-35.78090961440808,0.000311075815330405,1.0
F54,tau,0.012612687932614592,-4.373051992908795,-33.13319245838055,-37.70090961440808,-35.78090961440808,0.000311075815330405,1.0
F54,tau,0.01736928273490864,-4.053051992908795,-33.150966464473,-37.70090961440808,-35.78090961440808,0.000311075815330405,1.0
F54,tau,0.02391972150084388,-3.733051992908795,-33.17428796911511,-37.70090961440808,-35.78090961440808,0.000311075815330405,1.0
F54,tau,0.032940512593995844,-3.4130519929087955,-33.20481537783513,-37.70090961440808,-35.78090961440808,0.000311075815330405,1.0
F54,tau,0.04536329446464994,-3.093051992908795,-33.24467063268989,-37.70090961440808,-35.78090961440808,0.000311075815330405,1.0
F54,tau,0.06247105228901704,-2.773051992908796,-33.29655420006637,-37.70090961440808,-35.78090961440808,0.000311075815330405,1.0
F54,tau,0.08603062057448874,-2.4530519929087955,-33.36388126688644,-37.70090961440808,-35.78090961440808,0.000311075815330405,1.0
F54,tau,0.1184751561761807,-2.133051992908795,-33.450938662320155,-37.70090961440808,-35.78090961440808,0.000311075815330405,1.0
F54,tau,0.16315542695425717,-1.8130519929087947,-33.56305771758886,-37.70090961440808,-35.78090961440808,0.000311075815330405,1.0
F54,tau,0.22468586836079457,-1.4930519929087953,-33.7067892691981,-37.70090961440808,-35.78090961440808,0.000311075815330405,1.0
F54,tau,0.3094211475735843,-1.173051992908795,-33.890048831843615,-37.70090961440808,-35.78090961440808,0.000311075815330405,1.0
F54,tau,0.4261124531962765,-0.8530519929087947,-34.12216187231268,-37.70090961440808,-35.78090961440808,0.000311075815330405,1.0
F54,tau,0.586811290025898,-0.5330519929087953,-34.41365904536902,-37.70090961440808,-35.78090961440808,0.000311075815330405,1.0
F54,tau,0.8081141199204641,-0.21305199290879506,-34.77550225729991,-37.70090961440808,-35.78090961440808,0.000311075815330405,1.0
F54,tau,1.1128763912943886,0.10694800709120522,-35.2170658918877,-37.70090961440808,-35.78090961440808,0.000311075815330405,1.0
F54,tau,1.532572976725508,0.4269480070912046,-35.74147442381987,-37.70090961440808,-35.78090961440808,0.000311075815330405,1.0
F54,tau,2.1105487971197023,0.7469480070912049,-36.33561091464866,-37.70090961440808,-35.78090961440808,0.000311075815330405,1.0
F54,tau,2.9064953464994003,1.0669480070912052,-36.95074109282635,-37.70090961440808,-35.78090961440808,0.000311075815330405,1.0
F54,tau,4.002615438577579,1.3869480070912046,-37.472563531261436,-37.70090961440808,-35.78090961440808,0.000311075815330405,1.0
F54,tau,5.51211285042493,1.7069480070912049,-37.70090961440808,-37.70090961440808,-35.78090961440808,0.000311075815330405,1.0
F54,tau,7.441583793693045,2.007083701686604,-37.441444769393286,-37.70090961440808,-35.78090961440808,0.000311075815330405,1.0
F54,tau,10.04645058278985,2.307219396282003,-36.631201000838814,-37.70090961440808,-35.78090961440808,0.000311075815330405,1.0
F54,tau,13.563130122646825,2.6073550908774026,-35.36677622940427,-37.70090961440808,-35.78090961440808,0.000311075815330405,1.0
F54,tau,18.310795161724194,2.9074907854728016,-33.85331981071782,-37.70090961440808,-35.78090961440808,0.000311075815330405,1.0
F54,tau,24.7203423120438,3.2076264800682006,-32.279153122167244,-37.70090961440808,-35.78090961440808,0.000311075815330405,1.0
F54,tau,33.37350009255855,3.5077621746635996,-30.765620681288198,-37.70090961440808,-35.78090961440808,0.000311075815330405,1.0
F54,tau,45.055626429791204,3.8078978692589995,-29.37707948935109,-37.70090961440808,-35.78090961440808,0.000311075815330405,1.0
F54,tau,60.826987500587,4.1080335638543986,-28.143144735047283,-37.70090961440808,-35.78090961440808,0.000311075815330405,1.0
F54,tau,82.11898716272522,4.408169258449798,-27.074459153509636,-37.70090961440808,-35.78090961440808,0.000311075815330405,1.0
F54,tau,110.8640807267786,4.708304953045197,-26.171026706399157,-37.70090961440808,-35.78090961440808,0.000311075815330405,1.0
F54,tau,149.6711640030144,5.008440647640596,-25.425997739043325,-37.70090961440808,-35.78090961440808,0.000311075815330405,1.0
F54,tau,202.06235587904254,5.308576342235995,-24.827355445662516,-37.70090961440808,-35.78090961440808,0.000311075815330405,1.0
F54,tau,272.7926647417973,5.6087120368313945,-24.359024825751355,-37.70090961440808,-35.78090961440808,0.000311075815330405,1.0
F54,tau,368.281551569541,5.9088477314267935,-24.002165678988487,-37.70090961440808,-35.78090961440808,0.000311075815330405,1.0
F54,tau,497.19555822677904,6.2089834260221926,-23.736809685813938,-37.70090961440808,-35.78090961440808,0.000311075815330405,1.0
F54,tau,671.2348801261094,6.509119120617592,-23.54358946337048,-37.70090961440808,-35.78090961440808,0.000311075815330405,1.0
F54,tau,906.1952723487653,6.809254815212991,-23.40516547965933,-37.70090961440808,-35.78090961440808,0.000311075815330405,1.0
F54,tau,1223.4016674952447,7.10939050980839,-23.307072946466395,-37.70090961440808,-35.78090961440808,0.000311075815330405,1.0
F54,tau,1651.6436199791945,7.4095262044037895,-23.237947175510225,-37.70090961440808,-35.78090961440808,0.000311075815330405,1.0
F54,tau,2229.788237090643,7.7096618989991885,-23.189279312878973,-37.70090961440808,-35.78090961440808,0.000311075815330405,1.0
F54,tau,3010.3077456445662,8.009797593594588,-23.154924997865415,-37.70090961440808,-35.78090961440808,0.000311075815330405,1.0
F54,tau,4064.0418550738327,8.309933288189987,-23.130555284903977,-37.70090961440808,-35.78090961440808,0.000311075815330405,1.0
F54,tau,5486.627147569414,8.610068982785386,-23.1131636313333,-37.70090961440808,-35.78090961440808,0.000311075815330405,1.0
F54,tau,7407.177024730419,8.910204677380785,-23.1006739321611,-37.70090961440808,-35.78090961440808,0.000311075815330405,1.0
F54,tau,10000.00000000001,9.210340371976184,-23.09165152392673,-37.70090961440808,-35.78090961440808,0.000311075815330405,1.0
F54,beta,0.0010000000000000002,-6.907755278982137,-33.82267931026178,-37.70090961440808,-35.78090961440808,0.000311075815330405,1.0
F54,beta,0.0012342579552603562,-6.697285335425489,-33.830001283488514,-37.70090961440808,-35.78090961440808,0.000311075815330405,1.0
F54,beta,0.0015233927001234752,-6.486815391868841,-33.839036722793765,-37.70090961440808,-35.78090961440808,0.000311075815330405,1.0
F54,beta,0.0018802595591129532,-6.276345448312194,-33.850186067264104,-37.70090961440808,-35.78090961440808,0.000311075815330405,1.0
F54,beta,0.002320725318789494,-6.065875504755545,-33.863943036724024,-37.70090961440808,-35.78090961440808,0.000311075815330405,1.0
F54,beta,0.002864373686690059,-5.855405561198897,-33.88091618130718,-37.70090961440808,-35.78090961440808,0.000311075815330405,1.0
F54,beta,0.0035353760096356393,-5.64493561764225,-33.9018553061349,-37.70090961440808,-35.78090961440808,0.000311075815330405,1.0
F54,beta,0.004363565964729401,-5.434465674085602,-33.9276837896323,-37.70090961440808,-35.78090961440808,0.000311075815330405,1.0
F54,beta,0.005385766005270593,-5.223995730528954,-33.95953799124835,-37.70090961440808,-35.78090961440808,0.000311075815330405,1.0
F54,beta,0.006647424537176023,-5.0135257869723056,-33.99881508235734,-37.70090961440808,-35.78090961440808,0.000311075815330405,1.0
F54,beta,0.008204636617002397,-4.803055843415658,-34.04723070082118,-37.70090961440808,-35.78090961440808,0.000311075815330405,1.0
F54,beta,0.010126638014555623,-4.59258589985901,-34.106887733601205,-37.70090961440808,-35.78090961440808,0.000311075815330405,1.0
F54,beta,0.012498883529507215,-4.382115956302362,-34.18035702301537,-37.70090961440808,-35.78090961440808,0.000311075815330405,1.0
F54,beta,0.015426846428166914,-4.171646012745715,-34.270769488372785,-37.70090961440808,-35.78090961440808,0.000311075815330405,1.0
F54,beta,0.01904070792854482,-3.961176069189067,-34.381916169913936,-37.70090961440808,-35.78090961440808,0.000311075815330405,1.0
F54,beta,0.02350114523459539,-3.750706125632419,-34.51834633462556,-37.70090961440808,-35.78090961440808,0.000311075815330405,1.0
F54,beta,0.029006475463528365,-3.540236182075771,-34.6854404953558,-37.70090961440808,-35.78090961440808,0.000311075815330405,1.0
F54,beta,0.03580147309492421,-3.3297662385191233,-34.88940772465967,-37.70090961440808,-35.78090961440808,0.000311075815330405,1.0
F54,beta,0.04418825297744982,-3.119296294962475,-35.137099889903354,-37.70090961440808,-35.78090961440808,0.000311075815330405,1.0
F54,beta,0.05453970276647455,-2.9088263514058275,-35.43541829543101,-37.70090961440808,-35.78090961440808,0.000311075815330405,1.0
F54,beta,0.06731606201705646,-2.6983564078491797,-35.789848855013645,-37.70090961440808,-35.78090961440808,0.000311075815330405,1.0
F54,beta,0.08308538506135142,-2.487886464292532,-36.201190503695926,-37.70090961440808,-35.78090961440808,0.000311075815330405,1.0
F54,beta,0.10254879747784293,-2.2774165207358843,-36.65870947166496,-37.70090961440808,-35.78090961440808,0.000311075815330405,1.0
F54,beta,0.12657166908941087,-2.0669465771792357,-37.126942635546214,-37.70090961440808,-35.78090961440808,0.000311075815330405,1.0
F54,beta,0.15622208948418667,-1.856476633622588,-37.524192677436616,-37.70090961440808,-35.78090961440808,0.000311075815330405,1.0
F54,beta,0.1928183567332526,-1.6460066900659402,-37.70090961440808,-37.70090961440808,-35.78090961440808,0.000311075815330405,1.0
F54,beta,0.2258096212094725,-1.4880630187435409,-37.566696601938204,-37.70090961440808,-35.78090961440808,0.000311075815330405,1.0
F54,beta,0.2644456985042439,-1.3301193474211415,-37.11939154946815,-37.70090961440808,-35.78090961440808,0.000311075815330405,1.0
F54,beta,0.30969241736836983,-1.1721756760987418,-36.33569184217487,-37.70090961440808,-35.78090961440808,0.000311075815330405,1.0
F54,beta,0.3626808600705048,-1.0142320047763425,-35.258565567243735,-37.70090961440808,-35.78090961440808,0.000311075815330405,1.0
F54,beta,0.4247356373114595,-0.8562883334539431,-33.97566477529087,-37.70090961440808,-35.78090961440808,0.000311075815330405,1.0
F54,beta,0.4974080009827429,-0.6983446621315436,-32.58239299303209,-37.70090961440808,-35.78090961440808,0.000311075815330405,1.0
F54,beta,0.5825146225255844,-0.540400990809144,-31.157478310233735,-37.70090961440808,-35.78090961440808,0.000311075815330405,1.0
F54,beta,0.6821830062759617,-0.38245731948674466,-29.756967319395283,-37.70090961440808,-35.78090961440808,0.000311075815330405,1.0
F54,beta,0.7989046730432408,-0.22451364816434527,-28.41845601461265,-37.70090961440808,-35.78090961440808,0.000311075815330405,1.0
F54,beta,0.9355974434111575,-0.06656997684194588,-27.167891594803898,-37.70090961440808,-35.78090961440808,0.000311075815330405,1.0
F54,beta,1.0956783777256942,0.09137369448045374,-26.025733706179803,-37.70090961440808,-35.78090961440808,0.000311075815330405,1.0
F54,beta,1.2831491961313886,0.24931736580285313,-25.012134989527326,-37.70090961440808,-35.78090961440808,0.000311075815330405,1.0
F54,beta,1.5026963139951885,0.40726103712525275,-24.152048429970666,-37.70090961440808,-35.78090961440808,0.000311075815330405,1.0
F54,beta,1.759807993413969,0.5652047084476521,-23.481904626116222,-37.70090961440808,-35.78090961440808,0.000311075815330405,1.0
F54,beta,2.060911539371498,0.7231483797700515,-23.05908375844172,-37.70090961440808,-35.78090961440808,0.000311075815330405,1.0
F54,beta,2.4135339701889107,0.8810920510924509,-21.85159849103918,-37.70090961440808,-35.78090961440808,0.000311075815330405,1.0
F54,beta,2.826490178725624,1.0390357224148503,-19.621647757374355,-37.70090961440808,-35.78090961440808,0.000311075815330405,1.0
F54,beta,3.31010328800431,1.1969793937372497,-17.253384467764747,-37.70090961440808,-35.78090961440808,0.000311075815330405,1.0
F54,beta,3.8764627097331767,1.354923065059649,-15.090478491911842,-37.70090961440808,-35.78090961440808,0.000311075815330405,1.0
F54,beta,4.5397263566998145,1.5128667363820485,-13.190045021891985,-37.70090961440808,-35.78090961440808,0.000311075815330405,1.0
F54,beta,5.31647456377403,1.6708104077044483,-11.525416172325807,-37.70090961440808,-35.78090961440808,0.000311075815330405,1.0
F54,beta,6.226124564874349,1.8287540790268477,-10.055746890274653,-37.70090961440808,-35.78090961440808,0.000311075815330405,1.0
F54,beta,7.291415887037325,1.9866977503492471,-8.745883281033802,-37.70090961440808,-35.78090961440808,0.000311075815330405,1.0
F54,beta,8.538978795521937,2.1446414216716465,-7.5694249564239735,-37.70090961440808,-35.78090961440808,0.000311075815330405,1.0
F54,beta,10.000000000000002,2.302585092994046,-6.5074495865706865,-37.70090961440808,-35.78090961440808,0.000311075815330405,1.0
