hidden_size,n_hidden_layers,activation,dropout,standardize_cont,lr,mean_rmse,std_rmse
9,2,relu,0.0,True,0.01,0.0795773353016287,0.023333178761932447
9,2,relu,0.0,True,0.02,0.08221312769824451,0.03095554290887453
9,2,relu,0.0,True,0.03,0.07828709653552854,0.03038574898077741
9,2,relu,0.1,True,0.01,0.07582489737959801,0.0188695322714307
9,2,relu,0.1,True,0.02,0.07882162448525727,0.023045917110479246
9,2,relu,0.1,True,0.03,0.06950759292588808,0.02474373155015293
9,2,tanh,0.0,True,0.01,0.08779100255394029,0.026890887529562663
9,2,tanh,0.0,True,0.02,0.08513880672409607,0.027302585356639538
9,2,tanh,0.0,True,0.03,0.08268867046329251,0.03284856672305555
9,2,tanh,0.1,True,0.01,0.09056323693400957,0.026869693304005158
9,2,tanh,0.1,True,0.02,0.08505166204162995,0.024128799007510904
9,2,tanh,0.1,True,0.03,0.09038215237205804,0.02347764143915404
9,2,swish,0.0,True,0.01,0.07085423390005807,0.02498313113538984
9,2,swish,0.0,True,0.02,0.06534632819236641,0.027858019057119682
9,2,swish,0.0,True,0.03,0.06280875565877088,0.019408919354458844
9,2,swish,0.1,True,0.01,0.07862853036592019,0.021347238590509462
9,2,swish,0.1,True,0.02,0.06804709037417997,0.016833199835725995
9,2,swish,0.1,True,0.03,0.06451053415436085,0.021034862466835468
9,2,leakyrelu,0.0,True,0.01,0.08798792040252586,0.027922819089264674
9,2,leakyrelu,0.0,True,0.02,0.08292359892632853,0.02631237283902212
9,2,leakyrelu,0.0,True,0.03,0.07298914030291206,0.027006695817966005
9,2,leakyrelu,0.1,True,0.01,0.08015167235971353,0.029100640500932067
9,2,leakyrelu,0.1,True,0.02,0.07924598139934766,0.02394047051334868
9,2,leakyrelu,0.1,True,0.03,0.0696098149402042,0.021307049092902024
9,2,gelu,0.0,True,0.01,0.07488972353199005,0.02623033948124737
9,2,gelu,0.0,True,0.02,0.07523673371943616,0.02564567920995684
9,2,gelu,0.0,True,0.03,0.05759730479590421,0.02435833578451396
9,2,gelu,0.1,True,0.01,0.07623737283864263,0.01949057985266569
9,2,gelu,0.1,True,0.02,0.08035795259781417,0.0317589102161714
9,2,gelu,0.1,True,0.03,0.0699683076665493,0.025307276579758186
9,3,relu,0.0,True,0.01,0.07999530716303242,0.030307149505902468
9,3,relu,0.0,True,0.02,0.08190908737015193,0.02471858048239068
9,3,relu,0.0,True,0.03,0.08226737525037851,0.025793055571088137
9,3,relu,0.1,True,0.01,0.0917837011342554,0.025368710027383844
9,3,relu,0.1,True,0.02,0.07922646363639238,0.0265558036943356
9,3,relu,0.1,True,0.03,0.07857744479706996,0.02701041124756026
9,3,tanh,0.0,True,0.01,0.08846570868964411,0.034695353450746765
9,3,tanh,0.0,True,0.02,0.08435016757014899,0.030438959045528333
9,3,tanh,0.0,True,0.03,0.069606614921929,0.02206373809108327
9,3,tanh,0.1,True,0.01,0.07882583653585422,0.01813047162758804
9,3,tanh,0.1,True,0.02,0.07678778394856359,0.019745952478589054
9,3,tanh,0.1,True,0.03,0.07414088278056415,0.019370151629683058
9,3,swish,0.0,True,0.01,0.06817629125559059,0.03166338046647203
9,3,swish,0.0,True,0.02,0.06500061031654396,0.021309543377107745
9,3,swish,0.0,True,0.03,0.06454431802403486,0.02299344801946246
9,3,swish,0.1,True,0.01,0.0761142902546427,0.027073086528677442
9,3,swish,0.1,True,0.02,0.06862984619913061,0.02020584154582165
9,3,swish,0.1,True,0.03,0.0649028516035087,0.021551163225507663
9,3,leakyrelu,0.0,True,0.01,0.08261530083929881,0.02250005573490954
9,3,leakyrelu,0.0,True,0.02,0.07752487564135478,0.017508449669744467
9,3,leakyrelu,0.0,True,0.03,0.0690540165856699,0.02350374843127043
9,3,leakyrelu,0.1,True,0.01,0.06832032342723851,0.009594237815194641
9,3,leakyrelu,0.1,True,0.02,0.06289542297507003,0.013946249120386995
9,3,leakyrelu,0.1,True,0.03,0.06624259097821288,0.021649478708876017
9,3,gelu,0.0,True,0.01,0.06928006332402803,0.0178946036674746
9,3,gelu,0.0,True,0.02,0.07903558021654469,0.035339173176478014
9,3,gelu,0.0,True,0.03,0.0551945653379289,0.011737094754546332
9,3,gelu,0.1,True,0.01,0.0742068244095576,0.014736521698772738
9,3,gelu,0.1,True,0.02,0.07385800884849743,0.031985033629027236
9,3,gelu,0.1,True,0.03,0.0696970863839541,0.020490366934563617
9,4,relu,0.0,True,0.01,0.07474805989190365,0.02007643401497657
9,4,relu,0.0,True,0.02,0.07945460163685017,0.02537789422999473
9,4,relu,0.0,True,0.03,0.08716363585893754,0.03410575098497076
9,4,relu,0.1,True,0.01,0.0801992384967681,0.02436681724612424
9,4,relu,0.1,True,0.02,0.07136001937084363,0.02007079513325483
9,4,relu,0.1,True,0.03,0.07698405012329793,0.014459344231259302
9,4,tanh,0.0,True,0.01,0.08620540479217947,0.02171257059239701
9,4,tanh,0.0,True,0.02,0.07470325220541049,0.023137227965114058
9,4,tanh,0.0,True,0.03,0.06314127774027209,0.012675883707155763
9,4,tanh,0.1,True,0.01,0.08810560954472453,0.029464904572378225
9,4,tanh,0.1,True,0.02,0.07064318095964607,0.01511534733323326
9,4,tanh,0.1,True,0.03,0.0731431577673888,0.01894647013254856
9,4,swish,0.0,True,0.01,0.06674349924523201,0.0193865230275812
9,4,swish,0.0,True,0.02,0.06897397224621013,0.02469673095512097
9,4,swish,0.0,True,0.03,0.07510784142992223,0.03151363468120299
9,4,swish,0.1,True,0.01,0.07202397914054451,0.016239190999790643
9,4,swish,0.1,True,0.02,0.06805836683833892,0.01986956001644016
9,4,swish,0.1,True,0.03,0.06047689189400431,0.01543123411931122
9,4,leakyrelu,0.0,True,0.01,0.08948390907913244,0.02914975967793763
9,4,leakyrelu,0.0,True,0.02,0.07354211341576347,0.025016577730746854
9,4,leakyrelu,0.0,True,0.03,0.07280519553707313,0.00951529232529156
9,4,leakyrelu,0.1,True,0.01,0.08048026674549111,0.017495871379090002
9,4,leakyrelu,0.1,True,0.02,0.0788108765778959,0.020810074864549947
9,4,leakyrelu,0.1,True,0.03,0.059408133760681985,0.011756176308150035
9,4,gelu,0.0,True,0.01,0.07055481635823932,0.018941311014427486
9,4,gelu,0.0,True,0.02,0.06812640716130766,0.025141957783628453
9,4,gelu,0.0,True,0.03,0.07404957541987581,0.02761674008682473
9,4,gelu,0.1,True,0.01,0.07974209727502254,0.033814141459168716
9,4,gelu,0.1,True,0.02,0.06875550208714959,0.01023687387378157
9,4,gelu,0.1,True,0.03,0.06542106694446635,0.017414163380549644
9,5,relu,0.0,True,0.01,0.08247919574896936,0.031314991988339716
9,5,relu,0.0,True,0.02,0.07147346522341899,0.030479485680937418
9,5,relu,0.0,True,0.03,0.07849985963463747,0.030958043726377543
9,5,relu,0.1,True,0.01,0.0899213092600063,0.028185270871985708
9,5,relu,0.1,True,0.02,0.06992871170037439,0.014340796514588932
9,5,relu,0.1,True,0.03,0.09232164533549717,0.02557201864272856
9,5,tanh,0.0,True,0.01,0.08218485219014512,0.023990787936919708
9,5,tanh,0.0,True,0.02,0.07597874987597278,0.02469756777329849
9,5,tanh,0.0,True,0.03,0.06449284531659923,0.01616606199832091
9,5,tanh,0.1,True,0.01,0.0844314104920551,0.02672517471634293
9,5,tanh,0.1,True,0.02,0.07214614079164358,0.017660007260374668
9,5,tanh,0.1,True,0.03,0.07165673115986446,0.017666712321153688
9,5,swish,0.0,True,0.01,0.061063523870294074,0.018996597684094133
9,5,swish,0.0,True,0.02,0.07418908750532363,0.029745231571876987
9,5,swish,0.0,True,0.03,0.06835252786794385,0.02674458949142921
9,5,swish,0.1,True,0.01,0.06635665701536604,0.010104385359419678
9,5,swish,0.1,True,0.02,0.07310308711938222,0.023325121613232167
9,5,swish,0.1,True,0.03,0.06953829313636503,0.015022800243825291
9,5,leakyrelu,0.0,True,0.01,0.08202399812369206,0.014738396572829519
9,5,leakyrelu,0.0,True,0.02,0.08084524661648357,0.025869334474786457
9,5,leakyrelu,0.0,True,0.03,0.07660102081591089,0.0227470271804209
9,5,leakyrelu,0.1,True,0.01,0.08787449013360209,0.03344371948289053
9,5,leakyrelu,0.1,True,0.02,0.07699189534128584,0.016043245433304237
9,5,leakyrelu,0.1,True,0.03,0.07430208411087033,0.02368433627218411
9,5,gelu,0.0,True,0.01,0.07076102624645925,0.015579082187370525
9,5,gelu,0.0,True,0.02,0.07344506198854801,0.037209154774015735
9,5,gelu,0.0,True,0.03,0.0788026650132457,0.029640395225286036
9,5,gelu,0.1,True,0.01,0.06919033250670956,0.008131857150825478
9,5,gelu,0.1,True,0.02,0.07322292454525117,0.02429453321155061
9,5,gelu,0.1,True,0.03,0.06805554619001845,0.012851434875667705
10,2,relu,0.0,True,0.01,0.08218316499387912,0.02704807125140474
10,2,relu,0.0,True,0.02,0.082180795035046,0.031580917223798056
10,2,relu,0.0,True,0.03,0.08480866443685102,0.031358433407986185
10,2,relu,0.1,True,0.01,0.09130877592568992,0.03163775198507873
10,2,relu,0.1,True,0.02,0.06530981791427372,0.01478453131034452
10,2,relu,0.1,True,0.03,0.06823713793345661,0.02061292478854819
10,2,tanh,0.0,True,0.01,0.08174504101643007,0.02916271083239292
10,2,tanh,0.0,True,0.02,0.07690489587292397,0.030274266157106818
10,2,tanh,0.0,True,0.03,0.0808747747955545,0.03074601934616188
10,2,tanh,0.1,True,0.01,0.0925466516220575,0.028983618979815506
10,2,tanh,0.1,True,0.02,0.08165102962044972,0.0220871971697052
10,2,tanh,0.1,True,0.03,0.08109000332941031,0.02231561989857636
10,2,swish,0.0,True,0.01,0.06958041632443167,0.017655397498532732
10,2,swish,0.0,True,0.02,0.07604414592358959,0.01940844126106684
10,2,swish,0.0,True,0.03,0.07287813507631198,0.0282967325310365
10,2,swish,0.1,True,0.01,0.06945123002906142,0.01661406294277961
10,2,swish,0.1,True,0.02,0.07431750460585318,0.02297033895446033
10,2,swish,0.1,True,0.03,0.06883355902442126,0.023225162432050025
10,2,leakyrelu,0.0,True,0.01,0.08356425331379709,0.02677448283379141
10,2,leakyrelu,0.0,True,0.02,0.07192491412683226,0.013486266191233522
10,2,leakyrelu,0.0,True,0.03,0.065371754932816,0.016595968230507064
10,2,leakyrelu,0.1,True,0.01,0.08573314153006448,0.02484981973504828
10,2,leakyrelu,0.1,True,0.02,0.06862451639837279,0.014819873521670147
10,2,leakyrelu,0.1,True,0.03,0.07523157993558892,0.02277532317405805
10,2,gelu,0.0,True,0.01,0.07159847661804103,0.01655399314211167
10,2,gelu,0.0,True,0.02,0.05592419680607573,0.013708506812864913
10,2,gelu,0.0,True,0.03,0.06868842449776941,0.02024000092949969
10,2,gelu,0.1,True,0.01,0.07593446974854798,0.0213888313918621
10,2,gelu,0.1,True,0.02,0.06997741693687118,0.02139396809331776
10,2,gelu,0.1,True,0.03,0.07018462074598113,0.026095486274963543
10,3,relu,0.0,True,0.01,0.08060197608598241,0.021523041078257286
10,3,relu,0.0,True,0.02,0.08340853711675969,0.02488740942569256
10,3,relu,0.0,True,0.03,0.07805633116027025,0.0326786555361185
10,3,relu,0.1,True,0.01,0.07272360440426139,0.02101240216434053
10,3,relu,0.1,True,0.02,0.0720428749422271,0.01830619231670908
10,3,relu,0.1,True,0.03,0.07614131575148865,0.023570696453807674
10,3,tanh,0.0,True,0.01,0.0800007197485513,0.03306645901944842
10,3,tanh,0.0,True,0.02,0.07317369459885134,0.02019835251859245
10,3,tanh,0.0,True,0.03,0.06791612888670065,0.019955380453850414
10,3,tanh,0.1,True,0.01,0.08129926687881618,0.02510480714375864
10,3,tanh,0.1,True,0.02,0.07511399023382524,0.01419796440909501
10,3,tanh,0.1,True,0.03,0.07717876630337088,0.023116301218087158
10,3,swish,0.0,True,0.01,0.06849540520356197,0.01504354295570512
10,3,swish,0.0,True,0.02,0.06956057853569478,0.02582428374758288
10,3,swish,0.0,True,0.03,0.06281346094977143,0.027559154586849075
10,3,swish,0.1,True,0.01,0.07744079962299302,0.0286243125622314
10,3,swish,0.1,True,0.02,0.0652484655729805,0.025601779373319204
10,3,swish,0.1,True,0.03,0.0714046610129617,0.029605309230841224
10,3,leakyrelu,0.0,True,0.01,0.0728498550830877,0.012750266339494744
10,3,leakyrelu,0.0,True,0.02,0.08239320111406148,0.032927401273771965
10,3,leakyrelu,0.0,True,0.03,0.07425426657916373,0.024704704833383183
10,3,leakyrelu,0.1,True,0.01,0.07145903729826811,0.025018401317404432
10,3,leakyrelu,0.1,True,0.02,0.07663331581394787,0.030736119472090824
10,3,leakyrelu,0.1,True,0.03,0.060503097639049076,0.016704729320358002
10,3,gelu,0.0,True,0.01,0.08296637829281125,0.035606651497511826
10,3,gelu,0.0,True,0.02,0.07127414091544122,0.03156943077188066
10,3,gelu,0.0,True,0.03,0.06277750816868323,0.022427823808496512
10,3,gelu,0.1,True,0.01,0.07670869371146333,0.01902156862531858
10,3,gelu,0.1,True,0.02,0.07640885414328377,0.030593369946690707
10,3,gelu,0.1,True,0.03,0.0699587639174479,0.019790913898303883
10,4,relu,0.0,True,0.01,0.08556441886497737,0.02207247496576317
10,4,relu,0.0,True,0.02,0.06957648420073619,0.022796226801013317
10,4,relu,0.0,True,0.03,0.08642885901017608,0.03341309364407104
10,4,relu,0.1,True,0.01,0.08457369575584936,0.020468124725804226
10,4,relu,0.1,True,0.02,0.07338200869369076,0.017574085860195068
10,4,relu,0.1,True,0.03,0.07373333412108676,0.018607520732929508
10,4,tanh,0.0,True,0.01,0.08895435255739699,0.03253876741214681
10,4,tanh,0.0,True,0.02,0.07496477798468335,0.025143512990399262
10,4,tanh,0.0,True,0.03,0.06634521350288528,0.014421635412663069
10,4,tanh,0.1,True,0.01,0.07451760759053261,0.0188507529803048
10,4,tanh,0.1,True,0.02,0.07035862259734463,0.017828082603511396
10,4,tanh,0.1,True,0.03,0.07039883164923177,0.008582350238555334
10,4,swish,0.0,True,0.01,0.07329262931756221,0.016997774072136786
10,4,swish,0.0,True,0.02,0.06497278848753674,0.02603816166299906
10,4,swish,0.0,True,0.03,0.05755055932877842,0.013236633135245552
10,4,swish,0.1,True,0.01,0.07172840693268535,0.013662398185314976
10,4,swish,0.1,True,0.02,0.06675350079958288,0.023209661451025047
10,4,swish,0.1,True,0.03,0.06542480615946912,0.014102275565222476
10,4,leakyrelu,0.0,True,0.01,0.07866558423647822,0.027795064810303003
10,4,leakyrelu,0.0,True,0.02,0.07740645697361034,0.03111667010369132
10,4,leakyrelu,0.0,True,0.03,0.07570001012873337,0.0305259337477496
10,4,leakyrelu,0.1,True,0.01,0.08925505310372214,0.033220403831265795
10,4,leakyrelu,0.1,True,0.02,0.0773478612732892,0.021819145396652296
10,4,leakyrelu,0.1,True,0.03,0.07520499421963095,0.024422478857905345
10,4,gelu,0.0,True,0.01,0.07614710779604411,0.026523022511741608
10,4,gelu,0.0,True,0.02,0.07694150451073099,0.03348750221544925
10,4,gelu,0.0,True,0.03,0.06852322994453766,0.02738266492613916
10,4,gelu,0.1,True,0.01,0.0867618021666949,0.03492635043420756
10,4,gelu,0.1,True,0.02,0.06437288384899358,0.015367059172891284
10,4,gelu,0.1,True,0.03,0.06155690665079262,0.016701415249560175
10,5,relu,0.0,True,0.01,0.07897303774757235,0.0416245852975529
10,5,relu,0.0,True,0.02,0.0758174363776027,0.024366513907636417
10,5,relu,0.0,True,0.03,0.06695817198383182,0.017955235753146663
10,5,relu,0.1,True,0.01,0.08359268007237709,0.024891476481918032
10,5,relu,0.1,True,0.02,0.0782390046525841,0.02759338624609789
10,5,relu,0.1,True,0.03,0.06799018109728351,0.014826773599361482
10,5,tanh,0.0,True,0.01,0.06769643943199333,0.020107920732242882
10,5,tanh,0.0,True,0.02,0.06279867526921769,0.016971619313175642
10,5,tanh,0.0,True,0.03,0.07547723888974785,0.02652595556433749
10,5,tanh,0.1,True,0.01,0.07793866219430746,0.017810556554076214
10,5,tanh,0.1,True,0.02,0.07696600632220317,0.01889362697812821
10,5,tanh,0.1,True,0.03,0.07165917880379766,0.011483976829371752
10,5,swish,0.0,True,0.01,0.06852333961896595,0.022006133771566988
10,5,swish,0.0,True,0.02,0.06966666237345863,0.0324509807740299
10,5,swish,0.0,True,0.03,0.058525943635201874,0.02348937672327691
10,5,swish,0.1,True,0.01,0.08810145057368926,0.020692490943980558
10,5,swish,0.1,True,0.02,0.07111301762998225,0.023598437324136416
10,5,swish,0.1,True,0.03,0.06216801355824756,0.018870094725550502
10,5,leakyrelu,0.0,True,0.01,0.08428786778918364,0.02783949215544497
10,5,leakyrelu,0.0,True,0.02,0.0719371510549436,0.030747462833601205
10,5,leakyrelu,0.0,True,0.03,0.07573353025101191,0.026758612932947755
10,5,leakyrelu,0.1,True,0.01,0.0876915752413509,0.03279961156276688
10,5,leakyrelu,0.1,True,0.02,0.07392907327491248,0.024291003367382803
10,5,leakyrelu,0.1,True,0.03,0.07562276814783572,0.01182326806058224
10,5,gelu,0.0,True,0.01,0.08098029846105906,0.033451513919886953
10,5,gelu,0.0,True,0.02,0.06496538302230252,0.014131358942367363
10,5,gelu,0.0,True,0.03,0.06422199537441993,0.02592786383503253
10,5,gelu,0.1,True,0.01,0.0776627068172039,0.02656003154110409
10,5,gelu,0.1,True,0.02,0.07926217233355277,0.025494805415549555
10,5,gelu,0.1,True,0.03,0.07339980930260677,0.027934142421372283
11,2,relu,0.0,True,0.01,0.08059717431548781,0.029972202392076125
11,2,relu,0.0,True,0.02,0.0722656737882148,0.02432281609170384
11,2,relu,0.0,True,0.03,0.07891665928816094,0.030037552857604587
11,2,relu,0.1,True,0.01,0.07934312159106939,0.02158707670560699
11,2,relu,0.1,True,0.02,0.0675332970259713,0.017472460118573032
11,2,relu,0.1,True,0.03,0.06910089387479022,0.02596057237682484
11,2,tanh,0.0,True,0.01,0.08983171679755439,0.02889535189571417
11,2,tanh,0.0,True,0.02,0.08269620100671296,0.030325757889337883
11,2,tanh,0.0,True,0.03,0.07725707862708772,0.030586564669207717
11,2,tanh,0.1,True,0.01,0.08532429329114682,0.01959348871921736
11,2,tanh,0.1,True,0.02,0.07951917348483423,0.02861348093682465
11,2,tanh,0.1,True,0.03,0.0800673583664672,0.033273909425751085
11,2,swish,0.0,True,0.01,0.07207806744054655,0.029097559778409793
11,2,swish,0.0,True,0.02,0.06593388170266115,0.018879175925799487
11,2,swish,0.0,True,0.03,0.06190072474029625,0.02308173700464996
11,2,swish,0.1,True,0.01,0.07451334373481644,0.02396266793284064
11,2,swish,0.1,True,0.02,0.06382949837596744,0.013342896019099278
11,2,swish,0.1,True,0.03,0.06674860122427721,0.02384221163803634
11,2,leakyrelu,0.0,True,0.01,0.08792648719190901,0.02569092861404976
11,2,leakyrelu,0.0,True,0.02,0.06960562483278615,0.028879319208160725
11,2,leakyrelu,0.0,True,0.03,0.0700952069588551,0.017690054684520663
11,2,leakyrelu,0.1,True,0.01,0.06768139961501096,0.020876760822602067
11,2,leakyrelu,0.1,True,0.02,0.07216709182054308,0.025791737117549646
11,2,leakyrelu,0.1,True,0.03,0.059128776445181816,0.016363494049081887
11,2,gelu,0.0,True,0.01,0.06316283115513255,0.02179250931010608
11,2,gelu,0.0,True,0.02,0.06437527220804687,0.016712940967657124
11,2,gelu,0.0,True,0.03,0.07390100673385025,0.016603010928904597
11,2,gelu,0.1,True,0.01,0.07443962845579351,0.022238898252005045
11,2,gelu,0.1,True,0.02,0.06457766458967264,0.019051359611213303
11,2,gelu,0.1,True,0.03,0.06506788698943948,0.01633019999674845
11,3,relu,0.0,True,0.01,0.08277668911999231,0.021470701804994392
11,3,relu,0.0,True,0.02,0.07585316557122243,0.02998026480814629
11,3,relu,0.0,True,0.03,0.07670399554219544,0.02797119090995325
11,3,relu,0.1,True,0.01,0.08825354490294754,0.03114893340899745
11,3,relu,0.1,True,0.02,0.06435811817185158,0.01775100632358756
11,3,relu,0.1,True,0.03,0.0687327276918765,0.02268867968402081
11,3,tanh,0.0,True,0.01,0.08485105276572638,0.027320243731545138
11,3,tanh,0.0,True,0.02,0.08187078693597534,0.03072988351985438
11,3,tanh,0.0,True,0.03,0.07513491228316957,0.02718170712592133
11,3,tanh,0.1,True,0.01,0.08155494620412049,0.0192189134989302
11,3,tanh,0.1,True,0.02,0.07342079842597482,0.019314203174722773
11,3,tanh,0.1,True,0.03,0.06449494671562225,0.016798786656623238
11,3,swish,0.0,True,0.01,0.06891947288228872,0.013801091925513858
11,3,swish,0.0,True,0.02,0.0575871698920319,0.01711323805684659
11,3,swish,0.0,True,0.03,0.05937864467477025,0.028594066382892663
11,3,swish,0.1,True,0.01,0.07188009017242619,0.02077091112929704
11,3,swish,0.1,True,0.02,0.062060599533319875,0.025204311209374164
11,3,swish,0.1,True,0.03,0.07094207245855974,0.02357608610200896
11,3,leakyrelu,0.0,True,0.01,0.09040146928340748,0.024653654943585686
11,3,leakyrelu,0.0,True,0.02,0.07372538475386993,0.024747706475428004
11,3,leakyrelu,0.0,True,0.03,0.07080304165782735,0.025377408343938042
11,3,leakyrelu,0.1,True,0.01,0.08113389636661493,0.02382674285810131
11,3,leakyrelu,0.1,True,0.02,0.0796468890367423,0.019629691808685082
11,3,leakyrelu,0.1,True,0.03,0.07684723932681793,0.02893165044280968
11,3,gelu,0.0,True,0.01,0.07543047551701318,0.02444104651704025
11,3,gelu,0.0,True,0.02,0.06743326603466514,0.02285189045569239
11,3,gelu,0.0,True,0.03,0.0643889018567608,0.01609660608839613
11,3,gelu,0.1,True,0.01,0.08046607400768857,0.0191900596151115
11,3,gelu,0.1,True,0.02,0.06939075137937692,0.02301682129512058
11,3,gelu,0.1,True,0.03,0.07371460601126402,0.012549991351595595
11,4,relu,0.0,True,0.01,0.08504868165583603,0.03311584662537578
11,4,relu,0.0,True,0.02,0.07857369867960942,0.030071372901226325
11,4,relu,0.0,True,0.03,0.06349687013258548,0.02223817167539196
11,4,relu,0.1,True,0.01,0.07769167030569835,0.023148816741573926
11,4,relu,0.1,True,0.02,0.08436568599310926,0.027946021266354096
11,4,relu,0.1,True,0.03,0.07590634699232675,0.020507146620969446
11,4,tanh,0.0,True,0.01,0.060853805633026586,0.016323105051757568
11,4,tanh,0.0,True,0.02,0.08216932142958992,0.030214135000506844
11,4,tanh,0.0,True,0.03,0.07648857221377095,0.03033477722146606
11,4,tanh,0.1,True,0.01,0.0743740658658098,0.018121063034839804
11,4,tanh,0.1,True,0.02,0.06870918384213838,0.008532004773343916
11,4,tanh,0.1,True,0.03,0.0690488599849897,0.016980989595964096
11,4,swish,0.0,True,0.01,0.06103013279200864,0.017898401900134864
11,4,swish,0.0,True,0.02,0.06502524220314876,0.0207721884964952
11,4,swish,0.0,True,0.03,0.06730285884789236,0.02199163727160841
11,4,swish,0.1,True,0.01,0.07096889209041288,0.02267592890229348
11,4,swish,0.1,True,0.02,0.06338719918437043,0.02590638712888828
11,4,swish,0.1,True,0.03,0.07464786417335753,0.027116718026473897
11,4,leakyrelu,0.0,True,0.01,0.0787792115772149,0.030354368994177018
11,4,leakyrelu,0.0,True,0.02,0.07366479203086065,0.0327522238706139
11,4,leakyrelu,0.0,True,0.03,0.08157797277133816,0.03508129939095503
11,4,leakyrelu,0.1,True,0.01,0.08927782190759134,0.015674640149965592
11,4,leakyrelu,0.1,True,0.02,0.07832558177937295,0.026303180833595032
11,4,leakyrelu,0.1,True,0.03,0.07010344415275525,0.024436004063093403
11,4,gelu,0.0,True,0.01,0.07918263601235767,0.030088304366826336
11,4,gelu,0.0,True,0.02,0.07566172507237309,0.03307890904097036
11,4,gelu,0.0,True,0.03,0.07188189083954648,0.032505421548330686
11,4,gelu,0.1,True,0.01,0.07438889218101462,0.014329352715163737
11,4,gelu,0.1,True,0.02,0.07062349246769531,0.012603479058542384
11,4,gelu,0.1,True,0.03,0.06442301803264919,0.024958530558835908
11,5,relu,0.0,True,0.01,0.09613443446562968,0.02600342327566124
11,5,relu,0.0,True,0.02,0.08811710798045372,0.028691222852059817
11,5,relu,0.0,True,0.03,0.08289455815034731,0.036349534383540036
11,5,relu,0.1,True,0.01,0.09554418100255292,0.025280295878132925
11,5,relu,0.1,True,0.02,0.08837014180091936,0.03792852037614253
11,5,relu,0.1,True,0.03,0.07659423847983513,0.0316857200866427
11,5,tanh,0.0,True,0.01,0.07244672263275506,0.013525081935424262
11,5,tanh,0.0,True,0.02,0.0657272414784994,0.012785194697261795
11,5,tanh,0.0,True,0.03,0.07043606470542771,0.01704071568179296
11,5,tanh,0.1,True,0.01,0.07287469233432275,0.016336941817800488
11,5,tanh,0.1,True,0.02,0.06824363955838747,0.018099350266820274
11,5,tanh,0.1,True,0.03,0.0733989335470503,0.018370046129184445
11,5,swish,0.0,True,0.01,0.06549882446017698,0.03298651928211745
11,5,swish,0.0,True,0.02,0.07126892536517493,0.03254604598515524
11,5,swish,0.0,True,0.03,0.05950176240912421,0.020824511620786544
11,5,swish,0.1,True,0.01,0.06827624797798575,0.02622131074095505
11,5,swish,0.1,True,0.02,0.06991472039519751,0.02179255521113906
11,5,swish,0.1,True,0.03,0.07137299451413184,0.02391462078107529
11,5,leakyrelu,0.0,True,0.01,0.08295216642246903,0.03015457862410505
11,5,leakyrelu,0.0,True,0.02,0.08087656263744156,0.03084206394925262
11,5,leakyrelu,0.0,True,0.03,0.06767788145166527,0.017962651562048876
11,5,leakyrelu,0.1,True,0.01,0.08427781115938357,0.025206029176001427
11,5,leakyrelu,0.1,True,0.02,0.08010193460452793,0.02209230261560549
11,5,leakyrelu,0.1,True,0.03,0.0661106861105559,0.017013979147203075
11,5,gelu,0.0,True,0.01,0.06883156944746205,0.021007547739311787
11,5,gelu,0.0,True,0.02,0.06303142219685011,0.02101717854654869
11,5,gelu,0.0,True,0.03,0.06254424853859099,0.012491257188653569
11,5,gelu,0.1,True,0.01,0.07971659272012366,0.019664338757281456
11,5,gelu,0.1,True,0.02,0.07587876155064557,0.026686537778865045
11,5,gelu,0.1,True,0.03,0.06689756047915854,0.013047512672194136
12,2,relu,0.0,True,0.01,0.07458348551547266,0.028244462993477482
12,2,relu,0.0,True,0.02,0.07696627373725615,0.02613936720763985
12,2,relu,0.0,True,0.03,0.0764323039882044,0.022039939751950042
12,2,relu,0.1,True,0.01,0.06967134491231229,0.017641009432861867
12,2,relu,0.1,True,0.02,0.07908324037999177,0.026582343200119925
12,2,relu,0.1,True,0.03,0.07196605762534937,0.021817025153376718
12,2,tanh,0.0,True,0.01,0.08997299996789923,0.022588227028033512
12,2,tanh,0.0,True,0.02,0.08257425337710292,0.030133242680367205
12,2,tanh,0.0,True,0.03,0.08191143893470784,0.03158830022695869
12,2,tanh,0.1,True,0.01,0.08681338199005015,0.029256414896177998
12,2,tanh,0.1,True,0.02,0.08703969826945332,0.02388943485629839
12,2,tanh,0.1,True,0.03,0.07672136521146207,0.023725860437603555
12,2,swish,0.0,True,0.01,0.06844976074753065,0.02031601833879201
12,2,swish,0.0,True,0.02,0.06870788352355575,0.018164740711843763
12,2,swish,0.0,True,0.03,0.063367137211584,0.0253569740495454
12,2,swish,0.1,True,0.01,0.07819400634062218,0.02457467418416811
12,2,swish,0.1,True,0.02,0.06330791340415079,0.015325812515863657
12,2,swish,0.1,True,0.03,0.0649417438097768,0.013130229095424537
12,2,leakyrelu,0.0,True,0.01,0.08338752102364816,0.02666908566582974
12,2,leakyrelu,0.0,True,0.02,0.07537026045607463,0.028177323946752694
12,2,leakyrelu,0.0,True,0.03,0.08177394294002563,0.02468308845158008
12,2,leakyrelu,0.1,True,0.01,0.08386209081142057,0.025669611032403228
12,2,leakyrelu,0.1,True,0.02,0.07267546120163873,0.027050984384125086
12,2,leakyrelu,0.1,True,0.03,0.06541043963325574,0.019081996813495025
12,2,gelu,0.0,True,0.01,0.08340109187774222,0.021538355731396255
12,2,gelu,0.0,True,0.02,0.06738736152551952,0.015955168517676994
12,2,gelu,0.0,True,0.03,0.06755011234663673,0.02174326872419701
12,2,gelu,0.1,True,0.01,0.08150240637182295,0.026701274089026263
12,2,gelu,0.1,True,0.02,0.08001510805463928,0.02692813042315147
12,2,gelu,0.1,True,0.03,0.06297869243639799,0.01468218473467366
12,3,relu,0.0,True,0.01,0.07524768602101885,0.019340541655818826
12,3,relu,0.0,True,0.02,0.07027028857818836,0.018319923970706743
12,3,relu,0.0,True,0.03,0.07344562263259605,0.016530981596406282
12,3,relu,0.1,True,0.01,0.08434183477522897,0.02748511517381749
12,3,relu,0.1,True,0.02,0.07105401061802832,0.011423386023393527
12,3,relu,0.1,True,0.03,0.060833531655193736,0.011694850287141366
12,3,tanh,0.0,True,0.01,0.08863224112145042,0.02548964095146159
12,3,tanh,0.0,True,0.02,0.07822454708301428,0.02973482757413017
12,3,tanh,0.0,True,0.03,0.06788433629922927,0.02295296462445943
12,3,tanh,0.1,True,0.01,0.07577456031943003,0.015431980379942681
12,3,tanh,0.1,True,0.02,0.07830178809282802,0.029941548857875925
12,3,tanh,0.1,True,0.03,0.07373256697566283,0.020609027374445924
12,3,swish,0.0,True,0.01,0.07783325556604773,0.028528710235513125
12,3,swish,0.0,True,0.02,0.06767268665425134,0.02296375141281234
12,3,swish,0.0,True,0.03,0.06241956853114376,0.02349084661025569
12,3,swish,0.1,True,0.01,0.06798786473859546,0.017135849241997982
12,3,swish,0.1,True,0.02,0.06740354690727471,0.02559461554598181
12,3,swish,0.1,True,0.03,0.06458934701615855,0.023079060765434943
12,3,leakyrelu,0.0,True,0.01,0.07686645149716598,0.023768597395564323
12,3,leakyrelu,0.0,True,0.02,0.07198609390768328,0.02186903770504548
12,3,leakyrelu,0.0,True,0.03,0.07681995143583456,0.021206346394217482
12,3,leakyrelu,0.1,True,0.01,0.06613425508108625,0.021873651824320658
12,3,leakyrelu,0.1,True,0.02,0.07659212381674887,0.023558205466460855
12,3,leakyrelu,0.1,True,0.03,0.06253039524395405,0.017956700281858258
12,3,gelu,0.0,True,0.01,0.07347343547664664,0.02083437548344514
12,3,gelu,0.0,True,0.02,0.07712989754763183,0.02561385277105273
12,3,gelu,0.0,True,0.03,0.07107734903208833,0.03163910982885418
12,3,gelu,0.1,True,0.01,0.07584662814666147,0.02670308308357921
12,3,gelu,0.1,True,0.02,0.06629950107401608,0.021045289494011167
12,3,gelu,0.1,True,0.03,0.06951471941816106,0.025084342123936003
12,4,relu,0.0,True,0.01,0.07983505709663757,0.026597577593134424
12,4,relu,0.0,True,0.02,0.07034963565023375,0.02668396618769069
12,4,relu,0.0,True,0.03,0.08238036047270231,0.031762626383016836
12,4,relu,0.1,True,0.01,0.07582216841028368,0.0348320394691608
12,4,relu,0.1,True,0.02,0.07395478273093135,0.02431432783930049
12,4,relu,0.1,True,0.03,0.06661951851951395,0.01963838777238061
12,4,tanh,0.0,True,0.01,0.06923574570480404,0.02140570790692738
12,4,tanh,0.0,True,0.02,0.06617166024036128,0.01653049990659378
12,4,tanh,0.0,True,0.03,0.07498627012603927,0.02986981716188789
12,4,tanh,0.1,True,0.01,0.07064016890009248,0.015413242898578898
12,4,tanh,0.1,True,0.02,0.08519624922094804,0.026373280342329226
12,4,tanh,0.1,True,0.03,0.06693396413736387,0.015066708885176682
12,4,swish,0.0,True,0.01,0.06709528120150347,0.03273835924154933
12,4,swish,0.0,True,0.02,0.06339280611114978,0.020870923930414703
12,4,swish,0.0,True,0.03,0.059885441738235276,0.02098930685402016
12,4,swish,0.1,True,0.01,0.07194039500833346,0.029144041961103824
12,4,swish,0.1,True,0.02,0.07387018079464501,0.02991313877737578
12,4,swish,0.1,True,0.03,0.06673261500030417,0.02588235929341451
12,4,leakyrelu,0.0,True,0.01,0.0766678604594572,0.024492439196615427
12,4,leakyrelu,0.0,True,0.02,0.0887833191733138,0.0298116415298373
12,4,leakyrelu,0.0,True,0.03,0.07587893449929176,0.02741193053346301
12,4,leakyrelu,0.1,True,0.01,0.08072904498615073,0.03595404171979849
12,4,leakyrelu,0.1,True,0.02,0.06928544024105535,0.015299849106439396
12,4,leakyrelu,0.1,True,0.03,0.07831955609754097,0.023207357542417525
12,4,gelu,0.0,True,0.01,0.0712840751999512,0.021775168850013668
12,4,gelu,0.0,True,0.02,0.06397706216716674,0.02435102401493681
12,4,gelu,0.0,True,0.03,0.06075516646537369,0.01712945296827109
12,4,gelu,0.1,True,0.01,0.07692935716525624,0.02299853368792534
12,4,gelu,0.1,True,0.02,0.06912811310094871,0.013710399148768815
12,4,gelu,0.1,True,0.03,0.06050733573053727,0.02068064817076231
12,5,relu,0.0,True,0.01,0.07611762575409288,0.0310027147363323
12,5,relu,0.0,True,0.02,0.09322797722854928,0.039175147430348535
12,5,relu,0.0,True,0.03,0.0845420374317387,0.03550019324939708
12,5,relu,0.1,True,0.01,0.097950287598531,0.029129787207963605
12,5,relu,0.1,True,0.02,0.07338766831993931,0.018367080288133702
12,5,relu,0.1,True,0.03,0.08351479333329925,0.03063225066079902
12,5,tanh,0.0,True,0.01,0.07313014454311914,0.019423422242948744
12,5,tanh,0.0,True,0.02,0.06812003385563067,0.02331005932560169
12,5,tanh,0.0,True,0.03,0.07285334626827349,0.026520675485779188
12,5,tanh,0.1,True,0.01,0.07392371953216867,0.0206921905336279
12,5,tanh,0.1,True,0.02,0.07650248801768803,0.020097480660867185
12,5,tanh,0.1,True,0.03,0.08111103023619942,0.019831840419657697
12,5,swish,0.0,True,0.01,0.06509858519306715,0.013932359529812257
12,5,swish,0.0,True,0.02,0.0605921425706472,0.019323178336367874
12,5,swish,0.0,True,0.03,0.07073479655243828,0.0365030867442082
12,5,swish,0.1,True,0.01,0.07539659500431672,0.02846426247311233
12,5,swish,0.1,True,0.02,0.06809581661141692,0.03018100068981284
12,5,swish,0.1,True,0.03,0.059027740437123014,0.01735451317657727
12,5,leakyrelu,0.0,True,0.01,0.07805589106733342,0.0338969180650618
12,5,leakyrelu,0.0,True,0.02,0.08016598275902406,0.03511546297641223
12,5,leakyrelu,0.0,True,0.03,0.06128209653792895,0.012185159459217
12,5,leakyrelu,0.1,True,0.01,0.07860424062618046,0.01935554223157036
12,5,leakyrelu,0.1,True,0.02,0.07030767184162554,0.013098147519081059
12,5,leakyrelu,0.1,True,0.03,0.08137677492070135,0.020639281040908158
12,5,gelu,0.0,True,0.01,0.07119667702391694,0.02272841059548264
12,5,gelu,0.0,True,0.02,0.06967464062249909,0.02802859544179025
12,5,gelu,0.0,True,0.03,0.06995971435920326,0.021495967322517646
12,5,gelu,0.1,True,0.01,0.07612680697923715,0.01822888614380028
12,5,gelu,0.1,True,0.02,0.06546472684293543,0.015333758816140138
12,5,gelu,0.1,True,0.03,0.06543614513379528,0.02110160501369813
13,2,relu,0.0,True,0.01,0.0775719164174566,0.021682074896855603
13,2,relu,0.0,True,0.02,0.06806536831635343,0.020738675782106697
13,2,relu,0.0,True,0.03,0.07890821669864707,0.026695701256778427
13,2,relu,0.1,True,0.01,0.07046239284225495,0.020703882959698463
13,2,relu,0.1,True,0.02,0.06553175807565985,0.019648771011114386
13,2,relu,0.1,True,0.03,0.06480456479728622,0.013325633076946465
13,2,tanh,0.0,True,0.01,0.09613682384168754,0.02483359104413612
13,2,tanh,0.0,True,0.02,0.08365782869036048,0.03218963817693612
13,2,tanh,0.0,True,0.03,0.08019406849848551,0.026349369925703223
13,2,tanh,0.1,True,0.01,0.09193770836817099,0.02946151971867
13,2,tanh,0.1,True,0.02,0.08549651187890481,0.020907422518441902
13,2,tanh,0.1,True,0.03,0.08291921342376128,0.0316038843759356
13,2,swish,0.0,True,0.01,0.06807199659276618,0.02753871960883992
13,2,swish,0.0,True,0.02,0.07216879403417187,0.02914516226891092
13,2,swish,0.0,True,0.03,0.0623285057570222,0.025663005306243814
13,2,swish,0.1,True,0.01,0.07507709523915554,0.019533780749055044
13,2,swish,0.1,True,0.02,0.06673249569829279,0.017429562304459408
13,2,swish,0.1,True,0.03,0.06563997355765161,0.016729949979413156
13,2,leakyrelu,0.0,True,0.01,0.07990785212805976,0.03323594356668619
13,2,leakyrelu,0.0,True,0.02,0.08064869036458974,0.029119650623136636
13,2,leakyrelu,0.0,True,0.03,0.07484534833714586,0.02749590421015129
13,2,leakyrelu,0.1,True,0.01,0.07787266019566239,0.019472293582099832
13,2,leakyrelu,0.1,True,0.02,0.07335436356405764,0.028153448086186143
13,2,leakyrelu,0.1,True,0.03,0.06778970588958656,0.02078061475111649
13,2,gelu,0.0,True,0.01,0.073984011414036,0.03082068226443848
13,2,gelu,0.0,True,0.02,0.06445530879410859,0.028697190552940663
13,2,gelu,0.0,True,0.03,0.0647364534602499,0.02921660517369017
13,2,gelu,0.1,True,0.01,0.067431676368988,0.01619957574859559
13,2,gelu,0.1,True,0.02,0.05891661139793875,0.015225637076182009
13,2,gelu,0.1,True,0.03,0.06491719079086168,0.01577782616509591
13,3,relu,0.0,True,0.01,0.07216875251928327,0.01565835560856696
13,3,relu,0.0,True,0.02,0.07585591869416224,0.022512873511129173
13,3,relu,0.0,True,0.03,0.07143258741159783,0.017386170539410627
13,3,relu,0.1,True,0.01,0.07964278643223223,0.020349785970167743
13,3,relu,0.1,True,0.02,0.07027928766784294,0.022662123699564225
13,3,relu,0.1,True,0.03,0.07927703553722915,0.02766920170884883
13,3,tanh,0.0,True,0.01,0.08901333625703686,0.029619608464091174
13,3,tanh,0.0,True,0.02,0.073951841129743,0.031855809594854616
13,3,tanh,0.0,True,0.03,0.062062522620959626,0.018201628801929742
13,3,tanh,0.1,True,0.01,0.07629431595665412,0.013897985356231421
13,3,tanh,0.1,True,0.02,0.07753589492234954,0.02020496762614958
13,3,tanh,0.1,True,0.03,0.06741069146497394,0.01562751170976525
13,3,swish,0.0,True,0.01,0.06943337712738955,0.02258680703009166
13,3,swish,0.0,True,0.02,0.05980788910291347,0.027112995361036042
13,3,swish,0.0,True,0.03,0.06748594905910674,0.031025110334983407
13,3,swish,0.1,True,0.01,0.06990237839625088,0.0257114795686506
13,3,swish,0.1,True,0.02,0.07818356107901575,0.02967315671065336
13,3,swish,0.1,True,0.03,0.05886877573039787,0.01625930020439607
13,3,leakyrelu,0.0,True,0.01,0.07507975785880673,0.014389226044273987
13,3,leakyrelu,0.0,True,0.02,0.08079115897595866,0.0355522788224182
13,3,leakyrelu,0.0,True,0.03,0.06955255139416193,0.025992480629484647
13,3,leakyrelu,0.1,True,0.01,0.06898119834504399,0.020625195354171656
13,3,leakyrelu,0.1,True,0.02,0.07325376239586168,0.01827792637456769
13,3,leakyrelu,0.1,True,0.03,0.06734524211625653,0.013345702906233598
13,3,gelu,0.0,True,0.01,0.07299331180338701,0.014008169776302226
13,3,gelu,0.0,True,0.02,0.07104330133287329,0.03205861130635702
13,3,gelu,0.0,True,0.03,0.06893440700715248,0.03124450535010488
13,3,gelu,0.1,True,0.01,0.07573166762075377,0.0239326672214797
13,3,gelu,0.1,True,0.02,0.06542354952839996,0.015201490697735113
13,3,gelu,0.1,True,0.03,0.05624366948064928,0.025003301887252118
13,4,relu,0.0,True,0.01,0.08175350307591885,0.02210465631281816
13,4,relu,0.0,True,0.02,0.06643903627774828,0.02270334429010832
13,4,relu,0.0,True,0.03,0.064091103061273,0.015045638014299043
13,4,relu,0.1,True,0.01,0.08735160297022934,0.03301570086683283
13,4,relu,0.1,True,0.02,0.06763845974896443,0.015104659863232337
13,4,relu,0.1,True,0.03,0.08372896639817183,0.03121946745611225
13,4,tanh,0.0,True,0.01,0.08576234159780319,0.03054278625809408
13,4,tanh,0.0,True,0.02,0.07060200407766963,0.02425201739836311
13,4,tanh,0.0,True,0.03,0.07169963689642597,0.02018886492179096
13,4,tanh,0.1,True,0.01,0.07529196857915102,0.016894913124814233
13,4,tanh,0.1,True,0.02,0.07208151747748043,0.020472205923497074
13,4,tanh,0.1,True,0.03,0.07091800858829797,0.010127244455042868
13,4,swish,0.0,True,0.01,0.0732361907959497,0.02025166257139692
13,4,swish,0.0,True,0.02,0.06656015052839767,0.022580365365127014
13,4,swish,0.0,True,0.03,0.06416551572601445,0.02307431901553973
13,4,swish,0.1,True,0.01,0.06614207807423214,0.02572893628405559
13,4,swish,0.1,True,0.02,0.06768499802434604,0.020456637950043544
13,4,swish,0.1,True,0.03,0.06506784360261789,0.020787811723608062
13,4,leakyrelu,0.0,True,0.01,0.08748097551131354,0.032734157793698836
13,4,leakyrelu,0.0,True,0.02,0.07733599656793108,0.022946164306356383
13,4,leakyrelu,0.0,True,0.03,0.06542007915301082,0.02208673177918179
13,4,leakyrelu,0.1,True,0.01,0.07218170816917234,0.02208700698427268
13,4,leakyrelu,0.1,True,0.02,0.06888996277516081,0.017829038319896982
13,4,leakyrelu,0.1,True,0.03,0.07262678461210458,0.02005354422003176
13,4,gelu,0.0,True,0.01,0.06421173409733531,0.025846070093271462
13,4,gelu,0.0,True,0.02,0.05862864640634422,0.023527548464226576
13,4,gelu,0.0,True,0.03,0.07050744056978864,0.02013836568434648
13,4,gelu,0.1,True,0.01,0.07138455507614974,0.01352526635436585
13,4,gelu,0.1,True,0.02,0.06821082839853387,0.01885987716291597
13,4,gelu,0.1,True,0.03,0.0603804292931064,0.018131486252323924
13,5,relu,0.0,True,0.01,0.0851988726187727,0.03173211666470576
13,5,relu,0.0,True,0.02,0.07559339605260622,0.02588917786506961
13,5,relu,0.0,True,0.03,0.08094915797435588,0.035134781920894836
13,5,relu,0.1,True,0.01,0.0817376879493524,0.028714449292800683
13,5,relu,0.1,True,0.02,0.0810071992398235,0.027280304722698347
13,5,relu,0.1,True,0.03,0.08372039236671829,0.02536187691343281
13,5,tanh,0.0,True,0.01,0.07864810536634728,0.019986336452891777
13,5,tanh,0.0,True,0.02,0.06977309394224697,0.01845457895052031
13,5,tanh,0.0,True,0.03,0.07093171052533469,0.02056859510553116
13,5,tanh,0.1,True,0.01,0.07241483308392359,0.02179129401808036
13,5,tanh,0.1,True,0.02,0.0870204710066573,0.02352331380731349
13,5,tanh,0.1,True,0.03,0.06920137594406288,0.019600063214095083
13,5,swish,0.0,True,0.01,0.061077539333175085,0.0201738876601296
13,5,swish,0.0,True,0.02,0.06117511751106733,0.03631625624619742
13,5,swish,0.0,True,0.03,0.05980423464396864,0.016207687153407424
13,5,swish,0.1,True,0.01,0.06945681558023364,0.014790538737429668
13,5,swish,0.1,True,0.02,0.06254476791633591,0.018744919422244512
13,5,swish,0.1,True,0.03,0.07179242003432086,0.02214926584857426
13,5,leakyrelu,0.0,True,0.01,0.08652552773750585,0.03063695855949416
13,5,leakyrelu,0.0,True,0.02,0.08323852701871808,0.03570565182356708
13,5,leakyrelu,0.0,True,0.03,0.07543244247181982,0.01944807058664149
13,5,leakyrelu,0.1,True,0.01,0.08545317115527096,0.03134488487918628
13,5,leakyrelu,0.1,True,0.02,0.06902803576527601,0.012621710844371536
13,5,leakyrelu,0.1,True,0.03,0.07521930750710577,0.0191696247935926
13,5,gelu,0.0,True,0.01,0.07570853969432663,0.030029559984318145
13,5,gelu,0.0,True,0.02,0.07086103040343361,0.02488582545958726
13,5,gelu,0.0,True,0.03,0.0601528102995979,0.016796485071662842
13,5,gelu,0.1,True,0.01,0.07232357510081491,0.014882640566233285
13,5,gelu,0.1,True,0.02,0.06624492238569016,0.018382226699579788
13,5,gelu,0.1,True,0.03,0.07588906253619351,0.03413526673409549
14,2,relu,0.0,True,0.01,0.08934835592818664,0.031467841503538416
14,2,relu,0.0,True,0.02,0.07557202998526684,0.02755878794777464
14,2,relu,0.0,True,0.03,0.07241198383606988,0.025084154046219567
14,2,relu,0.1,True,0.01,0.06343065392050964,0.026594825013204523
14,2,relu,0.1,True,0.02,0.0638643482652562,0.02414184072705176
14,2,relu,0.1,True,0.03,0.07546418269734999,0.033811171227870224
14,2,tanh,0.0,True,0.01,0.08566572837860685,0.030710698557725687
14,2,tanh,0.0,True,0.02,0.08063033938277034,0.03252228080501915
14,2,tanh,0.0,True,0.03,0.08407320729561438,0.02705583523819436
14,2,tanh,0.1,True,0.01,0.08537082158761279,0.02142755025549629
14,2,tanh,0.1,True,0.02,0.08572061840797163,0.027081398652598915
14,2,tanh,0.1,True,0.03,0.08746642618389333,0.02450997916770669
14,2,swish,0.0,True,0.01,0.07243159659018125,0.01708434953535786
14,2,swish,0.0,True,0.02,0.06375180728381882,0.021622977974686392
14,2,swish,0.0,True,0.03,0.06464258905186435,0.017055050730522422
14,2,swish,0.1,True,0.01,0.0717720913752712,0.022818985393177768
14,2,swish,0.1,True,0.02,0.06810555982364347,0.02181201344173776
14,2,swish,0.1,True,0.03,0.06036663191082961,0.015004598905436331
14,2,leakyrelu,0.0,True,0.01,0.07730866019874524,0.022185242379062
14,2,leakyrelu,0.0,True,0.02,0.07415982348767086,0.03422348142853689
14,2,leakyrelu,0.0,True,0.03,0.08099393825345927,0.018903455976944785
14,2,leakyrelu,0.1,True,0.01,0.07851678890424328,0.022877432080510844
14,2,leakyrelu,0.1,True,0.02,0.07150981948923933,0.025961863908870668
14,2,leakyrelu,0.1,True,0.03,0.0696853370208776,0.01725047125037782
14,2,gelu,0.0,True,0.01,0.06095117621693661,0.013999324319953012
14,2,gelu,0.0,True,0.02,0.06820957779501338,0.03224489667924312
14,2,gelu,0.0,True,0.03,0.06889573702859085,0.023762398591157585
14,2,gelu,0.1,True,0.01,0.07192015244541765,0.023256515904510444
14,2,gelu,0.1,True,0.02,0.06731768044928943,0.018413718470388425
14,2,gelu,0.1,True,0.03,0.061928851268873875,0.01976787838860497
14,3,relu,0.0,True,0.01,0.07983386247531031,0.023142969899880624
14,3,relu,0.0,True,0.02,0.07174378599438984,0.02686318463655346
14,3,relu,0.0,True,0.03,0.06860743543958367,0.02563230954042077
14,3,relu,0.1,True,0.01,0.06857947932362002,0.019995571046343055
14,3,relu,0.1,True,0.02,0.06417607102158626,0.014897123106887003
14,3,relu,0.1,True,0.03,0.06160226953671043,0.013097819534470324
14,3,tanh,0.0,True,0.01,0.06619896988948841,0.02003541778515336
14,3,tanh,0.0,True,0.02,0.06733306081329041,0.02020483390081075
14,3,tanh,0.0,True,0.03,0.07072407859113754,0.024434556038221127
14,3,tanh,0.1,True,0.01,0.08470303892494385,0.02078252029284004
14,3,tanh,0.1,True,0.02,0.07372161478754287,0.014958722198607057
14,3,tanh,0.1,True,0.03,0.07630619647318279,0.01648083151751506
14,3,swish,0.0,True,0.01,0.07304945018964806,0.028516488835385836
14,3,swish,0.0,True,0.02,0.06035354916266673,0.02597200697867396
14,3,swish,0.0,True,0.03,0.0632989290488051,0.0217645961087603
14,3,swish,0.1,True,0.01,0.06980210057580524,0.023794677246654863
14,3,swish,0.1,True,0.02,0.06930776125899392,0.029795554619257977
14,3,swish,0.1,True,0.03,0.06340428480957587,0.028132877318676745
14,3,leakyrelu,0.0,True,0.01,0.07350850060187862,0.02226119365135224
14,3,leakyrelu,0.0,True,0.02,0.07456505859339514,0.034465533928648984
14,3,leakyrelu,0.0,True,0.03,0.07263780139063189,0.027193656709976186
14,3,leakyrelu,0.1,True,0.01,0.07518695397749757,0.02360056862581478
14,3,leakyrelu,0.1,True,0.02,0.06351446017785789,0.011972733971021329
14,3,leakyrelu,0.1,True,0.03,0.05983601532234713,0.008046932948058605
14,3,gelu,0.0,True,0.01,0.07429361743658021,0.028220144182968213
14,3,gelu,0.0,True,0.02,0.06916990880726083,0.019378428365845864
14,3,gelu,0.0,True,0.03,0.06257139074152876,0.026480814634210897
14,3,gelu,0.1,True,0.01,0.06890074885042652,0.021745989559528285
14,3,gelu,0.1,True,0.02,0.07271006488503877,0.030394457589296188
14,3,gelu,0.1,True,0.03,0.06923006618672688,0.0269813719178462
14,4,relu,0.0,True,0.01,0.07576116759218354,0.02216770826026218
14,4,relu,0.0,True,0.02,0.07938898728977202,0.0351001470019967
14,4,relu,0.0,True,0.03,0.07883352159631232,0.0316962821529847
14,4,relu,0.1,True,0.01,0.06737577589695871,0.01852731113233624
14,4,relu,0.1,True,0.02,0.07508263313435995,0.022245991010136117
14,4,relu,0.1,True,0.03,0.06785055449811163,0.013268491778510269
14,4,tanh,0.0,True,0.01,0.07048334924622526,0.02477060838590292
14,4,tanh,0.0,True,0.02,0.07556137380934236,0.026033173024679158
14,4,tanh,0.0,True,0.03,0.07508005264864721,0.022620170591835343
14,4,tanh,0.1,True,0.01,0.07136558715054382,0.016376345505003255
14,4,tanh,0.1,True,0.02,0.07080492609415524,0.019556467289556685
14,4,tanh,0.1,True,0.03,0.06647895909060111,0.0156478325348779
14,4,swish,0.0,True,0.01,0.06928750978222456,0.02474219603685734
14,4,swish,0.0,True,0.02,0.06813747186540049,0.02922194719114693
14,4,swish,0.0,True,0.03,0.06265564673795371,0.0240079565041056
14,4,swish,0.1,True,0.01,0.07055040876029901,0.02779553450663809
14,4,swish,0.1,True,0.02,0.061356437823635465,0.02231604415652921
14,4,swish,0.1,True,0.03,0.07230470435622267,0.031623470583705064
14,4,leakyrelu,0.0,True,0.01,0.07797379296835633,0.030470964280558312
14,4,leakyrelu,0.0,True,0.02,0.07622778124128278,0.024973982601665872
14,4,leakyrelu,0.0,True,0.03,0.07233114422681736,0.0369109607244391
14,4,leakyrelu,0.1,True,0.01,0.06938456360942953,0.016307794201134783
14,4,leakyrelu,0.1,True,0.02,0.06897884355554385,0.020508790978843738
14,4,leakyrelu,0.1,True,0.03,0.06973066580082181,0.028701684319854974
14,4,gelu,0.0,True,0.01,0.06446432879481334,0.018380855467962347
14,4,gelu,0.0,True,0.02,0.0728245054120508,0.031493631011544926
14,4,gelu,0.0,True,0.03,0.06394190245352878,0.021441954260087395
14,4,gelu,0.1,True,0.01,0.07157438399920295,0.020882081426862358
14,4,gelu,0.1,True,0.02,0.06831564648069262,0.025390258472159758
14,4,gelu,0.1,True,0.03,0.0645617609650465,0.01918152858590684
14,5,relu,0.0,True,0.01,0.08254571015294626,0.022895132879662286
14,5,relu,0.0,True,0.02,0.0732830067596795,0.02538044801193632
14,5,relu,0.0,True,0.03,0.07603938602724371,0.02060697242945953
14,5,relu,0.1,True,0.01,0.07534163763848027,0.024808099650098208
14,5,relu,0.1,True,0.02,0.06607102664890081,0.01743494181285922
14,5,relu,0.1,True,0.03,0.05952424300856959,0.010637608277338128
14,5,tanh,0.0,True,0.01,0.0779897085102244,0.02779172252596928
14,5,tanh,0.0,True,0.02,0.07052482779498498,0.019341555216023504
14,5,tanh,0.0,True,0.03,0.05840668984735727,0.015412100819485028
14,5,tanh,0.1,True,0.01,0.06904670674484477,0.01492690597426776
14,5,tanh,0.1,True,0.02,0.07197840653701129,0.012872505244638077
14,5,tanh,0.1,True,0.03,0.07470150695937641,0.013766657632644348
14,5,swish,0.0,True,0.01,0.06147029617831923,0.02614010114359224
14,5,swish,0.0,True,0.02,0.06824376325662496,0.028984074022045975
14,5,swish,0.0,True,0.03,0.06459811482130448,0.02961883597601749
14,5,swish,0.1,True,0.01,0.0730147561810665,0.025561161589564355
14,5,swish,0.1,True,0.02,0.06290057501755547,0.018639368583756928
14,5,swish,0.1,True,0.03,0.06589648968088876,0.017791948028477184
14,5,leakyrelu,0.0,True,0.01,0.09019150806871926,0.027307332232641385
14,5,leakyrelu,0.0,True,0.02,0.08417780550473064,0.03280772649690624
14,5,leakyrelu,0.0,True,0.03,0.07625971739296493,0.024665183896292825
14,5,leakyrelu,0.1,True,0.01,0.07319946991038276,0.013069484090152933
