BatchID,param,grid_value,grid_log,sse_prof,delta_sse,sse_min,delta_star_95
F14,lambda,37.981516927217676,3.637099644744996,0.0003887688277509362,1.3008468829629315e-08,0.0003887558192821066,0.0002488037243405482
F14,lambda,46.02940168974395,3.829280359477106,0.00038876653776545914,1.0718483352560506e-08,0.0003887558192821066,0.0002488037243405482
F14,lambda,55.782548758539235,4.021461074209216,0.0003887646482070893,8.82892498270827e-09,0.0003887558192821066,0.0002488037243405482
F14,lambda,67.60228531695509,4.213641788941326,0.0003887630890510127,7.269768906108774e-09,0.0003887558192821066,0.0002488037243405482
F14,lambda,81.92649998581173,4.405822503673436,0.00038876180252013964,5.983238033063082e-09,0.0003887558192821066,0.0002488037243405482
F14,lambda,99.28586538836731,4.5980032184055455,0.00038876074094199047,4.9216598838920655e-09,0.0003887558192821066,0.0002488037243405482
F14,lambda,120.32349810652447,4.790183933137655,0.0003887598649813602,4.0456992536348595e-09,0.0003887558192821066,0.0002488037243405482
F14,lambda,145.8187843753948,4.982364647869765,0.00038875914218152667,3.3228994200857655e-09,0.0003887558192821066,0.0002488037243405482
F14,lambda,176.71625419245444,5.174545362601876,0.00038875854576173117,2.726479624590248e-09,0.0003887558192821066,0.0002488037243405482
F14,lambda,214.1605735473516,5.366726077333985,0.0003887580536240564,2.234341949793831e-09,0.0003887558192821066,0.0002488037243405482
F14,lambda,259.53895113791384,5.558906792066095,0.00038875764753473275,1.8282526261675404e-09,0.0003887558192821066,0.0002488037243405482
F14,lambda,314.53253062415274,5.751087506798205,0.00038875731244826154,1.4931661549560937e-09,0.0003887558192821066,0.0002488037243405482
F14,lambda,381.178672361451,5.943268221530315,0.000388757035949922,1.2166678154323582e-09,0.0003887558192821066,0.0002488037243405482
F14,lambda,461.9464319792718,6.135448936262424,0.00038875680779590143,9.885137948538285e-10,0.0003887558192821066,0.0002488037243405482
F14,lambda,559.8280320784311,6.327629650994535,0.00038875661953303905,8.002509324688337e-10,0.0003887558192821066,0.0002488037243405482
F14,lambda,678.4497158208853,6.519810365726645,0.00038875646418689327,6.449047866910473e-10,0.0003887558192821066,0.0002488037243405482
F14,lambda,822.2060892316181,6.711991080458755,0.0003887563360019802,5.167198735946468e-10,0.0003887558192821066,0.0002488037243405482
F14,lambda,996.4229292241689,6.904171795190864,0.00038875623022966875,4.109475621664853e-10,0.0003887558192821066,0.0002488037243405482
F14,lambda,1207.5544889378489,7.0963525099229745,0.00038875614295094733,3.2366884075273744e-10,0.0003887558192821066,0.0002488037243405482
F14,lambda,1463.4226100048884,7.288533224655085,0.0003887560709313379,2.5164923129258193e-10,0.0003887558192821066,0.0002488037243405482
F14,lambda,1773.5065001971461,7.480713939387194,0.0003887560115043851,1.9222227851329113e-10,0.0003887558192821066,0.0002488037243405482
F14,lambda,2149.293911914497,7.672894654119304,0.0003887559624678349,1.4318572830228707e-10,0.0003887558192821066,0.0002488037243405482
F14,lambda,2604.7067317087462,7.865075368851414,0.00038875592200499054,1.0272288396414794e-10,0.0003887558192821066,0.0002488037243405482
F14,lambda,3156.6167477604426,8.057256083583525,0.00038875588861670947,6.933460289194546e-11,0.0003887558192821066,0.0002488037243405482
F14,lambda,3825.4707030702602,8.249436798315633,0.00038875586106653113,4.1784424553194255e-11,0.0003887558192821066,0.0002488037243405482
F14,lambda,4636.047790860766,8.441617513047744,0.000388755838332655,1.9050548410916995e-11,0.0003887558192821066,0.0002488037243405482
F14,lambda,5618.377655302672,8.633798227779852,0.00038875581957381936,2.9171278023362723e-13,0.0003887558192821066,0.0002488037243405482
F14,lambda,6808.852906959264,8.825978942511963,0.0003887558040949024,-1.5187204196066145e-11,0.0003887558192821066,0.0002488037243405482
F14,lambda,8251.577368575823,9.018159657244073,0.0003887557913223591,-2.7959747473001173e-11,0.0003887558192821066,0.0002488037243405482
F14,lambda,10000.00000000001,9.210340371976184,0.0003887557807830578,-3.849904878401589e-11,0.0003887558192821066,0.0002488037243405482
F14,tau,63629.0467297289,11.060825354655066,0.00038876882790880185,1.3008626695266111e-08,0.0003887558192821066,0.0002488037243405482
F14,tau,89828.08364459655,11.405652940861962,0.00038876500789618247,9.18861407588848e-09,0.0003887558192821066,0.0002488037243405482
F14,tau,126814.4821583596,11.75048052706886,0.00038876230212472526,6.482842618683957e-09,0.0003887558192821066,0.0002488037243405482
F14,tau,179029.9005901178,12.095308113275756,0.0003887603855658175,4.566283710904281e-09,0.0003887558192821066,0.0002488037243405482
F14,tau,252744.83449991845,12.440135699482653,0.00038875902801117343,3.2087290668470284e-09,0.0003887558192821066,0.0002488037243405482
F14,tau,356811.6340110236,12.784963285689548,0.0003887580664120263,2.2471299196955875e-09,0.0003887558192821066,0.0002488037243405482
F14,tau,503727.573374632,13.129790871896445,0.0003887573852772092,1.5659951026355222e-09,0.0003887558192821066,0.0002488037243405482
F14,tau,711135.6357008695,13.474618458103341,0.0003887569028040059,1.0835218993191474e-09,0.0003887558192821066,0.0002488037243405482
F14,tau,1003943.2405411934,13.819446044310238,0.00038875656104978755,7.417676809698577e-10,0.0003887558192821066,0.0002488037243405482
F14,tau,1417313.3501248334,14.164273630517135,0.0003887563189711254,4.996890188408397e-10,0.0003887558192821066,0.0002488037243405482
F14,tau,2000887.1531016151,14.509101216724032,0.0003887561474973315,3.282152249094693e-10,0.0003887558192821066,0.0002488037243405482
F14,tau,2824745.423511644,14.853928802930927,0.0003887560260353963,2.0675328972746126e-10,0.0003887558192821066,0.0002488037243405482
F14,tau,3987824.448410943,15.198756389137824,0.00038875593999891303,1.2071680645115573e-10,0.0003887558192821066,0.0002488037243405482
F14,tau,5629797.184191629,15.54358397534472,0.0003887558790564345,5.977432790274864e-11,0.0003887558192821066,0.0002488037243405482
F14,tau,7947846.437363002,15.888411561551617,0.0003887558358919409,1.6609834330421486e-11,0.0003887558192821066,0.0002488037243405482
F14,tau,11220344.343714394,16.233239147758514,0.00038875580530788994,-1.39742166406151e-11,0.0003887558192821066,0.0002488037243405482
F14,tau,15840281.790005794,16.57806673396541,0.00038875578364938547,-3.56327211118411e-11,0.0003887558192821066,0.0002488037243405482
F14,tau,22362462.2828399,16.922894320172308,0.0004913463570548482,0.0001025905377727416,0.0003887558192821066,0.0002488037243405482
F14,tau,31570127.727585983,17.267721906379204,0.0008370468812597821,0.0004482910619776755,0.0003887558192821066,0.0002488037243405482
F14,tau,44569017.13819332,17.6125494925861,0.0013639519832580338,0.0009751961639759272,0.0003887558192821066,0.0002488037243405482
F14,tau,62920153.69101137,17.957377078792998,0.002023040165040567,0.0016342843457584604,0.0003887558192821066,0.0002488037243405482
F14,tau,88827306.3824843,18.302204664999895,0.002777596330613449,0.0023888405113313424,0.0003887558192821066,0.0002488037243405482
F14,tau,125401638.36718184,18.647032251206788,0.0035998696775981494,0.0032111138583160426,0.0003887558192821066,0.0002488037243405482
F14,tau,177035323.32118994,18.991859837413685,0.004468727599889934,0.0040799717806078275,0.0003887558192821066,0.0002488037243405482
F14,tau,249928997.03326735,19.33668742362058,0.005367981937357631,0.004979226118075524,0.0003887558192821066,0.0002488037243405482
F14,tau,352836385.33948094,19.68151500982748,0.006285177506706418,0.005896421687424311,0.0003887558192821066,0.0002488037243405482
F14,tau,498115529.99934494,20.026342596034375,0.00721070383879665,0.006821948019514543,0.0003887558192821066,0.0002488037243405482
F14,tau,703212853.1409847,20.371170182241272,0.008137136073329092,0.007748380254046986,0.0003887558192821066,0.0002488037243405482
F14,tau,992758280.0386378,20.71599776844817,0.009058740885454419,0.008669985066172312,0.0003887558192821066,0.0002488037243405482
F14,tau,1401523021.3485317,21.060825354655066,0.009971102346874011,0.009582346527591904,0.0003887558192821066,0.0002488037243405482
F14,n,0.010000000000000004,-4.605170185988091,0.004285199304935199,0.003896443485653092,0.0003887558192821066,0.0002488037243405482
F14,n,0.01268961003167923,-4.366971728092155,0.004209560645764267,0.00382080482648216,0.0003887558192821066,0.0002488037243405482
F14,n,0.016102620275609394,-4.12877327019622,0.004115019335983649,0.0037262635167015423,0.0003887558192821066,0.0002488037243405482
F14,n,0.020433597178569424,-3.890574812300284,0.003997344204127292,0.0036085883848451855,0.0003887558192821066,0.0002488037243405482
F14,n,0.025929437974046683,-3.652376354404348,0.0038516593887704706,0.003462903569488364,0.0003887558192821066,0.0002488037243405482
F14,n,0.0329034456231267,-3.414177896508412,0.003672545398696034,0.003283789579413927,0.0003887558192821066,0.0002488037243405482
F14,n,0.04175318936560403,-3.1759794386124764,0.0034543066838233247,0.003065550864541218,0.0003887558192821066,0.0002488037243405482
F14,n,0.05298316906283709,-2.937780980716541,0.0031915134863014514,0.0028027576670193446,0.0003887558192821066,0.0002488037243405482
F14,n,0.06723357536499339,-2.699582522820605,0.0028799646768600355,0.0024912088575779288,0.0003887558192821066,0.0002488037243405482
F14,n,0.08531678524172813,-2.461384064924669,0.002518265465240168,0.0021295096459580613,0.0003887558192821066,0.0002488037243405482
F14,n,0.10826367338740547,-2.2231856070287335,0.0021102434169196706,0.001721487597637564,0.0003887558192821066,0.0002488037243405482
F14,n,0.1373823795883263,-1.984987149132798,0.001668407494810586,0.0012796516755284794,0.0003887558192821066,0.0002488037243405482
F14,n,0.17433288221999885,-1.746788691236862,0.001218527717502154,0.0008297718982200474,0.0003887558192821066,0.0002488037243405482
F14,n,0.22122162910704501,-1.508590233340926,0.0008050948111786956,0.00041633899189658905,0.0003887558192821066,0.0002488037243405482
F14,n,0.28072162039411774,-1.2703917754449905,0.0004968329758758611,0.00010807715659375455,0.0003887558192821066,0.0002488037243405482
F14,n,0.3562247890262442,-1.032193317549055,0.0003905854742315734,1.8296549494667977e-06,0.0003887558192821066,0.0002488037243405482
F14,n,0.4520353656360244,-0.793994859653119,0.00045328563837769315,6.452981909558657e-05,0.0003887558192821066,0.0002488037243405482
F14,n,0.5736152510448681,-0.555796401757183,0.0005384448759561615,0.00014968905667405488,0.0003887558192821066,0.0002488037243405482
F14,n,0.7278953843983156,-0.31759794386124707,0.0006508645433140135,0.0002621087240319069,0.0003887558192821066,0.0002488037243405482
F14,n,0.9236708571873862,-0.07939948596531199,0.0007950211578822704,0.00040626533860016386,0.0003887558192821066,0.0002488037243405482
F14,n,1.1721022975334803,0.15879897193062398,0.0009719310553659022,0.0005831752360837955,0.0003887558192821066,0.0002488037243405482
F14,n,1.4873521072935119,0.39699742982655994,0.0011758911377074551,0.0007871353184253486,0.0003887558192821066,0.0002488037243405482
F14,n,1.8873918221350965,0.635195887722495,0.0013922605263503196,0.0010035047070682131,0.0003887558192821066,0.0002488037243405482
F14,n,2.395026619987485,0.873394345618431,0.0015993848156112718,0.0012106289963291653,0.0003887558192821066,0.0002488037243405482
F14,n,3.039195382313198,1.111592803514367,0.0017762559944688484,0.001387500175186742,0.0003887558192821066,0.0002488037243405482
F14,n,3.856620421163473,1.349791261410303,0.0019119162261545918,0.0015231604068724853,0.0003887558192821066,0.0002488037243405482
F14,n,4.893900918477496,1.587989719306239,0.002008530726647634,0.0016197749073655276,0.0003887558192821066,0.0002488037243405482
F14,n,6.210169418915615,1.826188177202174,0.0020756268431077187,0.0016868710238256122,0.0003887558192821066,0.0002488037243405482
F14,n,7.880462815669912,2.06438663509811,0.0021224377409629013,0.0017336819216807948,0.0003887558192821066,0.0002488037243405482
F14,n,10.000000000000002,2.302585092994046,0.002162053027893984,0.0017732972086118776,0.0003887558192821066,0.0002488037243405482
F14,beta,0.004152752734009549,-5.483983855232086,0.00609791871249304,0.005709162893210933,0.0003887558192821066,0.0002488037243405482
F14,beta,0.005862634113165916,-5.1391562690251895,0.0060454311516680345,0.005656675332385928,0.0003887558192821066,0.0002488037243405482
F14,beta,0.008276553155543038,-4.794328682818293,0.005972804440315603,0.005584048621033497,0.0003887558192821066,0.0002488037243405482
F14,beta,0.01168439490069721,-4.449501096611397,0.005873186055964558,0.005484430236682452,0.0003887558192821066,0.0002488037243405482
F14,beta,0.01649540353691856,-4.1046735104045,0.005738291492813833,0.005349535673531726,0.0003887558192821066,0.0002488037243405482
F14,beta,0.023287328112262723,-3.759845924197603,0.005559123398696339,0.005170367579414232,0.0003887558192821066,0.0002488037243405482
F14,beta,0.03287580381980072,-3.415018337990707,0.005328162765541013,0.004939406946258907,0.0003887558192821066,0.0002488037243405482
F14,beta,0.04641230078382768,-3.0701907517838105,0.005044531496350681,0.004655775677068574,0.0003887558192821066,0.0002488037243405482
F14,beta,0.06552240291539585,-2.7253631655769137,0.004684526509511822,0.004295770690229715,0.0003887558192821066,0.0002488037243405482
F14,beta,0.09250102260182348,-2.380535579370017,0.00420706787311363,0.0038183120538315234,0.0003887558192821066,0.0002488037243405482
F14,beta,0.130587994360209,-2.0357079931631206,0.0035921471117501577,0.003203391292468051,0.0003887558192821066,0.0002488037243405482
F14,beta,0.1843571432115801,-1.6908804069562242,0.002835528817602061,0.0024467729983199543,0.0003887558192821066,0.0002488037243405482
F14,beta,0.2602655505940697,-1.3460528207493274,0.001971705366856231,0.0015829495475741244,0.0003887558192821066,0.0002488037243405482
F14,beta,0.36742897859017914,-1.0012252345424306,0.0011111783529683702,0.0007224225336862637,0.0003887558192821066,0.0002488037243405482
F14,beta,0.518716572361069,-0.6563976483355347,0.0004898851115299743,0.00010112929224786771,0.0003887558192821066,0.0002488037243405482
F14,beta,0.7322963024702706,-0.3115700621286379,0.0005144481210543344,0.00012569230177222787,0.0003887558192821066,0.0002488037243405482
F14,beta,1.0338167376660383,0.03325752407825888,0.001763641279772972,0.0013748854604908654,0.0003887558192821066,0.0002488037243405482
F14,beta,1.4594871549577983,0.3780851102851557,0.0048811726253582865,0.00449241680607618,0.0003887558192821066,0.0002488037243405482
F14,beta,2.0604258742180583,0.7229126964920525,0.010294251205882485,0.009905495386600379,0.0003887558192821066,0.0002488037243405482
F14,beta,2.9087990043118968,1.0677402826989484,0.01777102188173536,0.017382266062453255,0.0003887558192821066,0.0002488037243405482
F14,beta,4.106486796423542,1.4125678689058452,0.026041995186654145,0.02565323936737204,0.0003887558192821066,0.0002488037243405482
F14,beta,5.79731833798191,1.757395455112742,0.034940679125716155,0.03455192330643405,0.0003887558192821066,0.0002488037243405482
F14,beta,8.184343838916583,2.102223041319638,0.06376561267741548,0.06337685685813338,0.0003887558192821066,0.0002488037243405482
F14,beta,11.554218721225052,2.4470506275265347,0.11307215862143516,0.11268340280215305,0.0003887558192821066,0.0002488037243405482
F14,beta,16.31162777193141,2.7918782137334315,0.1890808144720531,0.188692058652771,0.0003887558192821066,0.0002488037243405482
F14,beta,23.02788332033875,3.1367057999403283,0.2988342561065272,0.2984455002872451,0.0003887558192821066,0.0002488037243405482
F14,beta,32.509533544385576,3.481533386147225,0.49200056223880295,0.49161180641952085,0.0003887558192821066,0.0002488037243405482
F14,beta,45.89522000661171,3.826360972354122,0.7564312157965651,0.756042459977283,0.0003887558192821066,0.0002488037243405482
F14,beta,64.79241594098664,4.171188558561017,1.0514585427533034,1.0510697869340213,0.0003887558192821066,0.0002488037243405482
F14,beta,91.47046604995141,4.516016144767914,1.3396093290324935,1.3392205732132114,0.0003887558192821066,0.0002488037243405482
F11,lambda,8.336582884955369e-05,-9.392272058584751,2.1467653260694286,2.1279808421824282,0.018784483887000186,0.01202206968768012
F11,lambda,0.00011769141660737773,-9.047444472377855,2.078959868924434,2.0601753850374336,0.018784483887000186,0.01202206968768012
F11,lambda,0.0001661504447829346,-8.702616886170958,1.9852621431622426,1.9664776592752424,0.018784483887000186,0.01202206968768012
F11,lambda,0.00023456230791801398,-8.357789299964061,1.8570233609316853,1.8382388770446851,0.018784483887000186,0.01202206968768012
F11,lambda,0.00033114251585486147,-8.012961713757164,1.6840318601073405,1.6652473762203404,0.018784483887000186,0.01202206968768012
F11,lambda,0.000467489285810637,-7.668134127550268,1.4558538987161176,1.4370694148291174,0.018784483887000186,0.01202206968768012
F11,lambda,0.0006599763602796551,-7.3233065413433724,1.1656969849395986,1.1469125010525985,0.018784483887000186,0.01202206968768012
F11,lambda,0.0009317193128238122,-6.978478955136476,0.8197911182011663,0.8010066343141662,0.018784483887000186,0.01202206968768012
F11,lambda,0.0013153514733785802,-6.633651368929579,0.45845974037358256,0.43967525648658234,0.018784483887000186,0.01202206968768012
F11,lambda,0.0018569428310716708,-6.288823782722682,0.20146604152750888,0.1826815576405087,0.018784483887000186,0.01202206968768012
F11,lambda,0.002621532531538064,-5.943996196515785,0.12213142271468426,0.10334693882768407,0.018784483887000186,0.01202206968768012
F11,lambda,0.0037009393606081973,-5.599168610308889,0.07395344805218602,0.05516896416518584,0.018784483887000186,0.01202206968768012
F11,lambda,0.005224788167272128,-5.2543410241019926,0.04433850725035722,0.025554023363357034,0.018784483887000186,0.01202206968768012
F11,lambda,0.007376076377641792,-4.909513437895096,0.027257797726248784,0.008473313839248597,0.018784483887000186,0.01202206968768012
F11,lambda,0.010413149966462842,-4.5646858516882,0.01965293583104077,0.0008684519440405845,0.018784483887000186,0.01202206968768012
F11,lambda,0.014700727957851292,-4.219858265481303,0.01881498870048975,3.0504813489564547e-05,0.018784483887000186,0.01202206968768012
F11,lambda,0.020753701155440073,-3.8750306792744063,0.018862525290001007,7.804140300082113e-05,0.018784483887000186,0.01202206968768012
F11,lambda,0.029298964846110213,-3.5302030930675095,0.018895993180299313,0.00011150929329912726,0.018784483887000186,0.01202206968768012
F11,lambda,0.04136271090270498,-3.1853755068606127,0.018919595799398267,0.00013511191239808096,0.018784483887000186,0.01202206968768012
F11,lambda,0.058393662104000474,-2.8405479206537168,0.018936261682941484,0.00015177779594129776,0.018784483887000186,0.01202206968768012
F11,lambda,0.08243704775387904,-2.49572033444682,0.018948040116268487,0.000163556229268301,0.018784483887000186,0.01202206968768012
F11,lambda,0.11638021315175844,-2.150892748239923,0.018956369791365436,0.00017188590436524945,0.018784483887000186,0.01202206968768012
F11,lambda,0.164299357901392,-1.8060651620330272,0.01896226325739017,0.00017777937038998548,0.018784483887000186,0.01202206968768012
F11,lambda,0.2319490425026933,-1.4612375758261305,0.018966434986404507,0.00018195109940432122,0.018784483887000186,0.01202206968768012
F11,lambda,0.3274532475665896,-1.1164099896192337,0.01896938788270867,0.00018490399570848456,0.018784483887000186,0.01202206968768012
F11,lambda,0.46228097423881864,-0.7715824034123369,0.01897147868034012,0.00018699479333993477,0.018784483887000186,0.01202206968768012
F11,lambda,0.6526235446778808,-0.42675481720544006,0.018972959247044827,0.00018847536004464038,0.018784483887000186,0.01202206968768012
F11,lambda,0.9213390011761307,-0.08192723099854327,0.018974007777321868,0.00018952389032168143,0.018784483887000186,0.01202206968768012
F11,lambda,1.3006971048021385,0.26290035520835175,0.018974750386462458,0.0001902664994622716,0.018784483887000186,0.01202206968768012
F11,lambda,1.8362545776104053,0.6077279414152486,0.018975276353124557,0.0001907924661243704,0.018784483887000186,0.01202206968768012
F11,tau,9.999999999999982e-09,-18.420680743952367,0.018784483886376328,-6.238586036655391e-13,0.018784483887000186,0.01202206968768012
F11,tau,1.188504380008919e-08,-18.247985050815913,0.018784483886887693,-1.1249334797014399e-13,0.018784483887000186,0.01202206968768012
F11,tau,1.412542661300382e-08,-18.075289357679463,0.018784483887498874,4.986878965329566e-13,0.018784483887000186,0.01202206968768012
F11,tau,1.6788131399049616e-08,-17.90259366454301,0.018784483888225866,1.225679280292269e-12,0.018784483887000186,0.01202206968768012
F11,tau,1.995276769993576e-08,-17.729897971406555,0.01878448388908984,2.0896548380555657e-12,0.018784483887000186,0.01202206968768012
F11,tau,2.371395180467409e-08,-17.557202278270104,0.01878448389011671,3.1165243996600367e-12,0.018784483887000186,0.01202206968768012
F11,tau,2.8184135587175613e-08,-17.38450658513365,0.018784483889044377,2.0441912051971656e-12,0.018784483887000186,0.01202206968768012
F11,tau,3.349696859212352e-08,-17.211810891997196,0.018784483890062542,3.062355924399185e-12,0.018784483887000186,0.01202206968768012
F11,tau,3.981129388875992e-08,-17.039115198860745,0.018784483891272775,4.272589226861356e-12,0.018784483887000186,0.01202206968768012
F11,tau,4.731589716061354e-08,-16.86641950572429,0.018784483892710976,5.710789480195544e-12,0.018784483887000186,0.01202206968768012
F11,tau,5.623515101944086e-08,-16.693723812587837,0.01878448389442048,7.4202935462786e-12,0.018784483887000186,0.01202206968768012
F11,tau,6.683572329706836e-08,-16.521028119451387,0.01878448389645209,9.451904536827982e-12,0.018784483887000186,0.01202206968768012
F11,tau,7.943454987963002e-08,-16.348332426314933,0.018784483898866722,1.1866535531979139e-11,0.018784483887000186,0.01202206968768012
F11,tau,9.440831045597739e-08,-16.17563673317848,0.018784483901736457,1.473627123105281e-11,0.018784483887000186,0.01202206968768012
F11,tau,1.1220469048617072e-07,-16.002941040042028,0.01878448390514719,1.8147004732238514e-11,0.018784483887000186,0.01202206968768012
F11,tau,1.333557661003592e-07,-15.830245346905574,0.018784483909201004,2.220081757320358e-11,0.018784483887000186,0.01202206968768012
F11,tau,1.584939121097218e-07,-15.657549653769122,0.018784483914018896,2.701871018584434e-11,0.018784483887000186,0.01202206968768012
F11,tau,1.8837070874715298e-07,-15.48485396063267,0.018784483919744892,3.27447062520303e-11,0.018784483887000186,0.01202206968768012
F11,tau,2.2387941241137608e-07,-15.312158267496216,0.018784483926550438,3.955025196233919e-11,0.018784483887000186,0.01202206968768012
F11,tau,2.6608166224474356e-07,-15.139462574359763,0.018784483934638524,4.763833771903592e-11,0.018784483887000186,0.01202206968768012
F11,tau,3.162392210179315e-07,-14.966766881223311,0.01878448394425185,5.7251665214197445e-11,0.018784483887000186,0.01202206968768012
F11,tau,3.758516993104208e-07,-14.794071188086857,0.01878448395567675,6.867656443532155e-11,0.018784483887000186,0.01202206968768012
F11,tau,4.467013908642302e-07,-14.621375494950405,0.018784483969255285,8.22550985657422e-11,0.018784483887000186,0.01202206968768012
F11,tau,5.309065595982137e-07,-14.448679801813952,0.018784483985393615,9.83934288212307e-11,0.018784483887000186,0.01202206968768012
F11,tau,6.309847714579441e-07,-14.275984108677498,0.018784484004574623,1.175744362980069e-10,0.018784483887000186,0.01202206968768012
F11,tau,7.499281645966932e-07,-14.103288415541046,0.018784484027371564,1.403713777159421e-10,0.018784483887000186,0.01202206968768012
F11,tau,8.912929083152192e-07,-13.930592722404594,0.01878448405446855,1.6746836209446947e-10,0.018784483887000186,0.01202206968768012
F11,tau,1.0593055254035275e-06,-13.75789702926814,0.018784484086663486,1.996632997824932e-10,0.018784483887000186,0.01202206968768012
F11,tau,1.2589892567097415e-06,-13.585201336131687,0.018784484124933845,2.379336588864689e-10,0.018784483887000186,0.01202206968768012
F11,tau,1.496314245983701e-06,-13.412505642995235,0.018784484170422118,2.834219317571218e-10,0.018784483887000186,0.01202206968768012
F11,n,0.010000000000000004,-4.605170185988091,0.018784483886357208,-6.429787258177555e-13,0.018784483887000186,0.01202206968768012
F11,n,0.011881693997797678,-4.432756382805757,0.018784483885915536,-1.0846497311423065e-12,0.018784483887000186,0.01202206968768012
F11,n,0.01411746522573013,-4.2603425796234236,0.018784483886337227,-6.629592708140564e-13,0.018784483887000186,0.01202206968768012
F11,n,0.016773940183667502,-4.08792877644109,0.018784483886835835,-1.6435117156099466e-13,0.018784483887000186,0.01202206968768012
F11,n,0.019930282439969936,-3.915514973258756,0.01878448388742432,4.2413295098242543e-13,0.018784483887000186,0.01202206968768012
F11,n,0.023680551724140315,-3.7431011700764225,0.0187844838881185,1.1183137749171124e-12,0.018784483887000186,0.01202206968768012
F11,n,0.02813650692852553,-3.570687366894089,0.018784483888935666,1.935479554404651e-12,0.018784483887000186,0.01202206968768012
F11,n,0.033430936549165444,-3.398273563711755,0.018784483889895814,2.895628181676102e-12,0.018784483887000186,0.01202206968768012
F11,n,0.03972161581369738,-3.2258597605294215,0.018784483891021164,4.020977995011776e-12,0.018784483887000186,0.01202206968768012
F11,n,0.04719600841964333,-3.053445957347088,0.01878448389233562,5.335433483910634e-12,0.018784483887000186,0.01202206968768012
F11,n,0.05607685299596846,-2.881032154164754,0.01878448389386549,6.86530346460934e-12,0.018784483887000186,0.01202206968768012
F11,n,0.06662880076575808,-2.7086183509824204,0.01878448389563668,8.636494297498132e-12,0.018784483887000186,0.01202206968768012
F11,n,0.0791663022138965,-2.5362045478000863,0.01878448389767462,1.0674433559287877e-11,0.018784483887000186,0.01202206968768012
F11,n,0.09406297778426907,-2.3637907446177526,0.018784483900001113,1.3000926724071604e-11,0.018784483887000186,0.01202206968768012
F11,n,0.11176275185543257,-2.191376941435419,0.01878448390263052,1.563033383278345e-11,0.018784483887000186,0.01202206968768012
F11,n,0.13279308178980437,-2.0189631382530853,0.018784483905565225,1.8565038395479405e-11,0.018784483887000186,0.01202206968768012
F11,n,0.1577806762850974,-1.8465493350707516,0.01878448390878956,2.178937238972445e-11,0.018784483887000186,0.01202206968768012
F11,n,0.18747017143850994,-1.674135531888418,0.018784483912262985,2.5262798797331953e-11,0.018784483887000186,0.01202206968768012
F11,n,0.2227463210747044,-1.5017217287060842,0.01878448391591507,2.891488437573031e-11,0.018784483887000186,0.01202206968768012
F11,n,0.26466036261448284,-1.3293079255237505,0.018784483919644872,3.264468556585243e-11,0.018784483887000186,0.01202206968768012
F11,n,0.31446134419314564,-1.1568941223414169,0.018784483923351053,3.6350866761125644e-11,0.018784483887000186,0.01202206968768012
F11,n,0.3736333465839087,-0.9844803191590832,0.018784483927035567,4.003538126018391e-11,0.018784483887000186,0.01202206968768012
F11,n,0.4439397091483085,-0.8120665159767495,0.01878448393060865,4.360846406203933e-11,0.018784483887000186,0.01202206968768012
F11,n,0.5274755777571501,-0.6396527127944158,0.018784483934455216,4.745502948932945e-11,0.018784483887000186,0.01202206968768012
F11,n,0.6267303406221992,-0.4672389096120817,0.018784483939286136,5.2285949875274795e-11,0.018784483887000186,0.01202206968768012
F11,n,0.7446618126408476,-0.294825106429748,0.018784483947990652,6.099046614971293e-11,0.018784483887000186,0.01202206968768012
F11,n,0.8847843789643893,-0.12241130324741434,0.01878448397023815,8.323796513165505e-11,0.018784483887000186,0.01202206968768012
F11,n,1.0512737244886325,0.05000249993491934,0.018784484062784247,1.7578406091844911e-10,0.018784483887000186,0.01202206968768012
F11,n,1.249091270229899,0.22241630311725302,0.018784484596076057,7.09075870936049e-10,0.018784483887000186,0.01202206968768012
F11,n,1.484132024819206,0.3948301062995867,0.018784489774092365,5.8870921783305e-09,0.018784483887000186,0.01202206968768012
F11,beta,0.022768503962512527,-3.782377103194414,0.17811010528155596,0.15932562139455578,0.018784483887000186,0.01202206968768012
F11,beta,0.0321433556453285,-3.4375495169875174,0.1767403558722369,0.15795587198523672,0.018784483887000186,0.01202206968768012
F11,beta,0.04537826964139536,-3.0927219307806206,0.17482475165496372,0.15604026776796354,0.018784483887000186,0.01202206968768012
F11,beta,0.06406261307526093,-2.747894344573724,0.17215627427933744,0.15337179039233725,0.018784483887000186,0.01202206968768012
F11,beta,0.09044016941286775,-2.4030667583668275,0.1684596924376784,0.1496752085506782,0.018784483887000186,0.01202206968768012
F11,beta,0.1276785920958143,-2.058239172159931,0.16337928460174386,0.14459480071474368,0.018784483887000186,0.01202206968768012
F11,beta,0.18024980476484972,-1.7134115859530343,0.1564749343305168,0.1376904504435166,0.018784483887000186,0.01202206968768012
F11,beta,0.2544670299417528,-1.368583999746138,0.14723921564315068,0.1284547317561505,0.018784483887000186,0.01202206968768012
F11,beta,0.35924293738821533,-1.0237564135392412,0.1351554327415721,0.11637094885457192,0.018784483887000186,0.01202206968768012
F11,beta,0.5071599573935133,-0.6789288273323444,0.11982112197650578,0.1010366380895056,0.018784483887000186,0.01202206968768012
F11,beta,0.7159812918059824,-0.33410124112544803,0.10115416242598191,0.08236967853898172,0.018784483887000186,0.01202206968768012
F11,beta,1.0107840785592745,0.010726345081448319,0.07967349764911251,0.06088901376211232,0.018784483887000186,0.01202206968768012
F11,beta,1.4269708792136704,0.3555539312883451,0.056835354313413196,0.03805087042641301,0.018784483887000186,0.01202206968768012
F11,beta,2.014521135934598,0.7003815174952419,0.035529440526701594,0.016744956639701408,0.018784483887000186,0.01202206968768012
F11,beta,2.8439931509769387,1.0452091037021378,0.021020639605926095,0.0022361557189259085,0.018784483887000186,0.01202206968768012
F11,beta,4.014997360179761,1.3900366899090346,0.02054791352795802,0.0017634296409578323,0.018784483887000186,0.01202206968768012
F11,beta,5.668158447116163,1.7348642761159314,0.025056438430527444,0.006271954543527258,0.018784483887000186,0.01202206968768012
F11,beta,8.00200281580655,2.079691862322828,0.02884047339000264,0.010055989503002453,0.018784483887000186,0.01202206968768012
F11,beta,11.296799421116058,2.424519448529725,0.03137471101134591,0.012590227124345724,0.018784483887000186,0.01202206968768012
F11,beta,15.948216977484897,2.769347034736621,0.0333234790286112,0.014538995141611014,0.018784483887000186,0.01202206968768012
F11,beta,22.514839405355207,3.1141746209435177,0.060509047919758835,0.04172456403275865,0.018784483887000186,0.01202206968768012
F11,beta,31.785245596080347,3.4590022071504145,0.18101848882177002,0.16223400493476983,0.018784483887000186,0.01202206968768012
F11,beta,44.872709034861764,3.8038297933573104,0.40303018063994783,0.3842456967529476,0.018784483887000186,0.01202206968768012
F11,beta,63.348889661424316,4.148657379564208,0.6867229699383035,0.6679384860513033,0.018784483887000186,0.01202206968768012
F11,beta,89.43257288561593,4.4934849657711045,0.9890007580348736,0.9702162741478735,0.018784483887000186,0.01202206968768012
F11,beta,126.25612123098381,4.838312551978001,1.2718530548100417,1.2530685709230416,0.018784483887000186,0.01202206968768012
F11,beta,178.241636508444,5.183140138184898,1.5145288021195515,1.4957443182325514,0.018784483887000186,0.01202206968768012
F11,beta,251.63200544617843,5.527967724391795,1.7117132191219304,1.6929287352349303,0.018784483887000186,0.01202206968768012
F11,beta,355.2406014958565,5.87279531059869,1.8662590875765799,1.8474746036895797,0.018784483887000186,0.01202206968768012
F11,beta,501.50967372920354,6.217622896805587,1.9844319935084929,1.9656475096214927,0.018784483887000186,0.01202206968768012
F25,lambda,0.0048507607604104785,-5.328619728517053,2.064288247866781,2.0642196132259305,6.86346408502406e-05,4.392617014415398e-05
F25,lambda,0.006848044497301803,-4.983792142310156,1.6151911600054893,1.615122525364639,6.86346408502406e-05,4.392617014415398e-05
F25,lambda,0.009667702810611736,-4.638964556103259,1.2327349799290852,1.232666345288235,6.86346408502406e-05,4.392617014415398e-05
F25,lambda,0.013648345549030222,-4.294136969896363,0.8615293460245209,0.8614607113836706,6.86346408502406e-05,4.392617014415398e-05
F25,lambda,0.01926800397931826,-3.9493093836894664,0.5614492076712833,0.561380573030433,6.86346408502406e-05,4.392617014415398e-05
F25,lambda,0.02720153706640317,-3.6044817974825696,0.29428928513043906,0.29422065048958884,6.86346408502406e-05,4.392617014415398e-05
F25,lambda,0.0384016745880434,-3.2596542112756732,0.12551599381660014,0.1254473591757499,6.86346408502406e-05,4.392617014415398e-05
F25,lambda,0.054213429467828776,-2.914826625068777,0.01476091776909628,0.01469228312824604,6.86346408502406e-05,4.392617014415398e-05
F25,lambda,0.07653561898517709,-2.56999903886188,0.006728829999999995,0.006660195359149754,6.86346408502406e-05,4.392617014415398e-05
F25,lambda,0.10804889177727199,-2.2251714526549833,0.006728829999999995,0.006660195359149754,6.86346408502406e-05,4.392617014415398e-05
F25,lambda,0.15253764415961255,-1.880343866448087,0.006728829999999995,0.006660195359149754,6.86346408502406e-05,4.392617014415398e-05
F25,lambda,0.2153444843629477,-1.5355162802411906,0.006728829999999995,0.006660195359149754,6.86346408502406e-05,4.392617014415398e-05
F25,lambda,0.30401182082646927,-1.1906886940342938,0.006728829999999995,0.006660195359149754,6.86346408502406e-05,4.392617014415398e-05
F25,lambda,0.42918762222139195,-0.845861107827397,0.006728829999999995,0.006660195359149754,6.86346408502406e-05,4.392617014415398e-05
F25,lambda,0.6059041209887529,-0.5010335216205011,0.006728829999999995,0.006660195359149754,6.86346408502406e-05,4.392617014415398e-05
F25,lambda,0.8553830185759148,-0.15620593541360428,0.006728829999999995,0.006660195359149754,6.86346408502406e-05,4.392617014415398e-05
F25,lambda,1.2075839776003532,0.18862165079329252,0.006728829999999995,0.006660195359149754,6.86346408502406e-05,4.392617014415398e-05
F25,lambda,1.704802446727168,0.5334492370001893,0.006728829999999995,0.006660195359149754,6.86346408502406e-05,4.392617014415398e-05
F25,lambda,2.4067488773263506,0.8782768232070861,0.006728829999999995,0.006660195359149754,6.86346408502406e-05,4.392617014415398e-05
F25,lambda,3.397719289781527,1.223104409413982,0.006728829999999995,0.006660195359149754,6.86346408502406e-05,4.392617014415398e-05
F25,lambda,4.796718295337168,1.5679319956208788,0.006728829999999995,0.006660195359149754,6.86346408502406e-05,4.392617014415398e-05
F25,lambda,6.771750236701205,1.9127595818277756,0.006728829999999995,0.006660195359149754,6.86346408502406e-05,4.392617014415398e-05
F25,lambda,9.55999465568771,2.2575871680346715,0.006728829999999995,0.006660195359149754,6.86346408502406e-05,4.392617014415398e-05
F25,lambda,13.49628893892861,2.6024147542415683,0.006728829999999995,0.006660195359149754,6.86346408502406e-05,4.392617014415398e-05
F25,lambda,19.053338593100243,2.947242340448465,0.006728829999999995,0.006660195359149754,6.86346408502406e-05,4.392617014415398e-05
F25,lambda,26.898483960001965,3.292069926655362,0.006728829999999995,0.006660195359149754,6.86346408502406e-05,4.392617014415398e-05
F25,lambda,37.973840427550755,3.6368975128622587,0.006728829999999995,0.006660195359149754,6.86346408502406e-05,4.392617014415398e-05
F25,lambda,53.609436091690526,3.9817250990691555,0.006728829999999995,0.006660195359149754,6.86346408502406e-05,4.392617014415398e-05
F25,lambda,75.68293345394488,4.3265526852760505,0.006728829999999995,0.006660195359149754,6.86346408502406e-05,4.392617014415398e-05
F25,lambda,106.84511596797202,4.671380271482947,0.006728829999999995,0.006660195359149754,6.86346408502406e-05,4.392617014415398e-05
F25,tau,4.111974348581374e-06,-12.401607268016331,6.863464172876692e-05,8.785263234121002e-13,6.86346408502406e-05,4.392617014415398e-05
F25,tau,5.805065370502005e-06,-12.056779681809434,6.863464178979543e-05,9.39554830421338e-13,6.86346408502406e-05,4.392617014415398e-05
F25,tau,8.195280684916633e-06,-11.711952095602538,6.863464122348179e-05,3.732411921848408e-13,6.86346408502406e-05,4.392617014415398e-05
F25,tau,1.1569658775222301e-05,-11.36712450939564,6.863464082087207e-05,-2.936852963510844e-14,6.86346408502406e-05,4.392617014415398e-05
F25,tau,1.633342521403098e-05,-11.022296923188744,6.863464196628239e-05,1.1160417886070875e-12,6.86346408502406e-05,4.392617014415398e-05
F25,tau,2.3058655782803456e-05,-10.677469336981849,6.86346409961849e-05,1.4594430536047504e-13,6.86346408502406e-05,4.392617014415398e-05
F25,tau,3.255297646038542e-05,-10.332641750774952,6.863464087588079e-05,2.5640188756892446e-14,6.86346408502406e-05,4.392617014415398e-05
F25,tau,4.595655039096864e-05,-9.987814164568055,6.863464194286969e-05,1.0926290932135665e-12,6.86346408502406e-05,4.392617014415398e-05
F25,tau,6.487899889608539e-05,-9.642986578361159,6.863464192396152e-05,1.073720919033544e-12,6.86346408502406e-05,4.392617014415398e-05
F25,tau,9.159269923326223e-05,-9.298158992154262,6.863464129160454e-05,4.413639457167759e-13,6.86346408502406e-05,4.392617014415398e-05
F25,tau,0.00012930567202911966,-8.953331405947365,6.863464191504729e-05,1.064806690086531e-12,6.86346408502406e-05,4.392617014415398e-05
F25,tau,0.00018254682915633865,-8.60850381974047,6.863464173964166e-05,8.8940106093751e-13,6.86346408502406e-05,4.392617014415398e-05
F25,tau,0.0002577098460733349,-8.263676233533573,6.863464118719512e-05,3.369545175649011e-13,6.86346408502406e-05,4.392617014415398e-05
F25,tau,0.00036382097169303734,-7.9188486473266755,6.863464199527666e-05,1.1450360652047811e-12,6.86346408502406e-05,4.392617014415398e-05
F25,tau,0.0005136229812732851,-7.57402106111978,6.863464105139465e-05,2.011540483877819e-13,6.86346408502406e-05,4.392617014415398e-05
F25,tau,0.0007251054431096344,-7.229193474912883,6.863464087974532e-05,2.950471898049978e-14,6.86346408502406e-05,4.392617014415398e-05
F25,tau,0.0010236650671739836,-6.884365888705986,6.86346423642671e-05,1.514026507247121e-12,6.86346408502406e-05,4.392617014415398e-05
F25,tau,0.0014451555697312258,-6.539538302499089,6.863464151342575e-05,6.631851507841666e-13,6.86346408502406e-05,4.392617014415398e-05
F25,tau,0.0020401933090193293,-6.194710716292192,6.863464315021208e-05,2.2999714790030226e-12,6.86346408502406e-05,4.392617014415398e-05
F25,tau,0.0028802357513256307,-5.8498831300852965,6.8634645275472e-05,4.425231407982795e-12,6.86346408502406e-05,4.392617014415398e-05
F25,tau,0.0040661627241596505,-5.5050555438784,6.863465285750241e-05,1.200726181622893e-11,6.86346408502406e-05,4.392617014415398e-05
F25,tau,0.0057403909703349085,-5.160227957671503,6.863467257494496e-05,3.172470436579953e-11,6.86346408502406e-05,4.392617014415398e-05
F25,tau,0.008103976827221712,-4.815400371464607,6.86347330919555e-05,9.224171490377405e-11,6.86346408502406e-05,4.392617014415398e-05
F25,tau,0.011440760874222291,-4.47057278525771,6.86348940566218e-05,2.5320638119585067e-10,6.86346408502406e-05,4.392617014415398e-05
F25,tau,0.016151454054195387,-4.125745199050813,6.863530591426363e-05,6.650640230318385e-10,6.86346408502406e-05,4.392617014415398e-05
F25,tau,0.022801758635875496,-3.7809176128439166,6.863624762276725e-05,1.6067725266483623e-09,6.86346408502406e-05,4.392617014415398e-05
F25,tau,0.03219030281386164,-3.43609002663702,6.863817111279975e-05,3.5302625591560185e-09,6.86346408502406e-05,4.392617014415398e-05
F25,tau,0.04544454714198066,-3.091262440430123,6.864172837158922e-05,7.087521348622932e-09,6.86346408502406e-05,4.392617014415398e-05
F25,tau,0.06415618010435084,-2.746434854223228,6.864778830997129e-05,1.3147459730693213e-08,6.86346408502406e-05,4.392617014415398e-05
F25,tau,0.09057226233815027,-2.401607268016331,6.865740363749855e-05,2.2762787257952686e-08,6.86346408502406e-05,4.392617014415398e-05
F25,n,0.031026111337502636,-3.472926127823822,6.864667334541975e-05,1.203249517915412e-08,6.86346408502406e-05,4.392617014415398e-05
F25,n,0.03786339107199379,-3.2737705684852747,6.864666304600748e-05,1.2022195766884353e-08,6.86346408502406e-05,4.392617014415398e-05
F25,n,0.046207414389628616,-3.0746150091467275,6.86466617763447e-05,1.2020926104096903e-08,6.86346408502406e-05,4.392617014415398e-05
F25,n,0.05639022507295007,-2.8754594498081802,6.864666377876007e-05,1.2022928519474512e-08,6.86346408502406e-05,4.392617014415398e-05
F25,n,0.0688170399876712,-2.676303890469633,6.864666130326254e-05,1.2020453021938603e-08,6.86346408502406e-05,4.392617014415398e-05
F25,n,0.08398237436609303,-2.477148331131086,6.864665995618159e-05,1.2019105940990296e-08,6.86346408502406e-05,4.392617014415398e-05
F25,n,0.1024897206481152,-2.277992771792539,6.86466575407454e-05,1.2016690504798849e-08,6.86346408502406e-05,4.392617014415398e-05
F25,n,0.12507556398369266,-2.078837212453992,6.864665747016153e-05,1.201661992093349e-08,6.86346408502406e-05,4.392617014415398e-05
F25,n,0.15263869007458833,-1.8796816531154446,6.864665747173682e-05,1.2016621496225037e-08,6.86346408502406e-05,4.392617014415398e-05
F25,n,0.18627595163771477,-1.6805260937768973,6.864665747026602e-05,1.2016620025423475e-08,6.86346408502406e-05,4.392617014415398e-05
F25,n,0.22732591678807249,-1.48137053443835,6.864665744451e-05,1.2016594269401268e-08,6.86346408502406e-05,4.392617014415398e-05
F25,n,0.2774221362940268,-1.2822149750998029,6.864665725140073e-05,1.2016401160133e-08,6.86346408502406e-05,4.392617014415398e-05
F25,n,0.33855814943305096,-1.083059415761256,6.864665675345013e-05,1.2015903209534602e-08,6.86346408502406e-05,4.392617014415398e-05
F25,n,0.413166815304349,-0.8839038564227089,6.864665636872374e-05,1.2015518483144859e-08,6.86346408502406e-05,4.392617014415398e-05
F25,n,0.5042171265249513,-0.6847482970841616,6.864665690457038e-05,1.2016054329780476e-08,6.86346408502406e-05,4.392617014415398e-05
F25,n,0.6153323579334488,-0.4855927377456144,6.864665666524081e-05,1.2015815000214654e-08,6.86346408502406e-05,4.392617014415398e-05
F25,n,0.7509342519352149,-0.2864371784070672,6.864665659724904e-05,1.2015747008446297e-08,6.86346408502406e-05,4.392617014415398e-05
F25,n,0.9164189782304437,-0.08728161906851994,6.864665746085898e-05,1.2016610618383983e-08,6.86346408502406e-05,4.392617014415398e-05
F25,n,1.1183718701026628,0.11187394027002728,6.864665634974522e-05,1.201549950461951e-08,6.86346408502406e-05,4.392617014415398e-05
F25,n,1.364829482527817,0.3110294996085745,6.864315764758821e-05,8.516797347609458e-09,6.86346408502406e-05,4.392617014415398e-05
F25,n,1.665599400498292,0.5101850589471217,6.863894573289589e-05,4.304882655290767e-09,6.86346408502406e-05,4.392617014415398e-05
F25,n,2.032650524080196,0.709340618285669,6.863603365471661e-05,1.3928044760141414e-09,6.86346408502406e-05,4.392617014415398e-05
F25,n,2.4805893612878562,0.9084961776242162,6.863490997740702e-05,2.691271664209552e-10,6.86346408502406e-05,4.392617014415398e-05
F25,n,3.027241282472285,1.1076517369627634,6.863467059256095e-05,2.974232035516441e-11,6.86346408502406e-05,4.392617014415398e-05
F25,n,3.6943598667804634,1.3068072963013098,6.86346439915729e-05,3.1413323006192206e-12,6.86346408502406e-05,4.392617014415398e-05
F25,n,4.508492568564569,1.505962855639857,6.863464101354135e-05,1.6330075583870923e-13,6.86346408502406e-05,4.392617014415398e-05
F25,n,5.502037152248505,1.7051184149784042,6.863464365579696e-05,2.80555636502592e-12,6.86346408502406e-05,4.392617014415398e-05
F25,n,6.714530935638446,1.9042739743169514,6.863464164840362e-05,7.981630222204938e-13,6.86346408502406e-05,4.392617014415398e-05
F25,n,8.194224146091225,2.1034295336554987,6.863464130426241e-05,4.54021816345164e-13,6.86346408502406e-05,4.392617014415398e-05
F25,n,10.000000000000002,2.302585092994046,6.863464079441996e-05,-5.5820636741393814e-14,6.86346408502406e-05,4.392617014415398e-05
F25,beta,0.01273673843801084,-4.3632646711894525,0.006728829999999995,0.006660195359149754,6.86346408502406e-05,4.392617014415398e-05
F25,beta,0.017981045836326023,-4.018437084982556,0.006728829999999995,0.006660195359149754,6.86346408502406e-05,4.392617014415398e-05
F25,beta,0.025384678419960664,-3.6736094987756593,0.006728829999999995,0.006660195359149754,6.86346408502406e-05,4.392617014415398e-05
F25,beta,0.03583673076362504,-3.328781912568763,0.006728829999999995,0.006660195359149754,6.86346408502406e-05,4.392617014415398e-05
F25,beta,0.05059237901610336,-2.983954326361866,0.006728829999999995,0.006660195359149754,6.86346408502406e-05,4.392617014415398e-05
F25,beta,0.07142361370493892,-2.6391267401549694,0.006728829999999995,0.006660195359149754,6.86346408502406e-05,4.392617014415398e-05
F25,beta,0.10083203624499656,-2.294299153948073,0.006728829999999995,0.006660195359149754,6.86346408502406e-05,4.392617014415398e-05
F25,beta,0.14234927366338573,-1.9494715677411767,0.006728829999999995,0.006660195359149754,6.86346408502406e-05,4.392617014415398e-05
F25,beta,0.20096108803415136,-1.60464398153428,0.006728829999999995,0.006660195359149754,6.86346408502406e-05,4.392617014415398e-05
F25,beta,0.2837061114858194,-1.259816395327383,0.006728829999999995,0.006660195359149754,6.86346408502406e-05,4.392617014415398e-05
F25,beta,0.40052110824920406,-0.9149888091204867,0.006728829999999995,0.006660195359149754,6.86346408502406e-05,4.392617014415398e-05
F25,beta,0.5654342703900082,-0.5701612229135904,0.006728829999999995,0.006660195359149754,6.86346408502406e-05,4.392617014415398e-05
F25,beta,0.798249848875765,-0.2253336367066936,0.006728829999999995,0.006660195359149754,6.86346408502406e-05,4.392617014415398e-05
F25,beta,1.1269264255784692,0.1194939495002032,0.0009793433567574007,0.00091070871590716,6.86346408502406e-05,4.392617014415398e-05
F25,beta,1.5909344304363455,0.4643215357070991,0.00021161769780759528,0.0001429830569573547,6.86346408502406e-05,4.392617014415398e-05
F25,beta,2.2459961045359123,0.8091491219139959,6.891630919902945e-05,2.816683487888487e-07,6.86346408502406e-05,4.392617014415398e-05
F25,beta,3.1707771263753073,1.1539767081208927,7.020837865065745e-05,1.573737800416851e-06,6.86346408502406e-05,4.392617014415398e-05
F25,beta,4.476333491781484,1.4988042943277895,0.0004307360904159974,0.00036210144956575684,6.86346408502406e-05,4.392617014415398e-05
F25,beta,6.3194481135136344,1.8436318805346863,0.014203906122230063,0.014135271481379823,6.86346408502406e-05,4.392617014415398e-05
F25,beta,8.921458718996728,2.188459466741582,0.12354406958034717,0.12347543493949692,6.86346408502406e-05,4.392617014415398e-05
F25,beta,12.594838068938454,2.533287052948479,0.46485853728167764,0.4647899026408274,6.86346408502406e-05,4.392617014415398e-05
F25,beta,17.780718487774408,2.878114639155376,1.1145137468902828,1.1144451122494325,6.86346408502406e-05,4.392617014415398e-05
F25,beta,25.10186698796749,3.2229422253622717,2.029059995082999,2.0289913604421486,6.86346408502406e-05,4.392617014415398e-05
F25,beta,35.43747271601295,3.5677698115691685,3.083718640947992,3.083650006307142,6.86346408502406e-05,4.392617014415398e-05
F25,beta,50.02872786713965,3.9125973977760653,4.1447644528377054,4.144695818196856,6.86346408502406e-05,4.392617014415398e-05
F25,beta,70.62788117148531,4.257424983982962,5.1152508266412555,5.115182192000406,6.86346408502406e-05,4.392617014415398e-05
F25,beta,99.70866363063995,4.602252570189859,5.945149420842995,5.945080786202145,6.86346408502406e-05,4.392617014415398e-05
F25,beta,140.76335631348266,4.947080156396756,6.6216210503515995,6.62155241571075,6.86346408502406e-05,4.392617014415398e-05
F25,beta,198.72217477546863,5.291907742603651,7.1544215190409215,7.154352884400072,6.86346408502406e-05,4.392617014415398e-05
F25,beta,280.5453335422457,5.6367353288105475,7.563824408622373,7.563755773981523,6.86346408502406e-05,4.392617014415398e-05
F37,lambda,0.0004674640966513621,-7.668188010791408,4.212120732615896,4.204383018707734,0.007737713908161791,0.004952136901223546
F37,lambda,0.0006599407995723596,-7.323360424584512,3.7437612910330955,3.736023577124934,0.007737713908161791,0.004952136901223546
F37,lambda,0.0009316691101199588,-6.978532838377616,3.1462717756791028,3.138534061770941,0.007737713908161791,0.004952136901223546
F37,lambda,0.00131528059988742,-6.633705252170719,2.429754383591804,2.4220166696836425,0.007737713908161791,0.004952136901223546
F37,lambda,0.0018568427756689998,-6.288877665963822,1.671300807248064,1.6635630933399022,0.007737713908161791,0.004952136901223546
F37,lambda,0.0026213912786741257,-5.944050079756925,1.0850341035429532,1.0772963896347914,0.007737713908161791,0.004952136901223546
F37,lambda,0.003700739947372752,-5.5992224935500285,0.7426240432850381,0.7348863293768763,0.007737713908161791,0.004952136901223546
F37,lambda,0.005224506646336103,-5.254394907343133,0.5453537915797932,0.5376160776716314,0.007737713908161791,0.004952136901223546
F37,lambda,0.007375678941447339,-4.909567321136236,0.4108100560676919,0.4030723421595301,0.007737713908161791,0.004952136901223546
F37,lambda,0.010412588887308697,-4.564739734929339,0.3188142560010119,0.3110765420928501,0.007737713908161791,0.004952136901223546
F37,lambda,0.014699935856322495,-4.219912148722443,0.2451466083653278,0.237408894457166,0.007737713908161791,0.004952136901223546
F37,lambda,0.02075258290888381,-3.8750845625155463,0.09368050367483503,0.08594278976667324,0.007737713908161791,0.004952136901223546
F37,lambda,0.029297386165454853,-3.5302569763086495,0.04569938406335499,0.0379616701551932,0.007737713908161791,0.004952136901223546
F37,lambda,0.041360482205824445,-3.1854293901017527,0.019271379075758294,0.011533665167596503,0.007737713908161791,0.004952136901223546
F37,lambda,0.058390515748992934,-2.840601803894857,0.008799105430840108,0.0010613915226783174,0.007737713908161791,0.004952136901223546
F37,lambda,0.08243260589822791,-2.49577421768796,0.007746533837455211,8.819929293420181e-06,0.007737713908161791,0.004952136901223546
F37,lambda,0.11637394237761559,-2.1509466314810632,0.007760068761172628,2.2354853010836916e-05,0.007737713908161791,0.004952136901223546
F37,lambda,0.16429050515798058,-1.8061190452741664,0.007769525187955831,3.181127979404001e-05,0.007737713908161791,0.004952136901223546
F37,lambda,0.23193654467321892,-1.4612914590672696,0.007776156184400065,3.8442276238274085e-05,0.007737713908161791,0.004952136901223546
F37,lambda,0.3274356037996448,-1.1164638728603737,0.0077808188034488805,4.310489528708966e-05,0.007737713908161791,0.004952136901223546
F37,lambda,0.46225606571269134,-0.7716362866534769,0.007784104033821998,4.6390125660207386e-05,0.007737713908161791,0.004952136901223546
F37,lambda,0.6525883801534469,-0.42680870044658015,0.007786422237573684,4.8708329411893334e-05,0.007737713908161791,0.004952136901223546
F37,lambda,0.9212893577820432,-0.08198111423968424,0.007788059842889312,5.034593472752133e-05,0.007737713908161791,0.004952136901223546
F37,lambda,1.3006270209145818,0.26284647196721256,0.007789217572536291,5.1503664374500345e-05,0.007737713908161791,0.004952136901223546
F37,lambda,1.836155636927853,0.6076740581741094,0.007790036565211882,5.232265705009103e-05,0.007737713908161791,0.004952136901223546
F37,lambda,2.5921862830830342,0.9525016443810062,0.007790616079646581,5.2902171484790414e-05,0.007737713908161791,0.004952136901223546
F37,lambda,3.6595098972363744,1.297329230587903,0.00779102628738178,5.3312379219989416e-05,0.007737713908161791,0.004952136901223546
F37,lambda,5.1663002676038765,1.6421568167947997,0.007791316710817164,5.3602802655373406e-05,0.007737713908161791,0.004952136901223546
F37,lambda,7.293506290336955,1.9869844030016948,0.0077915223577034644,5.380844954167366e-05,0.007737713908161791,0.004952136901223546
F37,lambda,10.29658193519145,2.3318119892085916,0.007791667989798167,5.395408163637663e-05,0.007737713908161791,0.004952136901223546
F37,tau,9.999999999999982e-09,-18.420680743952367,0.007737713906548415,-1.6133760993852775e-12,0.007737713908161791,0.004952136901223546
F37,tau,1.2446735416671063e-08,-18.201807463948626,0.007737713906686137,-1.4756538005422648e-12,0.007737713908161791,0.004952136901223546
F37,tau,1.5492122253261405e-08,-17.982934183944884,0.007737713906857541,-1.3042501106896864e-12,0.007737713908161791,0.004952136901223546
F37,tau,1.9282634672906628e-08,-17.764060903941147,0.007737713907070787,-1.0910040232348095e-12,0.007737713908161791,0.004952136901223546
F37,tau,2.4000585190999677e-08,-17.545187623937405,0.007737713907336423,-8.25367552081957e-13,0.007737713908161791,0.004952136901223546
F37,tau,2.987289337176472e-08,-17.326314343933664,0.007737713907666786,-4.950050785934579e-13,0.007737713908161791,0.004952136901223546
F37,tau,3.718199999287829e-08,-17.107441063929922,0.007737713908078063,-8.372816329149657e-14,0.007737713908161791,0.004952136901223546
F37,tau,4.627945161740222e-08,-16.88856778392618,0.007737713908590056,4.282650623022022e-13,0.007737713908161791,0.004952136901223546
F37,tau,5.76028089510434e-08,-16.669694503922443,0.007737713909227252,1.065461087412789e-12,0.007737713908161791,0.004952136901223546
F37,tau,7.1696692227069e-08,-16.4508212239187,0.007737713910020457,1.858665998888398e-12,0.007737713908161791,0.004952136901223546
F37,tau,8.923897584008262e-08,-16.23194794391496,0.007737713911007612,2.845820801233856e-12,0.007737713908161791,0.004952136901223546
F37,tau,1.1107339211362116e-07,-16.01307466391122,0.007737713912236328,4.07453758233256e-12,0.007737713908161791,0.004952136901223546
F37,tau,1.3825011234704006e-07,-15.79420138390748,0.007737713913765975,5.604183783702865e-12,0.007737713908161791,0.004952136901223546
F37,tau,1.72076256970866e-07,-15.575328103903738,0.007737713915669539,7.507747895596495e-12,0.007737713908161791,0.004952136901223546
F37,tau,2.1417876420074685e-07,-15.356454823899998,0.007737713918039058,9.877267406754875e-12,0.007737713908161791,0.004952136901223546
F37,tau,2.6658264098762807e-07,-15.137581543896257,0.007737713920988585,1.2826794314191314e-11,0.007737713908161791,0.004952136901223546
F37,tau,3.318083599050423e-07,-14.918708263892515,0.007737713924659948,1.6498157007216463e-11,0.007737713908161791,0.004952136901223546
F37,tau,4.1299308647776286e-07,-14.699834983888776,0.007737713929229806,2.106801538781511e-11,0.007737713908161791,0.004952136901223546
F37,tau,5.140415676303075e-07,-14.480961703885034,0.0077377139349188405,2.6757049700898428e-11,0.007737713908161791,0.004952136901223546
F37,tau,6.398139385465261e-07,-14.262088423881295,0.007737713942000668,3.38388770129705e-11,0.007737713908161791,0.004952136901223546
F37,tau,7.963594808986864e-07,-14.043215143877553,0.007737713950816098,4.2654307169653904e-11,0.007737713908161791,0.004952136901223546
F37,tau,9.912075755303479e-07,-13.824341863873812,0.007737713961785558,5.362376688522463e-11,0.007737713908161791,0.004952136901223546
F37,tau,1.2337298435626237e-06,-13.605468583870072,0.007737713975443764,6.728197339544995e-11,0.007737713908161791,0.004952136901223546
F37,tau,1.535590893847496e-06,-13.386595303866333,0.0077377139925751785,8.441338773812479e-11,0.007737713908161791,0.004952136901223546
F37,tau,1.9113093563969233e-06,-13.167722023862591,0.007737714014672216,1.0651042547937806e-10,0.007737713908161791,0.004952136901223546
F37,tau,2.3789561858480403e-06,-12.94884874385885,0.007737714042196312,1.340345213290961e-10,0.007737713908161791,0.004952136901223546
F37,tau,2.9610238213103563e-06,-12.729975463855109,0.0077377140764176445,1.6825585369417695e-10,0.007737713908161791,0.004952136901223546
F37,tau,3.6855080066310295e-06,-12.511102183851369,0.007737714119055838,2.108940470174625e-10,0.007737713908161791,0.004952136901223546
F37,tau,4.587254303455921e-06,-12.29222890384763,0.007737714171807745,2.6364595402672553e-10,0.007737713908161791,0.004952136901223546
F37,tau,5.709634060410165e-06,-12.073355623843888,0.007737714237289309,3.291275186417808e-10,0.007737713908161791,0.004952136901223546
F37,n,0.010000000000000004,-4.605170185988091,0.0077377139081506174,-1.1173353908766614e-14,0.007737713908161791,0.004952136901223546
F37,n,0.011883770955539793,-4.432581594914884,0.007737713908565067,4.032763706307563e-13,0.007737713908161791,0.004952136901223546
F37,n,0.0141224012123731,-4.259993003841679,0.007737713906784941,-1.3768500228827918e-12,0.007737713908161791,0.004952136901223546
F37,n,0.016782738135007934,-4.087404412768472,0.007737713906938637,-1.2231535229112467e-12,0.007737713908161791,0.004952136901223546
F37,n,0.019944221600323716,-3.914815821695266,0.007737713907122411,-1.0393795199514777e-12,0.007737713908161791,0.004952136901223546
F37,n,0.023701256138477615,-3.74222723062206,0.007737713907342427,-8.193636741316013e-13,0.007737713908161791,0.004952136901223546
F37,n,0.02816602993082494,-3.5696386395488533,0.007737713907605604,-5.561870408676839e-13,0.007737713908161791,0.004952136901223546
F37,n,0.033471864842480166,-3.397050048475647,0.007737713907920838,-2.409530908131785e-13,0.007737713908161791,0.004952136901223546
F37,n,0.039777197524281896,-3.224461457402441,0.0077377139082982285,1.3643773610905185e-13,0.007737713908161791,0.004952136901223546
F37,n,0.047270310463183016,-3.051872866329235,0.007737713908750233,5.884424891799966e-13,0.007737713908161791,0.004952136901223546
F37,n,0.056174954254172266,-2.879284275256029,0.007737713909291092,1.1293015134139495e-12,0.007737713908161791,0.004952136901223546
F37,n,0.06675702897945086,-2.7066956841828222,0.007737713909937266,1.7754755998744542e-12,0.007737713908161791,0.004952136901223546
F37,n,0.07933252420641257,-2.534107093109616,0.007737713910706946,2.5451550589306038e-12,0.007737713908161791,0.004952136901223546
F37,n,0.09427695469938224,-2.36151850203641,0.007737713911620621,3.458830444280636e-12,0.007737713908161791,0.004952136901223546
F37,n,0.11203657360332592,-2.1889299109632034,0.007737713912699219,4.5374285925769975e-12,0.007737713908161791,0.004952136901223546
F37,n,0.13314169793453995,-2.0163413198899973,0.007737713913963298,5.801506844371751e-12,0.007737713908161791,0.004952136901223546
F37,n,0.1582225442885737,-1.8437527288167912,0.007737713915431139,7.269348317739954e-12,0.007737713908161791,0.004952136901223546
F37,n,0.18802804763281591,-1.671164137743585,0.00773771391711688,8.955089274287342e-12,0.007737713908161791,0.004952136901223546
F37,n,0.22344822512857088,-1.498575546670379,0.007737713919029585,1.0867794511537632e-11,0.007737713908161791,0.004952136901223546
F37,n,0.2655407527849826,-1.3259869555971724,0.007737713921484318,1.3322527109282944e-11,0.007737713908161791,0.004952136901223546
F37,n,0.31556254854583465,-1.1533983645239663,0.007737713926052186,1.7890394894692907e-11,0.007737713908161791,0.004952136901223546
F37,n,0.37500730490651024,-0.9808097734507601,0.007737713932496808,2.4335017508037016e-11,0.007737713908161791,0.004952136901223546
F37,n,0.445650091816324,-0.8082211823775536,0.0077377139452501865,3.708839572263978e-11,0.007737713908161791,0.004952136901223546
F37,n,0.5296003617460469,-0.6356325913043475,0.007737713952887557,4.472576649316995e-11,0.007737713908161791,0.004952136901223546
F37,n,0.6293649396961034,-0.46304400023114134,0.007737713940874644,3.271285325956441e-11,0.007737713908161791,0.004952136901223546
F37,n,0.7479228790795603,-0.2904554091579348,0.0077377139427549,3.459310962683482e-11,0.007737713908161791,0.004952136901223546
F37,n,0.8888144187389369,-0.1178668180847291,0.007737713969690952,6.15291611064106e-11,0.007737713908161791,0.004952136901223546
F37,n,1.0562466974274758,0.05472177298847747,0.00773771404659377,1.3843197942120522e-10,0.007737713908161791,0.004952136901223546
F37,n,1.2552193824773459,0.22731036406168403,0.007737714598251136,6.90089345042888e-10,0.007737713908161791,0.004952136901223546
F37,n,1.4916739640314858,0.3998989551348897,0.007737718853461719,4.94529992824122e-09,0.007737713908161791,0.004952136901223546
F37,beta,0.018452568890919775,-3.9925516829077283,0.6948457299999998,0.687108016091838,0.007737713908161791,0.004952136901223546
F37,beta,0.026050349439177965,-3.6477240967008315,0.6948457299999998,0.687108016091838,0.007737713908161791,0.004952136901223546
F37,beta,0.03677648949123925,-3.302896510493935,0.6948457299999998,0.687108016091838,0.007737713908161791,0.004952136901223546
F37,beta,0.051919080105127004,-2.958068924287039,0.27258006642630844,0.26484235251814664,0.007737713908161791,0.004952136901223546
F37,beta,0.07329657931610707,-2.613241338080142,0.27206882707416663,0.2643311131660048,0.007737713908161791,0.004952136901223546
F37,beta,0.10347618888016184,-2.2684137518732452,0.27135624243909984,0.26361852853093803,0.007737713908161791,0.004952136901223546
F37,beta,0.1460821468759862,-1.9235861656663489,0.2703690373841185,0.2626313234759567,0.007737713908161791,0.004952136901223546
F37,beta,0.20623095870501706,-1.5787585794594525,0.26901417998798766,0.26127646607982585,0.007737713908161791,0.004952136901223546
F37,beta,0.2911458329298554,-1.2339309932525557,0.2671822433674879,0.2594445294593261,0.007737713908161791,0.004952136901223546
F37,beta,0.4110241089150168,-0.8891034070456589,0.22122726038745352,0.21348954647929172,0.007737713908161791,0.004952136901223546
F37,beta,0.5802618447576605,-0.5442758208387626,0.20590843646866222,0.19817072256050042,0.007737713908161791,0.004952136901223546
F37,beta,0.8191826250055324,-0.19944823463186623,0.1794405652079332,0.1717028512997714,0.007737713908161791,0.004952136901223546
F37,beta,1.1564781988917698,0.14537935157503057,0.12652690491466306,0.11878919100650127,0.007737713908161791,0.004952136901223546
F37,beta,1.6326540428062908,0.49020693778192737,0.058182662051758635,0.050444948143596846,0.007737713908161791,0.004952136901223546
F37,beta,2.3048936210350317,0.8350345239888233,0.013584354144720078,0.005846640236558287,0.007737713908161791,0.004952136901223546
F37,beta,3.25392548880504,1.17986211019572,0.008650418916591459,0.0009127050084296682,0.007737713908161791,0.004952136901223546
F37,beta,4.593717900933092,1.5246896964026169,0.010035963619827844,0.002298249711666053,0.007737713908161791,0.004952136901223546
F37,beta,6.485165141597219,1.8695172826095137,0.010700856657837342,0.002963142749675551,0.007737713908161791,0.004952136901223546
F37,beta,9.155409152408952,2.2143448688164105,0.015416720005719758,0.007679006097557967,0.007737713908161791,0.004952136901223546
F37,beta,12.925116773104914,2.5591724550233064,0.0839268141709163,0.07618910026275451,0.007737713908161791,0.004952136901223546
F37,beta,18.246988290462372,2.904000041230203,0.3274024913617027,0.3196647774535409,0.007737713908161791,0.004952136901223546
F37,beta,25.760121747224098,3.2488276274371,0.7889809426607004,0.7812432287525386,0.007737713908161791,0.004952136901223546
F37,beta,36.36676156462818,3.593655213643996,1.4289402087478926,1.4212024948397308,0.007737713908161791,0.004952136901223546
F37,beta,51.34064814119269,3.9384827998508927,2.1354533862230127,2.127715672314851,0.007737713908161791,0.004952136901223546
F37,beta,72.47998001893855,4.2833103860577895,2.8156294362113523,2.8078917223031907,0.007737713908161791,0.004952136901223546
F37,beta,102.32335768528712,4.628137972264686,3.4154239059291873,3.4076861920210257,0.007737713908161791,0.004952136901223546
F37,beta,144.45464147831507,4.972965558471583,3.9139344680637063,3.9061967541555447,0.007737713908161791,0.004952136901223546
F37,beta,203.93333366570113,5.31779314467848,4.311610627578088,4.3038729136699265,0.007737713908161791,0.004952136901223546
F37,beta,287.90216883580894,5.662620730885375,4.619813199738476,4.612075485830315,0.007737713908161791,0.004952136901223546
F37,beta,406.4448775021589,6.007448317092272,4.853810984742096,4.8460732708339345,0.007737713908161791,0.004952136901223546
F54,lambda,3.22065553837436,1.1695849221821142,0.00013260606488967093,1.7044729516717998e-08,0.0001325890201601542,8.485697290249869e-05
F54,lambda,4.249716825767647,1.446852351485358,0.0001326019077468151,1.2887586660879653e-08,0.0001325890201601542,8.485697290249869e-05
F54,lambda,5.607582954471612,1.7241197807886017,0.00013259875801923087,9.737859076660183e-09,0.0001325890201601542,8.485697290249869e-05
F54,lambda,7.3993133849807755,2.0013872100918455,0.00013259637143501,7.351274855776219e-09,0.0001325890201601542,8.485697290249869e-05
F54,lambda,9.763536092764694,2.2786546393950893,0.00013259456301186557,5.542851711361034e-09,0.0001325890201601542,8.485697290249869e-05
F54,lambda,12.883173353383592,2.555922068698333,0.00013259319264104748,4.172480893264866e-09,0.0001325890201601542,8.485697290249869e-05
F54,lambda,16.999594621904485,2.833189498001577,0.00013259215418684036,3.134026686145387e-09,0.0001325890201601542,8.485697290249869e-05
F54,lambda,22.431291529053716,3.1104569273048206,0.0001325913672405536,2.347080399391771e-09,0.0001325890201601542,8.485697290249869e-05
F54,lambda,29.598519897236642,3.3877243566080644,0.00013259077087953615,1.7507193819383659e-09,0.0001325890201601542,8.485697290249869e-05
F54,lambda,39.055815353850534,3.664991785911308,0.00013259031894214987,1.2987819956609883e-09,0.0001325890201601542,8.485697290249869e-05
F54,lambda,51.534898307414224,3.942259215214552,0.00013258997644967086,9.562895166492433e-10,0.0001325890201601542,8.485697290249869e-05
F54,lambda,68.00128788743068,4.219526644517796,0.00013258971689640426,6.967362500473733e-10,0.0001325890201601542,8.485697290249869e-05
F54,lambda,89.72900512513394,4.4967940738210395,0.00013258952019652384,5.000363696239588e-10,0.0001325890201601542,8.485697290249869e-05
F54,lambda,118.39914523493177,4.774061503124283,0.00013258937112878348,3.509686292675965e-10,0.0001325890201601542,8.485697290249869e-05
F54,lambda,156.22994563254989,5.051328932427527,0.00013258925815857705,2.379984228358806e-10,0.0001325890201601542,8.485697290249869e-05
F54,lambda,206.1484131825334,5.328596361730771,0.0001325891725444695,1.523843152898864e-10,0.0001325890201601542,8.485697290249869e-05
F54,lambda,272.01678964690365,5.6058637910340146,0.00013258910766199522,8.75018410051269e-11,0.0001325890201601542,8.485697290249869e-05
F54,lambda,358.93137719324017,5.883131220337258,0.00013258905849087869,3.833072447227866e-11,0.0001325890201601542,8.485697290249869e-05
F54,lambda,473.61684439062907,6.160398649640502,0.0001325890212266041,1.0664498797940958e-12,0.0001325890201601542,8.485697290249869e-05
F54,lambda,624.9465205427626,6.437666078943746,0.00013258899298590227,-2.7174251943703348e-11,0.0001325890201601542,8.485697290249869e-05
F54,lambda,824.6289340511328,6.71493350824699,0.00013258897158355322,-4.857660099361928e-11,0.0001325890201601542,8.485697290249869e-05
F54,lambda,1088.113712968143,6.992200937550233,0.000132588955363936,-6.479621822278771e-11,0.0001325890201601542,8.485697290249869e-05
F54,lambda,1435.7869381720034,7.269468366853477,0.00013258894307167465,-7.708847956137098e-11,0.0001325890201601542,8.485697290249869e-05
F54,lambda,1894.5484348341176,7.546735796156721,0.00013258893375617806,-8.64039761505446e-11,0.0001325890201601542,8.485697290249869e-05
F54,lambda,2499.8930387973865,7.824003225459965,0.00013258892669623293,-9.346392128121994e-11,0.0001325890201601542,8.485697290249869e-05
F54,lambda,3298.6568675267577,8.101270654763209,0.0001325889213459079,-9.881424630907472e-11,0.0001325890201601542,8.485697290249869e-05
F54,lambda,4352.641077362248,8.378538084066452,0.00013258891729117786,-1.0286897635797265e-10,0.0001325890201601542,8.485697290249869e-05
F54,lambda,5743.393480797533,8.655805513369696,0.00013258891421824174,-1.0594191246927204e-10,0.0001325890201601542,8.485697290249869e-05
F54,lambda,7578.517982295442,8.93307294267294,0.00013258891188945321,-1.0827070099847513e-10,0.0001325890201601542,8.485697290249869e-05
F54,lambda,10000.00000000001,9.210340371976184,0.00013258891012462928,-1.1003552493542117e-10,0.0001325890201601542,8.485697290249869e-05
F54,tau,3331.307727320794,8.111120216790889,4.42460578,4.42447319097984,0.0001325890201601542,8.485697290249869e-05
F54,tau,4702.962004864506,8.455947802997786,4.42460578,4.42447319097984,0.0001325890201601542,8.485697290249869e-05
F54,tau,6639.390122325164,8.800775389204682,0.00013259751126390847,8.491103754251945e-09,0.0001325890201601542,8.485697290249869e-05
F54,tau,9373.13572825662,9.145602975411578,0.0001325950007688107,5.980608656474661e-09,0.0001325890201601542,8.485697290249869e-05
F54,tau,13232.491503233612,9.490430561618474,0.00013259322262663,4.202466475776868e-09,0.0001325890201601542,8.485697290249869e-05
F54,tau,18680.923488101213,9.835258147825371,0.00013259196316724582,2.943007091607726e-09,0.0001325890201601542,8.485697290249869e-05
F54,tau,26372.728241163983,10.180085734032268,0.0001325910710761481,2.0509159938918164e-09,0.0001325890201601542,8.485697290249869e-05
F54,tau,37231.606634720134,10.524913320239165,0.00013259043918833335,1.4190281791412115e-09,0.0001325890201601542,8.485697290249869e-05
F54,tau,52561.59013684796,10.869740906446062,0.0001325899916049365,9.71444782282187e-10,0.0001325890201601542,8.485697290249869e-05
F54,tau,74203.64060082294,11.214568492652957,0.00013258967456724902,6.544070948110922e-10,0.0001325890201601542,8.485697290249869e-05
F54,tau,104756.72946880724,11.559396078859853,0.00013258944999839815,4.2983824393707723e-10,0.0001325890201601542,8.485697290249869e-05
F54,tau,147889.9455625788,11.90422366506675,0.00013258929092795915,2.7076780493304545e-10,0.0001325890201601542,8.485697290249869e-05
F54,tau,208783.1121628806,12.249051251273647,0.00013258917825218841,1.5809203420110926e-10,0.0001325890201601542,8.485697290249869e-05
F54,tau,294748.82662643807,12.593878837480542,0.00013258909843948932,7.82793351081397e-11,0.0001325890201601542,8.485697290249869e-05
F54,tau,416110.6226344871,12.938706423687439,0.00013258904190573202,2.1745577804795427e-11,0.0001325890201601542,8.485697290249869e-05
F54,tau,587442.7126683926,13.283534009894336,0.0001325890018600716,-1.8300082613555493e-11,0.0001325890201601542,8.485697290249869e-05
F54,tau,829320.1901032142,13.628361596101232,0.00013258897349299585,-4.666715836465149e-11,0.0001325890201601542,8.485697290249869e-05
F54,tau,1170789.8708772883,13.97318918230813,0.00013258895340010515,-6.676004906769166e-11,0.0001325890201601542,8.485697290249869e-05
F54,tau,1652858.4955567752,14.318016768515026,0.00013258893916762653,-8.099252768022785e-11,0.0001325890201601542,8.485697290249869e-05
F54,tau,2333417.1863710494,14.662844354721923,0.00013258892908586694,-9.107428727188685e-11,0.0001325890201601542,8.485697290249869e-05
F54,tau,3294193.5321678277,15.007671940928818,0.00013258892194478272,-9.82153714910658e-11,0.0001325890201601542,8.485697290249869e-05
F54,tau,4650566.1699753925,15.352499527135715,0.00013258891688628724,-1.0327386697011297e-10,0.0001325890201601542,8.485697290249869e-05
F54,tau,6565420.486114212,15.697327113342611,0.00013258891330318498,-1.0685696923661003e-10,0.0001325890201601542,8.485697290249869e-05
F54,tau,9268709.353664821,16.042154699549506,0.0001325889107656058,-1.0939454840575534e-10,0.0001325890201601542,8.485697290249869e-05
F54,tau,13085067.935010463,16.386982285756403,0.0001943154637158894,6.172644355573518e-05,0.0001325890201601542,8.485697290249869e-05
F54,tau,18472798.782512203,16.7318098719633,0.00046810255514839695,0.00033551353498824274,0.0001325890201601542,8.485697290249869e-05
F54,tau,26078908.917709913,17.076637458170197,0.0008999056656416257,0.0007673166454814715,0.0001325890201601542,8.485697290249869e-05
F54,tau,36816808.23493051,17.421465044377094,0.0014410905658243127,0.0013085015456641585,0.0001325890201601542,8.485697290249869e-05
F54,tau,51975999.9501803,17.76629263058399,0.0020568999328405206,0.0019243109126803664,0.0001325890201601542,8.485697290249869e-05
F54,tau,73376935.70780665,18.111120216790887,0.002722166009620492,0.002589576989460338,0.0001325890201601542,8.485697290249869e-05
F54,n,0.010000000000000004,-4.605170185988091,0.0007010949859670299,0.0005685059658068756,0.0001325890201601542,8.485697290249869e-05
F54,n,0.01268961003167923,-4.366971728092155,0.0006798908592739656,0.0005473018391138115,0.0001325890201601542,8.485697290249869e-05
F54,n,0.016102620275609394,-4.12877327019622,0.0006536668237220559,0.0005210778035619017,0.0001325890201601542,8.485697290249869e-05
F54,n,0.020433597178569424,-3.890574812300284,0.0006214761048618728,0.0004888870847017186,0.0001325890201601542,8.485697290249869e-05
F54,n,0.025929437974046683,-3.652376354404348,0.0005823498202441845,0.00044976080008403034,0.0001325890201601542,8.485697290249869e-05
F54,n,0.0329034456231267,-3.414177896508412,0.0005354184893654511,0.0004028294692052969,0.0001325890201601542,8.485697290249869e-05
F54,n,0.04175318936560403,-3.1759794386124764,0.0004801320182102544,0.0003475429980501002,0.0001325890201601542,8.485697290249869e-05
F54,n,0.05298316906283709,-2.937780980716541,0.0004166292383921658,0.00028404021823201156,0.0001325890201601542,8.485697290249869e-05
F54,n,0.06723357536499339,-2.699582522820605,0.0003463313699076469,0.0002137423497474927,0.0001325890201601542,8.485697290249869e-05
F54,n,0.08531678524172813,-2.461384064924669,0.00027284833640175564,0.00014025931624160143,0.0001325890201601542,8.485697290249869e-05
F54,n,0.10826367338740547,-2.2231856070287335,0.00020330182854271807,7.071280838256386e-05,0.0001325890201601542,8.485697290249869e-05
F54,n,0.1373823795883263,-1.984987149132798,0.00015014591561611498,1.755689545596077e-05,0.0001325890201601542,8.485697290249869e-05
F54,n,0.17433288221999885,-1.746788691236862,0.00013349409593968947,9.05075779535254e-07,0.0001325890201601542,8.485697290249869e-05
F54,n,0.22122162910704501,-1.508590233340926,0.00014255835319209025,9.969333031936039e-06,0.0001325890201601542,8.485697290249869e-05
F54,n,0.28072162039411774,-1.2703917754449905,0.00015463676557996692,2.204774541981271e-05,0.0001325890201601542,8.485697290249869e-05
F54,n,0.3562247890262442,-1.032193317549055,0.00017062306093535955,3.803404077520534e-05,0.0001325890201601542,8.485697290249869e-05
F54,n,0.4520353656360244,-0.793994859653119,0.0001916791952111061,5.9090175050951875e-05,0.0001325890201601542,8.485697290249869e-05
F54,n,0.5736152510448681,-0.555796401757183,0.0002190494175527408,8.646039739258659e-05,0.0001325890201601542,8.485697290249869e-05
F54,n,0.7278953843983156,-0.31759794386124707,0.00025371441435344694,0.00012112539419329273,0.0001325890201601542,8.485697290249869e-05
F54,n,0.9236708571873862,-0.07939948596531199,0.00029570520715956105,0.00016311618699940683,0.0001325890201601542,8.485697290249869e-05
F54,n,1.1721022975334803,0.15879897193062398,0.0003431169776255747,0.0002105279574654205,0.0001325890201601542,8.485697290249869e-05
F54,n,1.4873521072935119,0.39699742982655994,0.00039135244895001234,0.00025876342878985813,0.0001325890201601542,8.485697290249869e-05
F54,n,1.8873918221350965,0.635195887722495,0.0004338195774932649,0.0003012305573331107,0.0001325890201601542,8.485697290249869e-05
F54,n,2.395026619987485,0.873394345618431,0.0004649684655003426,0.0003323794453401884,0.0001325890201601542,8.485697290249869e-05
F54,n,3.039195382313198,1.111592803514367,0.00048363981349346097,0.00035105079333330676,0.0001325890201601542,8.485697290249869e-05
F54,n,3.856620421163473,1.349791261410303,0.0004928460943273665,0.00036025707416721225,0.0001325890201601542,8.485697290249869e-05
F54,n,4.893900918477496,1.587989719306239,0.00049663028540177,0.0003640412652416158,0.0001325890201601542,8.485697290249869e-05
F54,n,6.210169418915615,1.826188177202174,0.0004979167289970162,0.000365327708836862,0.0001325890201601542,8.485697290249869e-05
F54,n,7.880462815669912,2.06438663509811,0.0004982636080405689,0.00036567458788041473,0.0001325890201601542,8.485697290249869e-05
F54,n,10.000000000000002,2.302585092994046,0.000498332649369499,0.0003657436292093448,0.0001325890201601542,8.485697290249869e-05
F54,beta,0.0027244901266603714,-5.905473977856525,0.0007553875032307456,0.0006227984830705915,0.0001325890201601542,8.485697290249869e-05
F54,beta,0.0038462893845646654,-5.5606463916496285,0.0007516770670646656,0.0006190880469045114,0.0001325890201601542,8.485697290249869e-05
F54,beta,0.005429985554012254,-5.215818805442732,0.0007464600023973485,0.0006138709822371942,0.0001325890201601542,8.485697290249869e-05
F54,beta,0.00766576306897379,-4.870991219235836,0.0007391368831002782,0.0006065478629401239,0.0001325890201601542,8.485697290249869e-05
F54,beta,0.010822114137342674,-4.526163633028939,0.0007288821417477492,0.0005962931215875949,0.0001325890201601542,8.485697290249869e-05
F54,beta,0.015278081692309688,-4.181336046822042,0.0007145712880780662,0.000581982267917912,0.0001325890201601542,8.485697290249869e-05
F54,beta,0.021568778265926108,-3.836508460615146,0.0006946979967242599,0.0005621089765641056,0.0001325890201601542,8.485697290249869e-05
F54,beta,0.030449647099272528,-3.4916808744082495,0.0006672959543680988,0.0005347069342079445,0.0001325890201601542,8.485697290249869e-05
F54,beta,0.04298718253944763,-3.1468532882013527,0.0006299042635564372,0.0004973152433962831,0.0001325890201601542,8.485697290249869e-05
F54,beta,0.06068700424196179,-2.802025701994456,0.0005796645348203956,0.00044707551466024136,0.0001325890201601542,8.485697290249869e-05
F54,beta,0.08567466547695289,-2.4571981157875595,0.000513734812036629,0.00038114579187647476,0.0001325890201601542,8.485697290249869e-05
F54,beta,0.12095090862159362,-2.112370529580663,0.00043038687636310285,0.00029779785620294864,0.0001325890201601542,8.485697290249869e-05
F54,beta,0.17075202120660085,-1.7675429433737664,0.00033147080633447006,0.00019888178617431584,0.0001325890201601542,8.485697290249869e-05
F54,beta,0.24105856730152866,-1.4227153571668696,0.0002274296723120949,9.484065215194069e-05,0.0001325890201601542,8.485697290249869e-05
F54,beta,0.340313587264402,-1.0778877709599737,0.0001466788703031018,1.4089850142947583e-05,0.0001325890201601542,8.485697290249869e-05
F54,beta,0.48043651372033774,-0.7330601847530769,0.0001515296596795567,1.8940639519402473e-05,0.0001325890201601542,8.485697290249869e-05
F54,beta,0.6782545638896881,-0.3882325985461801,0.00036164905481068016,0.00022906003465052594,0.0001325890201601542,8.485697290249869e-05
F54,beta,0.957523502689003,-0.04340501233928329,0.0009804898253368245,0.0008479008051766703,0.0001325890201601542,8.485697290249869e-05
F54,beta,1.35178044795425,0.3014225738676135,0.002306437732576343,0.002173848712416189,0.0001325890201601542,8.485697290249869e-05
F54,beta,1.9083713082130882,0.6462501600745094,0.004689060846152154,0.004556471825991999,0.0001325890201601542,8.485697290249869e-05
F54,beta,2.6941365038401512,0.9910777462814062,0.008379216895664844,0.00824662787550469,0.0001325890201601542,8.485697290249869e-05
F54,beta,3.8034377639645203,1.335905332488303,0.013265415816671377,0.013132826796511224,0.0001325890201601542,8.485697290249869e-05
F54,beta,5.3694899288628335,1.680732918695199,0.01863220971951447,0.018499620699354315,0.0001325890201601542,8.485697290249869e-05
F54,beta,7.580358582259786,2.0255605049020957,0.023707713257912204,0.02357512423775205,0.0001325890201601542,8.485697290249869e-05
F54,beta,10.701544652642458,2.3703880911089925,0.04016667090192515,0.040034081881764993,0.0001325890201601542,8.485697290249869e-05
F54,beta,15.107868144986861,2.7152156773158893,0.0716048318808594,0.07147224286069924,0.0001325890201601542,8.485697290249869e-05
F54,beta,21.32847988724218,3.060043263522786,0.12087003285438702,0.12073744383422687,0.0001325890201601542,8.485697290249869e-05
F54,beta,30.110406705623905,3.404870849729683,0.1954266028227048,0.19529401380254463,0.0001325890201601542,8.485697290249869e-05
F54,beta,42.5082611030518,3.749698435936578,0.33227817109542346,0.3321455820752633,0.0001325890201601542,8.485697290249869e-05
F54,beta,60.01088858317329,4.094526022143475,0.5179849742069108,0.5178523851867507,0.0001325890201601542,8.485697290249869e-05
